2025-11-09 01:44:37 [main] INFO  o.a.k.c.producer.ProducerConfig - ProducerConfig values: 
	acks = -1
	auto.include.jmx.reporter = true
	batch.size = 16384
	bootstrap.servers = [localhost:9092]
	buffer.memory = 33554432
	client.dns.lookup = use_all_dns_ips
	client.id = producer-1
	compression.type = none
	connections.max.idle.ms = 540000
	delivery.timeout.ms = 120000
	enable.idempotence = true
	interceptor.classes = []
	key.serializer = class org.apache.kafka.common.serialization.StringSerializer
	linger.ms = 0
	max.block.ms = 60000
	max.in.flight.requests.per.connection = 5
	max.request.size = 1048576
	metadata.max.age.ms = 300000
	metadata.max.idle.ms = 300000
	metric.reporters = []
	metrics.num.samples = 2
	metrics.recording.level = INFO
	metrics.sample.window.ms = 30000
	partitioner.adaptive.partitioning.enable = true
	partitioner.availability.timeout.ms = 0
	partitioner.class = null
	partitioner.ignore.keys = false
	receive.buffer.bytes = 32768
	reconnect.backoff.max.ms = 1000
	reconnect.backoff.ms = 50
	request.timeout.ms = 30000
	retries = 2147483647
	retry.backoff.ms = 100
	sasl.client.callback.handler.class = null
	sasl.jaas.config = null
	sasl.kerberos.kinit.cmd = /usr/bin/kinit
	sasl.kerberos.min.time.before.relogin = 60000
	sasl.kerberos.service.name = null
	sasl.kerberos.ticket.renew.jitter = 0.05
	sasl.kerberos.ticket.renew.window.factor = 0.8
	sasl.login.callback.handler.class = null
	sasl.login.class = null
	sasl.login.connect.timeout.ms = null
	sasl.login.read.timeout.ms = null
	sasl.login.refresh.buffer.seconds = 300
	sasl.login.refresh.min.period.seconds = 60
	sasl.login.refresh.window.factor = 0.8
	sasl.login.refresh.window.jitter = 0.05
	sasl.login.retry.backoff.max.ms = 10000
	sasl.login.retry.backoff.ms = 100
	sasl.mechanism = GSSAPI
	sasl.oauthbearer.clock.skew.seconds = 30
	sasl.oauthbearer.expected.audience = null
	sasl.oauthbearer.expected.issuer = null
	sasl.oauthbearer.jwks.endpoint.refresh.ms = 3600000
	sasl.oauthbearer.jwks.endpoint.retry.backoff.max.ms = 10000
	sasl.oauthbearer.jwks.endpoint.retry.backoff.ms = 100
	sasl.oauthbearer.jwks.endpoint.url = null
	sasl.oauthbearer.scope.claim.name = scope
	sasl.oauthbearer.sub.claim.name = sub
	sasl.oauthbearer.token.endpoint.url = null
	security.protocol = PLAINTEXT
	security.providers = null
	send.buffer.bytes = 131072
	socket.connection.setup.timeout.max.ms = 30000
	socket.connection.setup.timeout.ms = 10000
	ssl.cipher.suites = null
	ssl.enabled.protocols = [TLSv1.2, TLSv1.3]
	ssl.endpoint.identification.algorithm = https
	ssl.engine.factory.class = null
	ssl.key.password = null
	ssl.keymanager.algorithm = SunX509
	ssl.keystore.certificate.chain = null
	ssl.keystore.key = null
	ssl.keystore.location = null
	ssl.keystore.password = null
	ssl.keystore.type = JKS
	ssl.protocol = TLSv1.3
	ssl.provider = null
	ssl.secure.random.implementation = null
	ssl.trustmanager.algorithm = PKIX
	ssl.truststore.certificates = null
	ssl.truststore.location = null
	ssl.truststore.password = null
	ssl.truststore.type = JKS
	transaction.timeout.ms = 60000
	transactional.id = null
	value.serializer = class org.apache.kafka.common.serialization.StringSerializer

2025-11-09 01:44:38 [main] INFO  o.a.k.clients.producer.KafkaProducer - [Producer clientId=producer-1] Instantiated an idempotent producer.
2025-11-09 01:44:38 [main] INFO  o.a.kafka.common.utils.AppInfoParser - Kafka version: 3.5.1
2025-11-09 01:44:38 [main] INFO  o.a.kafka.common.utils.AppInfoParser - Kafka commitId: 2c6fb6c54472e90a
2025-11-09 01:44:38 [main] INFO  o.a.kafka.common.utils.AppInfoParser - Kafka startTimeMs: 1762632878101
2025-11-09 01:44:38 [kafka-producer-network-thread | producer-1] INFO  org.apache.kafka.clients.Metadata - [Producer clientId=producer-1] Cluster ID: rap-C161RluK3-dyEwJAhw
2025-11-09 01:44:38 [kafka-producer-network-thread | producer-1] INFO  o.a.k.c.p.i.TransactionManager - [Producer clientId=producer-1] ProducerId set to 0 with epoch 0
2025-11-09 01:45:05 [main] WARN  org.apache.spark.util.Utils - Your hostname, Soumyas-MacBook-Air.local resolves to a loopback address: 127.0.0.1; using 192.168.1.6 instead (on interface en0)
2025-11-09 01:45:05 [main] WARN  org.apache.spark.util.Utils - Set SPARK_LOCAL_IP if you need to bind to another address
2025-11-09 01:45:05 [main] INFO  org.apache.spark.SparkContext - Running Spark version 3.4.1
2025-11-09 01:45:05 [main] WARN  o.a.hadoop.util.NativeCodeLoader - Unable to load native-hadoop library for your platform... using builtin-java classes where applicable
2025-11-09 01:47:37 [main] WARN  org.apache.spark.util.Utils - Your hostname, Soumyas-MacBook-Air.local resolves to a loopback address: 127.0.0.1; using 192.168.1.6 instead (on interface en0)
2025-11-09 01:47:37 [main] WARN  org.apache.spark.util.Utils - Set SPARK_LOCAL_IP if you need to bind to another address
2025-11-09 01:47:37 [main] INFO  org.apache.spark.SparkContext - Running Spark version 3.4.1
2025-11-09 01:47:38 [main] WARN  o.a.hadoop.util.NativeCodeLoader - Unable to load native-hadoop library for your platform... using builtin-java classes where applicable
2025-11-09 01:48:06 [main] WARN  org.apache.spark.util.Utils - Your hostname, Soumyas-MacBook-Air.local resolves to a loopback address: 127.0.0.1; using 192.168.1.6 instead (on interface en0)
2025-11-09 01:48:06 [main] WARN  org.apache.spark.util.Utils - Set SPARK_LOCAL_IP if you need to bind to another address
2025-11-09 01:48:06 [main] INFO  org.apache.spark.SparkContext - Running Spark version 3.4.1
2025-11-09 01:48:06 [main] WARN  o.a.hadoop.util.NativeCodeLoader - Unable to load native-hadoop library for your platform... using builtin-java classes where applicable
2025-11-09 02:01:59 [main] INFO  o.a.k.c.producer.ProducerConfig - ProducerConfig values: 
	acks = -1
	auto.include.jmx.reporter = true
	batch.size = 16384
	bootstrap.servers = [localhost:9092]
	buffer.memory = 33554432
	client.dns.lookup = use_all_dns_ips
	client.id = producer-1
	compression.type = none
	connections.max.idle.ms = 540000
	delivery.timeout.ms = 120000
	enable.idempotence = true
	interceptor.classes = []
	key.serializer = class org.apache.kafka.common.serialization.StringSerializer
	linger.ms = 0
	max.block.ms = 60000
	max.in.flight.requests.per.connection = 5
	max.request.size = 1048576
	metadata.max.age.ms = 300000
	metadata.max.idle.ms = 300000
	metric.reporters = []
	metrics.num.samples = 2
	metrics.recording.level = INFO
	metrics.sample.window.ms = 30000
	partitioner.adaptive.partitioning.enable = true
	partitioner.availability.timeout.ms = 0
	partitioner.class = null
	partitioner.ignore.keys = false
	receive.buffer.bytes = 32768
	reconnect.backoff.max.ms = 1000
	reconnect.backoff.ms = 50
	request.timeout.ms = 30000
	retries = 2147483647
	retry.backoff.ms = 100
	sasl.client.callback.handler.class = null
	sasl.jaas.config = null
	sasl.kerberos.kinit.cmd = /usr/bin/kinit
	sasl.kerberos.min.time.before.relogin = 60000
	sasl.kerberos.service.name = null
	sasl.kerberos.ticket.renew.jitter = 0.05
	sasl.kerberos.ticket.renew.window.factor = 0.8
	sasl.login.callback.handler.class = null
	sasl.login.class = null
	sasl.login.connect.timeout.ms = null
	sasl.login.read.timeout.ms = null
	sasl.login.refresh.buffer.seconds = 300
	sasl.login.refresh.min.period.seconds = 60
	sasl.login.refresh.window.factor = 0.8
	sasl.login.refresh.window.jitter = 0.05
	sasl.login.retry.backoff.max.ms = 10000
	sasl.login.retry.backoff.ms = 100
	sasl.mechanism = GSSAPI
	sasl.oauthbearer.clock.skew.seconds = 30
	sasl.oauthbearer.expected.audience = null
	sasl.oauthbearer.expected.issuer = null
	sasl.oauthbearer.jwks.endpoint.refresh.ms = 3600000
	sasl.oauthbearer.jwks.endpoint.retry.backoff.max.ms = 10000
	sasl.oauthbearer.jwks.endpoint.retry.backoff.ms = 100
	sasl.oauthbearer.jwks.endpoint.url = null
	sasl.oauthbearer.scope.claim.name = scope
	sasl.oauthbearer.sub.claim.name = sub
	sasl.oauthbearer.token.endpoint.url = null
	security.protocol = PLAINTEXT
	security.providers = null
	send.buffer.bytes = 131072
	socket.connection.setup.timeout.max.ms = 30000
	socket.connection.setup.timeout.ms = 10000
	ssl.cipher.suites = null
	ssl.enabled.protocols = [TLSv1.2, TLSv1.3]
	ssl.endpoint.identification.algorithm = https
	ssl.engine.factory.class = null
	ssl.key.password = null
	ssl.keymanager.algorithm = SunX509
	ssl.keystore.certificate.chain = null
	ssl.keystore.key = null
	ssl.keystore.location = null
	ssl.keystore.password = null
	ssl.keystore.type = JKS
	ssl.protocol = TLSv1.3
	ssl.provider = null
	ssl.secure.random.implementation = null
	ssl.trustmanager.algorithm = PKIX
	ssl.truststore.certificates = null
	ssl.truststore.location = null
	ssl.truststore.password = null
	ssl.truststore.type = JKS
	transaction.timeout.ms = 60000
	transactional.id = null
	value.serializer = class org.apache.kafka.common.serialization.StringSerializer

2025-11-09 02:02:00 [main] INFO  o.a.k.clients.producer.KafkaProducer - [Producer clientId=producer-1] Instantiated an idempotent producer.
2025-11-09 02:02:00 [main] INFO  o.a.kafka.common.utils.AppInfoParser - Kafka version: 3.5.1
2025-11-09 02:02:00 [main] INFO  o.a.kafka.common.utils.AppInfoParser - Kafka commitId: 2c6fb6c54472e90a
2025-11-09 02:02:00 [main] INFO  o.a.kafka.common.utils.AppInfoParser - Kafka startTimeMs: 1762633920086
2025-11-09 02:02:00 [kafka-producer-network-thread | producer-1] INFO  org.apache.kafka.clients.Metadata - [Producer clientId=producer-1] Cluster ID: rap-C161RluK3-dyEwJAhw
2025-11-09 02:02:00 [kafka-producer-network-thread | producer-1] INFO  o.a.k.c.p.i.TransactionManager - [Producer clientId=producer-1] ProducerId set to 1 with epoch 0
2025-11-09 02:02:15 [main] WARN  org.apache.spark.util.Utils - Your hostname, Soumyas-MacBook-Air.local resolves to a loopback address: 127.0.0.1; using 192.168.1.6 instead (on interface en0)
2025-11-09 02:02:15 [main] WARN  org.apache.spark.util.Utils - Set SPARK_LOCAL_IP if you need to bind to another address
2025-11-09 02:02:15 [main] INFO  org.apache.spark.SparkContext - Running Spark version 3.4.1
2025-11-09 02:02:15 [main] WARN  o.a.hadoop.util.NativeCodeLoader - Unable to load native-hadoop library for your platform... using builtin-java classes where applicable
2025-11-09 02:04:42 [main] WARN  org.apache.spark.util.Utils - Your hostname, Soumyas-MacBook-Air.local resolves to a loopback address: 127.0.0.1; using 192.168.1.6 instead (on interface en0)
2025-11-09 02:04:42 [main] WARN  org.apache.spark.util.Utils - Set SPARK_LOCAL_IP if you need to bind to another address
2025-11-09 02:04:42 [main] INFO  org.apache.spark.SparkContext - Running Spark version 3.4.1
2025-11-09 02:04:42 [main] WARN  o.a.hadoop.util.NativeCodeLoader - Unable to load native-hadoop library for your platform... using builtin-java classes where applicable
2025-11-09 02:07:42 [main] WARN  org.apache.spark.util.Utils - Your hostname, Soumyas-MacBook-Air.local resolves to a loopback address: 127.0.0.1; using 192.168.1.6 instead (on interface en0)
2025-11-09 02:07:42 [main] WARN  org.apache.spark.util.Utils - Set SPARK_LOCAL_IP if you need to bind to another address
2025-11-09 02:07:42 [main] INFO  org.apache.spark.SparkContext - Running Spark version 3.4.1
2025-11-09 02:07:42 [main] WARN  o.a.hadoop.util.NativeCodeLoader - Unable to load native-hadoop library for your platform... using builtin-java classes where applicable
2025-11-09 02:09:35 [main] WARN  org.apache.spark.util.Utils - Your hostname, Soumyas-MacBook-Air.local resolves to a loopback address: 127.0.0.1; using 192.168.1.6 instead (on interface en0)
2025-11-09 02:09:35 [main] WARN  org.apache.spark.util.Utils - Set SPARK_LOCAL_IP if you need to bind to another address
2025-11-09 02:09:35 [main] INFO  org.apache.spark.SparkContext - Running Spark version 3.4.1
2025-11-09 02:09:35 [main] WARN  o.a.hadoop.util.NativeCodeLoader - Unable to load native-hadoop library for your platform... using builtin-java classes where applicable
2025-11-09 02:14:43 [main] INFO  o.a.k.c.producer.ProducerConfig - ProducerConfig values: 
	acks = -1
	auto.include.jmx.reporter = true
	batch.size = 16384
	bootstrap.servers = [localhost:9092]
	buffer.memory = 33554432
	client.dns.lookup = use_all_dns_ips
	client.id = producer-1
	compression.type = none
	connections.max.idle.ms = 540000
	delivery.timeout.ms = 120000
	enable.idempotence = true
	interceptor.classes = []
	key.serializer = class org.apache.kafka.common.serialization.StringSerializer
	linger.ms = 0
	max.block.ms = 60000
	max.in.flight.requests.per.connection = 5
	max.request.size = 1048576
	metadata.max.age.ms = 300000
	metadata.max.idle.ms = 300000
	metric.reporters = []
	metrics.num.samples = 2
	metrics.recording.level = INFO
	metrics.sample.window.ms = 30000
	partitioner.adaptive.partitioning.enable = true
	partitioner.availability.timeout.ms = 0
	partitioner.class = null
	partitioner.ignore.keys = false
	receive.buffer.bytes = 32768
	reconnect.backoff.max.ms = 1000
	reconnect.backoff.ms = 50
	request.timeout.ms = 30000
	retries = 2147483647
	retry.backoff.ms = 100
	sasl.client.callback.handler.class = null
	sasl.jaas.config = null
	sasl.kerberos.kinit.cmd = /usr/bin/kinit
	sasl.kerberos.min.time.before.relogin = 60000
	sasl.kerberos.service.name = null
	sasl.kerberos.ticket.renew.jitter = 0.05
	sasl.kerberos.ticket.renew.window.factor = 0.8
	sasl.login.callback.handler.class = null
	sasl.login.class = null
	sasl.login.connect.timeout.ms = null
	sasl.login.read.timeout.ms = null
	sasl.login.refresh.buffer.seconds = 300
	sasl.login.refresh.min.period.seconds = 60
	sasl.login.refresh.window.factor = 0.8
	sasl.login.refresh.window.jitter = 0.05
	sasl.login.retry.backoff.max.ms = 10000
	sasl.login.retry.backoff.ms = 100
	sasl.mechanism = GSSAPI
	sasl.oauthbearer.clock.skew.seconds = 30
	sasl.oauthbearer.expected.audience = null
	sasl.oauthbearer.expected.issuer = null
	sasl.oauthbearer.jwks.endpoint.refresh.ms = 3600000
	sasl.oauthbearer.jwks.endpoint.retry.backoff.max.ms = 10000
	sasl.oauthbearer.jwks.endpoint.retry.backoff.ms = 100
	sasl.oauthbearer.jwks.endpoint.url = null
	sasl.oauthbearer.scope.claim.name = scope
	sasl.oauthbearer.sub.claim.name = sub
	sasl.oauthbearer.token.endpoint.url = null
	security.protocol = PLAINTEXT
	security.providers = null
	send.buffer.bytes = 131072
	socket.connection.setup.timeout.max.ms = 30000
	socket.connection.setup.timeout.ms = 10000
	ssl.cipher.suites = null
	ssl.enabled.protocols = [TLSv1.2, TLSv1.3]
	ssl.endpoint.identification.algorithm = https
	ssl.engine.factory.class = null
	ssl.key.password = null
	ssl.keymanager.algorithm = SunX509
	ssl.keystore.certificate.chain = null
	ssl.keystore.key = null
	ssl.keystore.location = null
	ssl.keystore.password = null
	ssl.keystore.type = JKS
	ssl.protocol = TLSv1.3
	ssl.provider = null
	ssl.secure.random.implementation = null
	ssl.trustmanager.algorithm = PKIX
	ssl.truststore.certificates = null
	ssl.truststore.location = null
	ssl.truststore.password = null
	ssl.truststore.type = JKS
	transaction.timeout.ms = 60000
	transactional.id = null
	value.serializer = class org.apache.kafka.common.serialization.StringSerializer

2025-11-09 02:14:43 [main] INFO  o.a.k.clients.producer.KafkaProducer - [Producer clientId=producer-1] Instantiated an idempotent producer.
2025-11-09 02:14:43 [main] INFO  o.a.kafka.common.utils.AppInfoParser - Kafka version: 3.5.1
2025-11-09 02:14:43 [main] INFO  o.a.kafka.common.utils.AppInfoParser - Kafka commitId: 2c6fb6c54472e90a
2025-11-09 02:14:43 [main] INFO  o.a.kafka.common.utils.AppInfoParser - Kafka startTimeMs: 1762634683735
2025-11-09 02:14:43 [kafka-producer-network-thread | producer-1] INFO  org.apache.kafka.clients.Metadata - [Producer clientId=producer-1] Cluster ID: rap-C161RluK3-dyEwJAhw
2025-11-09 02:14:43 [kafka-producer-network-thread | producer-1] INFO  o.a.k.c.p.i.TransactionManager - [Producer clientId=producer-1] ProducerId set to 1000 with epoch 0
2025-11-09 02:15:30 [main] WARN  org.apache.spark.util.Utils - Your hostname, Soumyas-MacBook-Air.local resolves to a loopback address: 127.0.0.1; using 192.168.1.6 instead (on interface en0)
2025-11-09 02:15:30 [main] WARN  org.apache.spark.util.Utils - Set SPARK_LOCAL_IP if you need to bind to another address
2025-11-09 02:15:31 [main] INFO  org.apache.spark.SparkContext - Running Spark version 3.4.1
2025-11-09 02:15:31 [main] WARN  o.a.hadoop.util.NativeCodeLoader - Unable to load native-hadoop library for your platform... using builtin-java classes where applicable
2025-11-09 02:15:57 [main] WARN  org.apache.spark.util.Utils - Your hostname, Soumyas-MacBook-Air.local resolves to a loopback address: 127.0.0.1; using 192.168.1.6 instead (on interface en0)
2025-11-09 02:15:57 [main] WARN  org.apache.spark.util.Utils - Set SPARK_LOCAL_IP if you need to bind to another address
2025-11-09 02:15:57 [main] INFO  org.apache.spark.SparkContext - Running Spark version 3.4.1
2025-11-09 02:15:57 [main] WARN  o.a.hadoop.util.NativeCodeLoader - Unable to load native-hadoop library for your platform... using builtin-java classes where applicable
2025-11-09 02:19:36 [main] WARN  org.apache.spark.util.Utils - Your hostname, Soumyas-MacBook-Air.local resolves to a loopback address: 127.0.0.1; using 192.168.1.6 instead (on interface en0)
2025-11-09 02:19:36 [main] WARN  org.apache.spark.util.Utils - Set SPARK_LOCAL_IP if you need to bind to another address
2025-11-09 02:19:36 [main] INFO  org.apache.spark.SparkContext - Running Spark version 3.4.1
2025-11-09 02:19:36 [main] WARN  o.a.hadoop.util.NativeCodeLoader - Unable to load native-hadoop library for your platform... using builtin-java classes where applicable
2025-11-09 02:22:15 [main] WARN  org.apache.spark.util.Utils - Your hostname, Soumyas-MacBook-Air.local resolves to a loopback address: 127.0.0.1; using 192.168.1.6 instead (on interface en0)
2025-11-09 02:22:15 [main] WARN  org.apache.spark.util.Utils - Set SPARK_LOCAL_IP if you need to bind to another address
2025-11-09 02:22:15 [main] INFO  org.apache.spark.SparkContext - Running Spark version 3.4.1
2025-11-09 02:22:15 [main] WARN  o.a.hadoop.util.NativeCodeLoader - Unable to load native-hadoop library for your platform... using builtin-java classes where applicable
2025-11-09 02:28:33 [main] WARN  org.apache.spark.util.Utils - Your hostname, Soumyas-MacBook-Air.local resolves to a loopback address: 127.0.0.1; using 192.168.1.6 instead (on interface en0)
2025-11-09 02:28:33 [main] WARN  org.apache.spark.util.Utils - Set SPARK_LOCAL_IP if you need to bind to another address
2025-11-09 02:28:33 [main] INFO  org.apache.spark.SparkContext - Running Spark version 3.4.1
2025-11-09 02:28:33 [main] WARN  o.a.hadoop.util.NativeCodeLoader - Unable to load native-hadoop library for your platform... using builtin-java classes where applicable
2025-11-09 02:31:28 [main] WARN  org.apache.spark.util.Utils - Your hostname, Soumyas-MacBook-Air.local resolves to a loopback address: 127.0.0.1; using 192.168.1.6 instead (on interface en0)
2025-11-09 02:31:28 [main] WARN  org.apache.spark.util.Utils - Set SPARK_LOCAL_IP if you need to bind to another address
2025-11-09 02:31:28 [main] INFO  org.apache.spark.SparkContext - Running Spark version 3.4.1
2025-11-09 02:31:29 [main] WARN  o.a.hadoop.util.NativeCodeLoader - Unable to load native-hadoop library for your platform... using builtin-java classes where applicable
2025-11-09 02:31:45 [main] WARN  org.apache.spark.util.Utils - Your hostname, Soumyas-MacBook-Air.local resolves to a loopback address: 127.0.0.1; using 192.168.1.6 instead (on interface en0)
2025-11-09 02:31:45 [main] WARN  org.apache.spark.util.Utils - Set SPARK_LOCAL_IP if you need to bind to another address
2025-11-09 02:31:45 [main] INFO  org.apache.spark.SparkContext - Running Spark version 3.4.1
2025-11-09 02:31:45 [main] WARN  o.a.hadoop.util.NativeCodeLoader - Unable to load native-hadoop library for your platform... using builtin-java classes where applicable
2025-11-09 02:31:46 [main] INFO  o.a.spark.resource.ResourceUtils - ==============================================================
2025-11-09 02:31:46 [main] INFO  o.a.spark.resource.ResourceUtils - No custom resources configured for spark.driver.
2025-11-09 02:31:46 [main] INFO  o.a.spark.resource.ResourceUtils - ==============================================================
2025-11-09 02:31:46 [main] INFO  org.apache.spark.SparkContext - Submitted application: FraudDetection
2025-11-09 02:31:46 [main] INFO  o.a.spark.resource.ResourceProfile - Default ResourceProfile created, executor resources: Map(cores -> name: cores, amount: 1, script: , vendor: , memory -> name: memory, amount: 1024, script: , vendor: , offHeap -> name: offHeap, amount: 0, script: , vendor: ), task resources: Map(cpus -> name: cpus, amount: 1.0)
2025-11-09 02:31:46 [main] INFO  o.a.spark.resource.ResourceProfile - Limiting resource is cpu
2025-11-09 02:31:46 [main] INFO  o.a.s.r.ResourceProfileManager - Added ResourceProfile id: 0
2025-11-09 02:31:46 [main] INFO  org.apache.spark.SecurityManager - Changing view acls to: soumyagupta
2025-11-09 02:31:46 [main] INFO  org.apache.spark.SecurityManager - Changing modify acls to: soumyagupta
2025-11-09 02:31:46 [main] INFO  org.apache.spark.SecurityManager - Changing view acls groups to: 
2025-11-09 02:31:46 [main] INFO  org.apache.spark.SecurityManager - Changing modify acls groups to: 
2025-11-09 02:31:46 [main] INFO  org.apache.spark.SecurityManager - SecurityManager: authentication disabled; ui acls disabled; users with view permissions: soumyagupta; groups with view permissions: EMPTY; users with modify permissions: soumyagupta; groups with modify permissions: EMPTY
2025-11-09 02:31:46 [main] INFO  org.apache.spark.util.Utils - Successfully started service 'sparkDriver' on port 51004.
2025-11-09 02:31:46 [main] INFO  org.apache.spark.SparkEnv - Registering MapOutputTracker
2025-11-09 02:31:46 [main] INFO  org.apache.spark.SparkEnv - Registering BlockManagerMaster
2025-11-09 02:31:46 [main] INFO  o.a.s.s.BlockManagerMasterEndpoint - Using org.apache.spark.storage.DefaultTopologyMapper for getting topology information
2025-11-09 02:31:46 [main] INFO  o.a.s.s.BlockManagerMasterEndpoint - BlockManagerMasterEndpoint up
2025-11-09 02:31:46 [main] INFO  org.apache.spark.SparkEnv - Registering BlockManagerMasterHeartbeat
2025-11-09 02:31:46 [main] INFO  o.a.spark.storage.DiskBlockManager - Created local directory at /private/var/folders/d1/0lfypfw93vx8vhhstp40dlv40000gn/T/blockmgr-9b2c5474-cfff-4311-9a1e-81650f3f495c
2025-11-09 02:31:46 [main] INFO  o.a.spark.storage.memory.MemoryStore - MemoryStore started with capacity 1048.8 MiB
2025-11-09 02:31:46 [main] INFO  org.apache.spark.SparkEnv - Registering OutputCommitCoordinator
2025-11-09 02:31:46 [main] INFO  org.sparkproject.jetty.util.log - Logging initialized @1053ms to org.sparkproject.jetty.util.log.Slf4jLog
2025-11-09 02:31:46 [main] INFO  org.apache.spark.ui.JettyUtils - Start Jetty 0.0.0.0:4040 for SparkUI
2025-11-09 02:31:46 [main] INFO  o.sparkproject.jetty.server.Server - jetty-9.4.50.v20221201; built: 2022-12-01T22:07:03.915Z; git: da9a0b30691a45daf90a9f17b5defa2f1434f882; jvm 11.0.29+0
2025-11-09 02:31:46 [main] INFO  o.sparkproject.jetty.server.Server - Started @1112ms
2025-11-09 02:31:46 [main] INFO  o.s.jetty.server.AbstractConnector - Started ServerConnector@36eb41dc{HTTP/1.1, (http/1.1)}{0.0.0.0:4040}
2025-11-09 02:31:46 [main] INFO  org.apache.spark.util.Utils - Successfully started service 'SparkUI' on port 4040.
2025-11-09 02:31:46 [main] INFO  o.s.j.server.handler.ContextHandler - Started o.s.j.s.ServletContextHandler@3374b5bc{/,null,AVAILABLE,@Spark}
2025-11-09 02:31:46 [main] INFO  org.apache.spark.executor.Executor - Starting executor ID driver on host 192.168.1.6
2025-11-09 02:31:46 [main] INFO  org.apache.spark.executor.Executor - Starting executor with user classpath (userClassPathFirst = false): ''
2025-11-09 02:31:46 [main] INFO  org.apache.spark.util.Utils - Successfully started service 'org.apache.spark.network.netty.NettyBlockTransferService' on port 51005.
2025-11-09 02:31:46 [main] INFO  o.a.s.n.n.NettyBlockTransferService - Server created on 127.0.0.1:51005
2025-11-09 02:31:46 [main] INFO  o.apache.spark.storage.BlockManager - Using org.apache.spark.storage.RandomBlockReplicationPolicy for block replication policy
2025-11-09 02:31:46 [main] INFO  o.a.spark.storage.BlockManagerMaster - Registering BlockManager BlockManagerId(driver, 127.0.0.1, 51005, None)
2025-11-09 02:31:46 [dispatcher-BlockManagerMaster] INFO  o.a.s.s.BlockManagerMasterEndpoint - Registering block manager 127.0.0.1:51005 with 1048.8 MiB RAM, BlockManagerId(driver, 127.0.0.1, 51005, None)
2025-11-09 02:31:46 [main] INFO  o.a.spark.storage.BlockManagerMaster - Registered BlockManager BlockManagerId(driver, 127.0.0.1, 51005, None)
2025-11-09 02:31:46 [main] INFO  o.apache.spark.storage.BlockManager - Initialized BlockManager: BlockManagerId(driver, 127.0.0.1, 51005, None)
2025-11-09 02:31:46 [main] INFO  o.s.j.server.handler.ContextHandler - Stopped o.s.j.s.ServletContextHandler@3374b5bc{/,null,STOPPED,@Spark}
2025-11-09 02:31:46 [main] INFO  o.s.j.server.handler.ContextHandler - Started o.s.j.s.ServletContextHandler@62a68bcb{/jobs,null,AVAILABLE,@Spark}
2025-11-09 02:31:46 [main] INFO  o.s.j.server.handler.ContextHandler - Started o.s.j.s.ServletContextHandler@14924f41{/jobs/json,null,AVAILABLE,@Spark}
2025-11-09 02:31:46 [main] INFO  o.s.j.server.handler.ContextHandler - Started o.s.j.s.ServletContextHandler@430b2699{/jobs/job,null,AVAILABLE,@Spark}
2025-11-09 02:31:46 [main] INFO  o.s.j.server.handler.ContextHandler - Started o.s.j.s.ServletContextHandler@6413d7e7{/jobs/job/json,null,AVAILABLE,@Spark}
2025-11-09 02:31:46 [main] INFO  o.s.j.server.handler.ContextHandler - Started o.s.j.s.ServletContextHandler@17b37e9a{/stages,null,AVAILABLE,@Spark}
2025-11-09 02:31:46 [main] INFO  o.s.j.server.handler.ContextHandler - Started o.s.j.s.ServletContextHandler@111d5c97{/stages/json,null,AVAILABLE,@Spark}
2025-11-09 02:31:46 [main] INFO  o.s.j.server.handler.ContextHandler - Started o.s.j.s.ServletContextHandler@3e1fd62b{/stages/stage,null,AVAILABLE,@Spark}
2025-11-09 02:31:46 [main] INFO  o.s.j.server.handler.ContextHandler - Started o.s.j.s.ServletContextHandler@558b4942{/stages/stage/json,null,AVAILABLE,@Spark}
2025-11-09 02:31:46 [main] INFO  o.s.j.server.handler.ContextHandler - Started o.s.j.s.ServletContextHandler@70025b99{/stages/pool,null,AVAILABLE,@Spark}
2025-11-09 02:31:46 [main] INFO  o.s.j.server.handler.ContextHandler - Started o.s.j.s.ServletContextHandler@7134b8a7{/stages/pool/json,null,AVAILABLE,@Spark}
2025-11-09 02:31:46 [main] INFO  o.s.j.server.handler.ContextHandler - Started o.s.j.s.ServletContextHandler@40de8f93{/storage,null,AVAILABLE,@Spark}
2025-11-09 02:31:46 [main] INFO  o.s.j.server.handler.ContextHandler - Started o.s.j.s.ServletContextHandler@3b55dd15{/storage/json,null,AVAILABLE,@Spark}
2025-11-09 02:31:46 [main] INFO  o.s.j.server.handler.ContextHandler - Started o.s.j.s.ServletContextHandler@3ba3d4b6{/storage/rdd,null,AVAILABLE,@Spark}
2025-11-09 02:31:46 [main] INFO  o.s.j.server.handler.ContextHandler - Started o.s.j.s.ServletContextHandler@441fbe89{/storage/rdd/json,null,AVAILABLE,@Spark}
2025-11-09 02:31:46 [main] INFO  o.s.j.server.handler.ContextHandler - Started o.s.j.s.ServletContextHandler@45ab3bdd{/environment,null,AVAILABLE,@Spark}
2025-11-09 02:31:46 [main] INFO  o.s.j.server.handler.ContextHandler - Started o.s.j.s.ServletContextHandler@1642eeae{/environment/json,null,AVAILABLE,@Spark}
2025-11-09 02:31:46 [main] INFO  o.s.j.server.handler.ContextHandler - Started o.s.j.s.ServletContextHandler@28a9494b{/executors,null,AVAILABLE,@Spark}
2025-11-09 02:31:46 [main] INFO  o.s.j.server.handler.ContextHandler - Started o.s.j.s.ServletContextHandler@1163a27{/executors/json,null,AVAILABLE,@Spark}
2025-11-09 02:31:46 [main] INFO  o.s.j.server.handler.ContextHandler - Started o.s.j.s.ServletContextHandler@502a4156{/executors/threadDump,null,AVAILABLE,@Spark}
2025-11-09 02:31:46 [main] INFO  o.s.j.server.handler.ContextHandler - Started o.s.j.s.ServletContextHandler@64e1377c{/executors/threadDump/json,null,AVAILABLE,@Spark}
2025-11-09 02:31:46 [main] INFO  o.s.j.server.handler.ContextHandler - Started o.s.j.s.ServletContextHandler@92d1782{/static,null,AVAILABLE,@Spark}
2025-11-09 02:31:46 [main] INFO  o.s.j.server.handler.ContextHandler - Started o.s.j.s.ServletContextHandler@27a09971{/,null,AVAILABLE,@Spark}
2025-11-09 02:31:46 [main] INFO  o.s.j.server.handler.ContextHandler - Started o.s.j.s.ServletContextHandler@46dcbeab{/api,null,AVAILABLE,@Spark}
2025-11-09 02:31:46 [main] INFO  o.s.j.server.handler.ContextHandler - Started o.s.j.s.ServletContextHandler@1b410308{/jobs/job/kill,null,AVAILABLE,@Spark}
2025-11-09 02:31:46 [main] INFO  o.s.j.server.handler.ContextHandler - Started o.s.j.s.ServletContextHandler@f9cab00{/stages/stage/kill,null,AVAILABLE,@Spark}
2025-11-09 02:31:46 [main] INFO  o.s.j.server.handler.ContextHandler - Started o.s.j.s.ServletContextHandler@60e06f7d{/metrics/json,null,AVAILABLE,@Spark}
2025-11-09 02:31:46 [main] INFO  o.a.spark.sql.internal.SharedState - Setting hive.metastore.warehouse.dir ('null') to the value of spark.sql.warehouse.dir.
2025-11-09 02:31:46 [main] INFO  o.a.spark.sql.internal.SharedState - Warehouse path is 'file:/Users/soumyagupta/IdeaProjects/fraud-detection/spark-warehouse'.
2025-11-09 02:31:46 [main] INFO  o.s.j.server.handler.ContextHandler - Started o.s.j.s.ServletContextHandler@685f5d0d{/SQL,null,AVAILABLE,@Spark}
2025-11-09 02:31:46 [main] INFO  o.s.j.server.handler.ContextHandler - Started o.s.j.s.ServletContextHandler@3e28d779{/SQL/json,null,AVAILABLE,@Spark}
2025-11-09 02:31:46 [main] INFO  o.s.j.server.handler.ContextHandler - Started o.s.j.s.ServletContextHandler@5d9618f2{/SQL/execution,null,AVAILABLE,@Spark}
2025-11-09 02:31:46 [main] INFO  o.s.j.server.handler.ContextHandler - Started o.s.j.s.ServletContextHandler@13cc0b90{/SQL/execution/json,null,AVAILABLE,@Spark}
2025-11-09 02:31:46 [main] INFO  o.s.j.server.handler.ContextHandler - Started o.s.j.s.ServletContextHandler@20a24edf{/static/sql,null,AVAILABLE,@Spark}
2025-11-09 02:31:48 [main] INFO  o.a.s.s.e.s.s.StateStoreCoordinatorRef - Registered StateStoreCoordinator endpoint
2025-11-09 02:31:48 [main] INFO  o.s.j.server.handler.ContextHandler - Started o.s.j.s.ServletContextHandler@1b5623b4{/StreamingQuery,null,AVAILABLE,@Spark}
2025-11-09 02:31:48 [main] INFO  o.s.j.server.handler.ContextHandler - Started o.s.j.s.ServletContextHandler@33563147{/StreamingQuery/json,null,AVAILABLE,@Spark}
2025-11-09 02:31:48 [main] INFO  o.s.j.server.handler.ContextHandler - Started o.s.j.s.ServletContextHandler@261b6c8c{/StreamingQuery/statistics,null,AVAILABLE,@Spark}
2025-11-09 02:31:48 [main] INFO  o.s.j.server.handler.ContextHandler - Started o.s.j.s.ServletContextHandler@3516f436{/StreamingQuery/statistics/json,null,AVAILABLE,@Spark}
2025-11-09 02:31:48 [main] INFO  o.s.j.server.handler.ContextHandler - Started o.s.j.s.ServletContextHandler@39a9becc{/static/sql,null,AVAILABLE,@Spark}
2025-11-09 02:31:48 [main] WARN  o.a.s.s.e.s.ResolveWriteToStream - Temporary checkpoint location created which is deleted normally when the query didn't fail: /private/var/folders/d1/0lfypfw93vx8vhhstp40dlv40000gn/T/temporary-09eb7fac-7e21-41a9-8d3f-1f8a63e42355. If it's required to delete it under any circumstances, please set spark.sql.streaming.forceDeleteTempCheckpointLocation to true. Important to know deleting temp checkpoint folder is best effort.
2025-11-09 02:31:48 [main] INFO  o.a.s.s.e.s.ResolveWriteToStream - Checkpoint root /private/var/folders/d1/0lfypfw93vx8vhhstp40dlv40000gn/T/temporary-09eb7fac-7e21-41a9-8d3f-1f8a63e42355 resolved to file:/private/var/folders/d1/0lfypfw93vx8vhhstp40dlv40000gn/T/temporary-09eb7fac-7e21-41a9-8d3f-1f8a63e42355.
2025-11-09 02:31:48 [main] WARN  o.a.s.s.e.s.ResolveWriteToStream - spark.sql.adaptive.enabled is not supported in streaming DataFrames/Datasets and will be disabled.
2025-11-09 02:31:48 [main] INFO  o.a.s.s.e.s.CheckpointFileManager - Writing atomically to file:/private/var/folders/d1/0lfypfw93vx8vhhstp40dlv40000gn/T/temporary-09eb7fac-7e21-41a9-8d3f-1f8a63e42355/metadata using temp file file:/private/var/folders/d1/0lfypfw93vx8vhhstp40dlv40000gn/T/temporary-09eb7fac-7e21-41a9-8d3f-1f8a63e42355/.metadata.1e1a97bb-2cea-4a3d-841a-8e31f14aed91.tmp
2025-11-09 02:31:48 [main] INFO  o.a.s.s.e.s.CheckpointFileManager - Renamed temp file file:/private/var/folders/d1/0lfypfw93vx8vhhstp40dlv40000gn/T/temporary-09eb7fac-7e21-41a9-8d3f-1f8a63e42355/.metadata.1e1a97bb-2cea-4a3d-841a-8e31f14aed91.tmp to file:/private/var/folders/d1/0lfypfw93vx8vhhstp40dlv40000gn/T/temporary-09eb7fac-7e21-41a9-8d3f-1f8a63e42355/metadata
2025-11-09 02:31:48 [main] INFO  o.a.s.s.e.s.MicroBatchExecution - Starting [id = c36238f1-e9ec-4e04-b1fa-f1f51448219e, runId = a96a83c7-7841-460e-b3b1-8dcba47d288b]. Use file:/private/var/folders/d1/0lfypfw93vx8vhhstp40dlv40000gn/T/temporary-09eb7fac-7e21-41a9-8d3f-1f8a63e42355 to store the query checkpoint.
2025-11-09 02:31:48 [stream execution thread for [id = c36238f1-e9ec-4e04-b1fa-f1f51448219e, runId = a96a83c7-7841-460e-b3b1-8dcba47d288b]] INFO  o.a.s.s.e.s.MicroBatchExecution - Reading table [org.apache.spark.sql.kafka010.KafkaSourceProvider$KafkaTable@52e62f25] from DataSourceV2 named 'kafka' [org.apache.spark.sql.kafka010.KafkaSourceProvider@5095199e]
2025-11-09 02:31:48 [stream execution thread for [id = c36238f1-e9ec-4e04-b1fa-f1f51448219e, runId = a96a83c7-7841-460e-b3b1-8dcba47d288b]] INFO  o.a.s.s.e.streaming.OffsetSeqLog - BatchIds found from listing: 
2025-11-09 02:31:48 [stream execution thread for [id = c36238f1-e9ec-4e04-b1fa-f1f51448219e, runId = a96a83c7-7841-460e-b3b1-8dcba47d288b]] INFO  o.a.s.s.e.streaming.OffsetSeqLog - BatchIds found from listing: 
2025-11-09 02:31:48 [stream execution thread for [id = c36238f1-e9ec-4e04-b1fa-f1f51448219e, runId = a96a83c7-7841-460e-b3b1-8dcba47d288b]] INFO  o.a.s.s.e.s.MicroBatchExecution - Starting new streaming query.
2025-11-09 02:31:48 [stream execution thread for [id = c36238f1-e9ec-4e04-b1fa-f1f51448219e, runId = a96a83c7-7841-460e-b3b1-8dcba47d288b]] INFO  o.a.s.s.e.s.MicroBatchExecution - Stream started from {}
2025-11-09 02:31:48 [stream execution thread for [id = c36238f1-e9ec-4e04-b1fa-f1f51448219e, runId = a96a83c7-7841-460e-b3b1-8dcba47d288b]] INFO  o.a.k.c.admin.AdminClientConfig - AdminClientConfig values: 
	auto.include.jmx.reporter = true
	bootstrap.servers = [localhost:9092]
	client.dns.lookup = use_all_dns_ips
	client.id = 
	connections.max.idle.ms = 300000
	default.api.timeout.ms = 60000
	metadata.max.age.ms = 300000
	metric.reporters = []
	metrics.num.samples = 2
	metrics.recording.level = INFO
	metrics.sample.window.ms = 30000
	receive.buffer.bytes = 65536
	reconnect.backoff.max.ms = 1000
	reconnect.backoff.ms = 50
	request.timeout.ms = 30000
	retries = 2147483647
	retry.backoff.ms = 100
	sasl.client.callback.handler.class = null
	sasl.jaas.config = [hidden]
	sasl.kerberos.kinit.cmd = /usr/bin/kinit
	sasl.kerberos.min.time.before.relogin = 60000
	sasl.kerberos.service.name = null
	sasl.kerberos.ticket.renew.jitter = 0.05
	sasl.kerberos.ticket.renew.window.factor = 0.8
	sasl.login.callback.handler.class = null
	sasl.login.class = null
	sasl.login.connect.timeout.ms = null
	sasl.login.read.timeout.ms = null
	sasl.login.refresh.buffer.seconds = 300
	sasl.login.refresh.min.period.seconds = 60
	sasl.login.refresh.window.factor = 0.8
	sasl.login.refresh.window.jitter = 0.05
	sasl.login.retry.backoff.max.ms = 10000
	sasl.login.retry.backoff.ms = 100
	sasl.mechanism = PLAIN
	sasl.oauthbearer.clock.skew.seconds = 30
	sasl.oauthbearer.expected.audience = null
	sasl.oauthbearer.expected.issuer = null
	sasl.oauthbearer.jwks.endpoint.refresh.ms = 3600000
	sasl.oauthbearer.jwks.endpoint.retry.backoff.max.ms = 10000
	sasl.oauthbearer.jwks.endpoint.retry.backoff.ms = 100
	sasl.oauthbearer.jwks.endpoint.url = null
	sasl.oauthbearer.scope.claim.name = scope
	sasl.oauthbearer.sub.claim.name = sub
	sasl.oauthbearer.token.endpoint.url = null
	security.protocol = PLAINTEXT
	security.providers = null
	send.buffer.bytes = 131072
	socket.connection.setup.timeout.max.ms = 30000
	socket.connection.setup.timeout.ms = 10000
	ssl.cipher.suites = null
	ssl.enabled.protocols = [TLSv1.2, TLSv1.3]
	ssl.endpoint.identification.algorithm = https
	ssl.engine.factory.class = null
	ssl.key.password = null
	ssl.keymanager.algorithm = SunX509
	ssl.keystore.certificate.chain = null
	ssl.keystore.key = null
	ssl.keystore.location = null
	ssl.keystore.password = null
	ssl.keystore.type = JKS
	ssl.protocol = TLSv1.3
	ssl.provider = null
	ssl.secure.random.implementation = null
	ssl.trustmanager.algorithm = PKIX
	ssl.truststore.certificates = null
	ssl.truststore.location = null
	ssl.truststore.password = null
	ssl.truststore.type = JKS

2025-11-09 02:31:48 [stream execution thread for [id = c36238f1-e9ec-4e04-b1fa-f1f51448219e, runId = a96a83c7-7841-460e-b3b1-8dcba47d288b]] INFO  o.a.k.c.admin.AdminClientConfig - These configurations '[key.deserializer, value.deserializer, enable.auto.commit, max.poll.records, sasl.jaas.config, auto.offset.reset]' were supplied but are not used yet.
2025-11-09 02:31:48 [stream execution thread for [id = c36238f1-e9ec-4e04-b1fa-f1f51448219e, runId = a96a83c7-7841-460e-b3b1-8dcba47d288b]] INFO  o.a.kafka.common.utils.AppInfoParser - Kafka version: 3.5.1
2025-11-09 02:31:48 [stream execution thread for [id = c36238f1-e9ec-4e04-b1fa-f1f51448219e, runId = a96a83c7-7841-460e-b3b1-8dcba47d288b]] INFO  o.a.kafka.common.utils.AppInfoParser - Kafka commitId: 2c6fb6c54472e90a
2025-11-09 02:31:48 [stream execution thread for [id = c36238f1-e9ec-4e04-b1fa-f1f51448219e, runId = a96a83c7-7841-460e-b3b1-8dcba47d288b]] INFO  o.a.kafka.common.utils.AppInfoParser - Kafka startTimeMs: 1762635708804
2025-11-09 02:32:33 [main] INFO  o.a.k.c.producer.ProducerConfig - ProducerConfig values: 
	acks = -1
	auto.include.jmx.reporter = true
	batch.size = 16384
	bootstrap.servers = [localhost:9092]
	buffer.memory = 33554432
	client.dns.lookup = use_all_dns_ips
	client.id = producer-1
	compression.type = none
	connections.max.idle.ms = 540000
	delivery.timeout.ms = 120000
	enable.idempotence = true
	interceptor.classes = []
	key.serializer = class org.apache.kafka.common.serialization.StringSerializer
	linger.ms = 0
	max.block.ms = 60000
	max.in.flight.requests.per.connection = 5
	max.request.size = 1048576
	metadata.max.age.ms = 300000
	metadata.max.idle.ms = 300000
	metric.reporters = []
	metrics.num.samples = 2
	metrics.recording.level = INFO
	metrics.sample.window.ms = 30000
	partitioner.adaptive.partitioning.enable = true
	partitioner.availability.timeout.ms = 0
	partitioner.class = null
	partitioner.ignore.keys = false
	receive.buffer.bytes = 32768
	reconnect.backoff.max.ms = 1000
	reconnect.backoff.ms = 50
	request.timeout.ms = 30000
	retries = 2147483647
	retry.backoff.ms = 100
	sasl.client.callback.handler.class = null
	sasl.jaas.config = null
	sasl.kerberos.kinit.cmd = /usr/bin/kinit
	sasl.kerberos.min.time.before.relogin = 60000
	sasl.kerberos.service.name = null
	sasl.kerberos.ticket.renew.jitter = 0.05
	sasl.kerberos.ticket.renew.window.factor = 0.8
	sasl.login.callback.handler.class = null
	sasl.login.class = null
	sasl.login.connect.timeout.ms = null
	sasl.login.read.timeout.ms = null
	sasl.login.refresh.buffer.seconds = 300
	sasl.login.refresh.min.period.seconds = 60
	sasl.login.refresh.window.factor = 0.8
	sasl.login.refresh.window.jitter = 0.05
	sasl.login.retry.backoff.max.ms = 10000
	sasl.login.retry.backoff.ms = 100
	sasl.mechanism = GSSAPI
	sasl.oauthbearer.clock.skew.seconds = 30
	sasl.oauthbearer.expected.audience = null
	sasl.oauthbearer.expected.issuer = null
	sasl.oauthbearer.jwks.endpoint.refresh.ms = 3600000
	sasl.oauthbearer.jwks.endpoint.retry.backoff.max.ms = 10000
	sasl.oauthbearer.jwks.endpoint.retry.backoff.ms = 100
	sasl.oauthbearer.jwks.endpoint.url = null
	sasl.oauthbearer.scope.claim.name = scope
	sasl.oauthbearer.sub.claim.name = sub
	sasl.oauthbearer.token.endpoint.url = null
	security.protocol = PLAINTEXT
	security.providers = null
	send.buffer.bytes = 131072
	socket.connection.setup.timeout.max.ms = 30000
	socket.connection.setup.timeout.ms = 10000
	ssl.cipher.suites = null
	ssl.enabled.protocols = [TLSv1.2, TLSv1.3]
	ssl.endpoint.identification.algorithm = https
	ssl.engine.factory.class = null
	ssl.key.password = null
	ssl.keymanager.algorithm = SunX509
	ssl.keystore.certificate.chain = null
	ssl.keystore.key = null
	ssl.keystore.location = null
	ssl.keystore.password = null
	ssl.keystore.type = JKS
	ssl.protocol = TLSv1.3
	ssl.provider = null
	ssl.secure.random.implementation = null
	ssl.trustmanager.algorithm = PKIX
	ssl.truststore.certificates = null
	ssl.truststore.location = null
	ssl.truststore.password = null
	ssl.truststore.type = JKS
	transaction.timeout.ms = 60000
	transactional.id = null
	value.serializer = class org.apache.kafka.common.serialization.StringSerializer

2025-11-09 02:32:33 [main] INFO  o.a.k.clients.producer.KafkaProducer - [Producer clientId=producer-1] Instantiated an idempotent producer.
2025-11-09 02:32:33 [main] INFO  o.a.kafka.common.utils.AppInfoParser - Kafka version: 3.5.1
2025-11-09 02:32:33 [main] INFO  o.a.kafka.common.utils.AppInfoParser - Kafka commitId: 2c6fb6c54472e90a
2025-11-09 02:32:33 [main] INFO  o.a.kafka.common.utils.AppInfoParser - Kafka startTimeMs: 1762635753297
2025-11-09 02:32:33 [kafka-producer-network-thread | producer-1] INFO  org.apache.kafka.clients.Metadata - [Producer clientId=producer-1] Cluster ID: rap-C161RluK3-dyEwJAhw
2025-11-09 02:32:33 [kafka-producer-network-thread | producer-1] INFO  o.a.k.c.p.i.TransactionManager - [Producer clientId=producer-1] ProducerId set to 1001 with epoch 0
2025-11-09 02:32:49 [stream execution thread for [id = c36238f1-e9ec-4e04-b1fa-f1f51448219e, runId = a96a83c7-7841-460e-b3b1-8dcba47d288b]] WARN  o.a.s.s.k.KafkaOffsetReaderAdmin - Error in attempt 1 getting Kafka offsets: 
java.util.concurrent.ExecutionException: org.apache.kafka.common.errors.TimeoutException: Timed out waiting for a node assignment. Call: metadata
	at java.base/java.util.concurrent.CompletableFuture.reportGet(CompletableFuture.java:395)
	at java.base/java.util.concurrent.CompletableFuture.get(CompletableFuture.java:2005)
	at org.apache.kafka.common.internals.KafkaFutureImpl.get(KafkaFutureImpl.java:165)
	at org.apache.spark.sql.kafka010.KafkaOffsetReaderAdmin.listOffsets(KafkaOffsetReaderAdmin.scala:88)
	at org.apache.spark.sql.kafka010.KafkaOffsetReaderAdmin.$anonfun$fetchLatestOffsets$1(KafkaOffsetReaderAdmin.scala:300)
	at org.apache.spark.sql.kafka010.KafkaOffsetReaderAdmin.$anonfun$partitionsAssignedToAdmin$1(KafkaOffsetReaderAdmin.scala:501)
	at org.apache.spark.sql.kafka010.KafkaOffsetReaderAdmin.withRetries(KafkaOffsetReaderAdmin.scala:518)
	at org.apache.spark.sql.kafka010.KafkaOffsetReaderAdmin.partitionsAssignedToAdmin(KafkaOffsetReaderAdmin.scala:498)
	at org.apache.spark.sql.kafka010.KafkaOffsetReaderAdmin.fetchLatestOffsets(KafkaOffsetReaderAdmin.scala:297)
	at org.apache.spark.sql.kafka010.KafkaMicroBatchStream.$anonfun$getOrCreateInitialPartitionOffsets$1(KafkaMicroBatchStream.scala:251)
	at scala.Option.getOrElse(Option.scala:189)
	at org.apache.spark.sql.kafka010.KafkaMicroBatchStream.getOrCreateInitialPartitionOffsets(KafkaMicroBatchStream.scala:246)
	at org.apache.spark.sql.kafka010.KafkaMicroBatchStream.initialOffset(KafkaMicroBatchStream.scala:98)
	at org.apache.spark.sql.execution.streaming.MicroBatchExecution.$anonfun$getStartOffset$2(MicroBatchExecution.scala:455)
	at scala.Option.getOrElse(Option.scala:189)
	at org.apache.spark.sql.execution.streaming.MicroBatchExecution.getStartOffset(MicroBatchExecution.scala:455)
	at org.apache.spark.sql.execution.streaming.MicroBatchExecution.$anonfun$constructNextBatch$4(MicroBatchExecution.scala:489)
	at org.apache.spark.sql.execution.streaming.ProgressReporter.reportTimeTaken(ProgressReporter.scala:411)
	at org.apache.spark.sql.execution.streaming.ProgressReporter.reportTimeTaken$(ProgressReporter.scala:409)
	at org.apache.spark.sql.execution.streaming.StreamExecution.reportTimeTaken(StreamExecution.scala:67)
	at org.apache.spark.sql.execution.streaming.MicroBatchExecution.$anonfun$constructNextBatch$2(MicroBatchExecution.scala:488)
	at scala.collection.TraversableLike.$anonfun$map$1(TraversableLike.scala:286)
	at scala.collection.Iterator.foreach(Iterator.scala:943)
	at scala.collection.Iterator.foreach$(Iterator.scala:943)
	at scala.collection.AbstractIterator.foreach(Iterator.scala:1431)
	at scala.collection.IterableLike.foreach(IterableLike.scala:74)
	at scala.collection.IterableLike.foreach$(IterableLike.scala:73)
	at scala.collection.AbstractIterable.foreach(Iterable.scala:56)
	at scala.collection.TraversableLike.map(TraversableLike.scala:286)
	at scala.collection.TraversableLike.map$(TraversableLike.scala:279)
	at scala.collection.AbstractTraversable.map(Traversable.scala:108)
	at org.apache.spark.sql.execution.streaming.MicroBatchExecution.$anonfun$constructNextBatch$1(MicroBatchExecution.scala:477)
	at scala.runtime.java8.JFunction0$mcZ$sp.apply(JFunction0$mcZ$sp.java:23)
	at org.apache.spark.sql.execution.streaming.MicroBatchExecution.withProgressLocked(MicroBatchExecution.scala:802)
	at org.apache.spark.sql.execution.streaming.MicroBatchExecution.constructNextBatch(MicroBatchExecution.scala:473)
	at org.apache.spark.sql.execution.streaming.MicroBatchExecution.$anonfun$runActivatedStream$2(MicroBatchExecution.scala:266)
	at scala.runtime.java8.JFunction0$mcV$sp.apply(JFunction0$mcV$sp.java:23)
	at org.apache.spark.sql.execution.streaming.ProgressReporter.reportTimeTaken(ProgressReporter.scala:411)
	at org.apache.spark.sql.execution.streaming.ProgressReporter.reportTimeTaken$(ProgressReporter.scala:409)
	at org.apache.spark.sql.execution.streaming.StreamExecution.reportTimeTaken(StreamExecution.scala:67)
	at org.apache.spark.sql.execution.streaming.MicroBatchExecution.$anonfun$runActivatedStream$1(MicroBatchExecution.scala:247)
	at org.apache.spark.sql.execution.streaming.ProcessingTimeExecutor.execute(TriggerExecutor.scala:67)
	at org.apache.spark.sql.execution.streaming.MicroBatchExecution.runActivatedStream(MicroBatchExecution.scala:237)
	at org.apache.spark.sql.execution.streaming.StreamExecution.$anonfun$runStream$1(StreamExecution.scala:306)
	at scala.runtime.java8.JFunction0$mcV$sp.apply(JFunction0$mcV$sp.java:23)
	at org.apache.spark.sql.SparkSession.withActive(SparkSession.scala:827)
	at org.apache.spark.sql.execution.streaming.StreamExecution.org$apache$spark$sql$execution$streaming$StreamExecution$$runStream(StreamExecution.scala:284)
	at org.apache.spark.sql.execution.streaming.StreamExecution$$anon$1.run(StreamExecution.scala:207)
Caused by: org.apache.kafka.common.errors.TimeoutException: Timed out waiting for a node assignment. Call: metadata
2025-11-09 02:32:50 [kafka-admin-client-thread | adminclient-1] INFO  o.a.kafka.common.utils.AppInfoParser - App info kafka.admin.client for adminclient-1 unregistered
2025-11-09 02:32:50 [kafka-admin-client-thread | adminclient-1] INFO  o.a.kafka.common.metrics.Metrics - Metrics scheduler closed
2025-11-09 02:32:50 [kafka-admin-client-thread | adminclient-1] INFO  o.a.kafka.common.metrics.Metrics - Closing reporter org.apache.kafka.common.metrics.JmxReporter
2025-11-09 02:32:50 [kafka-admin-client-thread | adminclient-1] INFO  o.a.kafka.common.metrics.Metrics - Metrics reporters closed
2025-11-09 02:32:50 [stream execution thread for [id = c36238f1-e9ec-4e04-b1fa-f1f51448219e, runId = a96a83c7-7841-460e-b3b1-8dcba47d288b]] INFO  o.a.k.c.admin.AdminClientConfig - AdminClientConfig values: 
	auto.include.jmx.reporter = true
	bootstrap.servers = [localhost:9092]
	client.dns.lookup = use_all_dns_ips
	client.id = 
	connections.max.idle.ms = 300000
	default.api.timeout.ms = 60000
	metadata.max.age.ms = 300000
	metric.reporters = []
	metrics.num.samples = 2
	metrics.recording.level = INFO
	metrics.sample.window.ms = 30000
	receive.buffer.bytes = 65536
	reconnect.backoff.max.ms = 1000
	reconnect.backoff.ms = 50
	request.timeout.ms = 30000
	retries = 2147483647
	retry.backoff.ms = 100
	sasl.client.callback.handler.class = null
	sasl.jaas.config = [hidden]
	sasl.kerberos.kinit.cmd = /usr/bin/kinit
	sasl.kerberos.min.time.before.relogin = 60000
	sasl.kerberos.service.name = null
	sasl.kerberos.ticket.renew.jitter = 0.05
	sasl.kerberos.ticket.renew.window.factor = 0.8
	sasl.login.callback.handler.class = null
	sasl.login.class = null
	sasl.login.connect.timeout.ms = null
	sasl.login.read.timeout.ms = null
	sasl.login.refresh.buffer.seconds = 300
	sasl.login.refresh.min.period.seconds = 60
	sasl.login.refresh.window.factor = 0.8
	sasl.login.refresh.window.jitter = 0.05
	sasl.login.retry.backoff.max.ms = 10000
	sasl.login.retry.backoff.ms = 100
	sasl.mechanism = PLAIN
	sasl.oauthbearer.clock.skew.seconds = 30
	sasl.oauthbearer.expected.audience = null
	sasl.oauthbearer.expected.issuer = null
	sasl.oauthbearer.jwks.endpoint.refresh.ms = 3600000
	sasl.oauthbearer.jwks.endpoint.retry.backoff.max.ms = 10000
	sasl.oauthbearer.jwks.endpoint.retry.backoff.ms = 100
	sasl.oauthbearer.jwks.endpoint.url = null
	sasl.oauthbearer.scope.claim.name = scope
	sasl.oauthbearer.sub.claim.name = sub
	sasl.oauthbearer.token.endpoint.url = null
	security.protocol = PLAINTEXT
	security.providers = null
	send.buffer.bytes = 131072
	socket.connection.setup.timeout.max.ms = 30000
	socket.connection.setup.timeout.ms = 10000
	ssl.cipher.suites = null
	ssl.enabled.protocols = [TLSv1.2, TLSv1.3]
	ssl.endpoint.identification.algorithm = https
	ssl.engine.factory.class = null
	ssl.key.password = null
	ssl.keymanager.algorithm = SunX509
	ssl.keystore.certificate.chain = null
	ssl.keystore.key = null
	ssl.keystore.location = null
	ssl.keystore.password = null
	ssl.keystore.type = JKS
	ssl.protocol = TLSv1.3
	ssl.provider = null
	ssl.secure.random.implementation = null
	ssl.trustmanager.algorithm = PKIX
	ssl.truststore.certificates = null
	ssl.truststore.location = null
	ssl.truststore.password = null
	ssl.truststore.type = JKS

2025-11-09 02:32:50 [stream execution thread for [id = c36238f1-e9ec-4e04-b1fa-f1f51448219e, runId = a96a83c7-7841-460e-b3b1-8dcba47d288b]] INFO  o.a.k.c.admin.AdminClientConfig - These configurations '[key.deserializer, value.deserializer, enable.auto.commit, max.poll.records, sasl.jaas.config, auto.offset.reset]' were supplied but are not used yet.
2025-11-09 02:32:50 [stream execution thread for [id = c36238f1-e9ec-4e04-b1fa-f1f51448219e, runId = a96a83c7-7841-460e-b3b1-8dcba47d288b]] INFO  o.a.kafka.common.utils.AppInfoParser - Kafka version: 3.5.1
2025-11-09 02:32:50 [stream execution thread for [id = c36238f1-e9ec-4e04-b1fa-f1f51448219e, runId = a96a83c7-7841-460e-b3b1-8dcba47d288b]] INFO  o.a.kafka.common.utils.AppInfoParser - Kafka commitId: 2c6fb6c54472e90a
2025-11-09 02:32:50 [stream execution thread for [id = c36238f1-e9ec-4e04-b1fa-f1f51448219e, runId = a96a83c7-7841-460e-b3b1-8dcba47d288b]] INFO  o.a.kafka.common.utils.AppInfoParser - Kafka startTimeMs: 1762635770049
2025-11-09 02:32:50 [shutdown-hook-0] INFO  org.apache.spark.SparkContext - Invoking stop() from shutdown hook
2025-11-09 02:32:50 [shutdown-hook-0] INFO  org.apache.spark.SparkContext - SparkContext is stopping with exitCode 0.
2025-11-09 02:32:50 [shutdown-hook-0] INFO  o.s.jetty.server.AbstractConnector - Stopped Spark@36eb41dc{HTTP/1.1, (http/1.1)}{0.0.0.0:4040}
2025-11-09 02:32:50 [shutdown-hook-0] INFO  org.apache.spark.ui.SparkUI - Stopped Spark web UI at http://127.0.0.1:4040
2025-11-09 02:32:50 [dispatcher-event-loop-5] INFO  o.a.s.MapOutputTrackerMasterEndpoint - MapOutputTrackerMasterEndpoint stopped!
2025-11-09 02:32:50 [shutdown-hook-0] INFO  o.a.spark.storage.memory.MemoryStore - MemoryStore cleared
2025-11-09 02:32:50 [shutdown-hook-0] INFO  o.apache.spark.storage.BlockManager - BlockManager stopped
2025-11-09 02:32:50 [shutdown-hook-0] INFO  o.a.spark.storage.BlockManagerMaster - BlockManagerMaster stopped
2025-11-09 02:32:50 [dispatcher-event-loop-2] INFO  o.a.s.s.OutputCommitCoordinator$OutputCommitCoordinatorEndpoint - OutputCommitCoordinator stopped!
2025-11-09 02:32:50 [shutdown-hook-0] INFO  org.apache.spark.SparkContext - Successfully stopped SparkContext
2025-11-09 02:32:50 [shutdown-hook-0] INFO  o.a.spark.util.ShutdownHookManager - Shutdown hook called
2025-11-09 02:32:50 [shutdown-hook-0] INFO  o.a.spark.util.ShutdownHookManager - Deleting directory /private/var/folders/d1/0lfypfw93vx8vhhstp40dlv40000gn/T/spark-511dcbf4-9789-4330-979d-a43b660a9b12
2025-11-09 02:32:50 [shutdown-hook-0] INFO  o.a.spark.util.ShutdownHookManager - Deleting directory /private/var/folders/d1/0lfypfw93vx8vhhstp40dlv40000gn/T/temporary-09eb7fac-7e21-41a9-8d3f-1f8a63e42355
2025-11-09 02:32:50 [Thread-0] ERROR o.apache.hadoop.conf.Configuration - error parsing conf core-default.xml
java.nio.file.NoSuchFileException: /Users/soumyagupta/IdeaProjects/fraud-detection/target/bg-jobs/sbt_1f8854d1/target/5aedf3fe/359669fc/hadoop-client-api-3.3.4.jar
	at java.base/sun.nio.fs.UnixException.translateToIOException(UnixException.java:92)
	at java.base/sun.nio.fs.UnixException.rethrowAsIOException(UnixException.java:111)
	at java.base/sun.nio.fs.UnixException.rethrowAsIOException(UnixException.java:116)
	at java.base/sun.nio.fs.UnixFileAttributeViews$Basic.readAttributes(UnixFileAttributeViews.java:55)
	at java.base/sun.nio.fs.UnixFileSystemProvider.readAttributes(UnixFileSystemProvider.java:149)
	at java.base/java.nio.file.Files.readAttributes(Files.java:1764)
	at java.base/java.util.zip.ZipFile$Source.get(ZipFile.java:1420)
	at java.base/java.util.zip.ZipFile$CleanableResource.<init>(ZipFile.java:841)
	at java.base/java.util.zip.ZipFile$CleanableResource$FinalizableResource.<init>(ZipFile.java:867)
	at java.base/java.util.zip.ZipFile$CleanableResource.get(ZipFile.java:856)
	at java.base/java.util.zip.ZipFile.<init>(ZipFile.java:258)
	at java.base/java.util.zip.ZipFile.<init>(ZipFile.java:187)
	at java.base/java.util.jar.JarFile.<init>(JarFile.java:348)
	at java.base/sun.net.www.protocol.jar.URLJarFile.<init>(URLJarFile.java:103)
	at java.base/sun.net.www.protocol.jar.URLJarFile.getJarFile(URLJarFile.java:72)
	at java.base/sun.net.www.protocol.jar.JarFileFactory.get(JarFileFactory.java:99)
	at java.base/sun.net.www.protocol.jar.JarURLConnection.connect(JarURLConnection.java:125)
	at java.base/sun.net.www.protocol.jar.JarURLConnection.getInputStream(JarURLConnection.java:155)
	at org.apache.hadoop.conf.Configuration.parse(Configuration.java:3009)
	at org.apache.hadoop.conf.Configuration.getStreamReader(Configuration.java:3105)
	at org.apache.hadoop.conf.Configuration.loadResource(Configuration.java:3063)
	at org.apache.hadoop.conf.Configuration.loadResources(Configuration.java:3036)
	at org.apache.hadoop.conf.Configuration.loadProps(Configuration.java:2914)
	at org.apache.hadoop.conf.Configuration.getProps(Configuration.java:2896)
	at org.apache.hadoop.conf.Configuration.get(Configuration.java:1246)
	at org.apache.hadoop.conf.Configuration.getTimeDuration(Configuration.java:1863)
	at org.apache.hadoop.conf.Configuration.getTimeDuration(Configuration.java:1840)
	at org.apache.hadoop.util.ShutdownHookManager.getShutdownTimeout(ShutdownHookManager.java:183)
	at org.apache.hadoop.util.ShutdownHookManager.shutdownExecutor(ShutdownHookManager.java:145)
	at org.apache.hadoop.util.ShutdownHookManager.access$300(ShutdownHookManager.java:65)
	at org.apache.hadoop.util.ShutdownHookManager$1.run(ShutdownHookManager.java:102)
2025-11-09 02:33:02 [main] WARN  org.apache.spark.util.Utils - Your hostname, Soumyas-MacBook-Air.local resolves to a loopback address: 127.0.0.1; using 192.168.1.6 instead (on interface en0)
2025-11-09 02:33:02 [main] WARN  org.apache.spark.util.Utils - Set SPARK_LOCAL_IP if you need to bind to another address
2025-11-09 02:33:02 [main] INFO  org.apache.spark.SparkContext - Running Spark version 3.4.1
2025-11-09 02:33:02 [main] WARN  o.a.hadoop.util.NativeCodeLoader - Unable to load native-hadoop library for your platform... using builtin-java classes where applicable
2025-11-09 02:33:02 [main] INFO  o.a.spark.resource.ResourceUtils - ==============================================================
2025-11-09 02:33:02 [main] INFO  o.a.spark.resource.ResourceUtils - No custom resources configured for spark.driver.
2025-11-09 02:33:02 [main] INFO  o.a.spark.resource.ResourceUtils - ==============================================================
2025-11-09 02:33:02 [main] INFO  org.apache.spark.SparkContext - Submitted application: FraudDetection
2025-11-09 02:33:02 [main] INFO  o.a.spark.resource.ResourceProfile - Default ResourceProfile created, executor resources: Map(cores -> name: cores, amount: 1, script: , vendor: , memory -> name: memory, amount: 1024, script: , vendor: , offHeap -> name: offHeap, amount: 0, script: , vendor: ), task resources: Map(cpus -> name: cpus, amount: 1.0)
2025-11-09 02:33:02 [main] INFO  o.a.spark.resource.ResourceProfile - Limiting resource is cpu
2025-11-09 02:33:02 [main] INFO  o.a.s.r.ResourceProfileManager - Added ResourceProfile id: 0
2025-11-09 02:33:02 [main] INFO  org.apache.spark.SecurityManager - Changing view acls to: soumyagupta
2025-11-09 02:33:02 [main] INFO  org.apache.spark.SecurityManager - Changing modify acls to: soumyagupta
2025-11-09 02:33:02 [main] INFO  org.apache.spark.SecurityManager - Changing view acls groups to: 
2025-11-09 02:33:02 [main] INFO  org.apache.spark.SecurityManager - Changing modify acls groups to: 
2025-11-09 02:33:02 [main] INFO  org.apache.spark.SecurityManager - SecurityManager: authentication disabled; ui acls disabled; users with view permissions: soumyagupta; groups with view permissions: EMPTY; users with modify permissions: soumyagupta; groups with modify permissions: EMPTY
2025-11-09 02:33:02 [main] INFO  org.apache.spark.util.Utils - Successfully started service 'sparkDriver' on port 51012.
2025-11-09 02:33:02 [main] INFO  org.apache.spark.SparkEnv - Registering MapOutputTracker
2025-11-09 02:33:02 [main] INFO  org.apache.spark.SparkEnv - Registering BlockManagerMaster
2025-11-09 02:33:02 [main] INFO  o.a.s.s.BlockManagerMasterEndpoint - Using org.apache.spark.storage.DefaultTopologyMapper for getting topology information
2025-11-09 02:33:02 [main] INFO  o.a.s.s.BlockManagerMasterEndpoint - BlockManagerMasterEndpoint up
2025-11-09 02:33:02 [main] INFO  org.apache.spark.SparkEnv - Registering BlockManagerMasterHeartbeat
2025-11-09 02:33:02 [main] INFO  o.a.spark.storage.DiskBlockManager - Created local directory at /private/var/folders/d1/0lfypfw93vx8vhhstp40dlv40000gn/T/blockmgr-3a5c057a-c930-4a92-b2e2-75f31ae13f37
2025-11-09 02:33:02 [main] INFO  o.a.spark.storage.memory.MemoryStore - MemoryStore started with capacity 1048.8 MiB
2025-11-09 02:33:02 [main] INFO  org.apache.spark.SparkEnv - Registering OutputCommitCoordinator
2025-11-09 02:33:02 [main] INFO  org.sparkproject.jetty.util.log - Logging initialized @1054ms to org.sparkproject.jetty.util.log.Slf4jLog
2025-11-09 02:33:02 [main] INFO  org.apache.spark.ui.JettyUtils - Start Jetty 0.0.0.0:4040 for SparkUI
2025-11-09 02:33:02 [main] INFO  o.sparkproject.jetty.server.Server - jetty-9.4.50.v20221201; built: 2022-12-01T22:07:03.915Z; git: da9a0b30691a45daf90a9f17b5defa2f1434f882; jvm 11.0.29+0
2025-11-09 02:33:02 [main] INFO  o.sparkproject.jetty.server.Server - Started @1112ms
2025-11-09 02:33:02 [main] INFO  o.s.jetty.server.AbstractConnector - Started ServerConnector@323f3c96{HTTP/1.1, (http/1.1)}{0.0.0.0:4040}
2025-11-09 02:33:02 [main] INFO  org.apache.spark.util.Utils - Successfully started service 'SparkUI' on port 4040.
2025-11-09 02:33:02 [main] INFO  o.s.j.server.handler.ContextHandler - Started o.s.j.s.ServletContextHandler@2af69643{/,null,AVAILABLE,@Spark}
2025-11-09 02:33:03 [main] INFO  org.apache.spark.executor.Executor - Starting executor ID driver on host 192.168.1.6
2025-11-09 02:33:03 [main] INFO  org.apache.spark.executor.Executor - Starting executor with user classpath (userClassPathFirst = false): ''
2025-11-09 02:33:03 [main] INFO  org.apache.spark.util.Utils - Successfully started service 'org.apache.spark.network.netty.NettyBlockTransferService' on port 51013.
2025-11-09 02:33:03 [main] INFO  o.a.s.n.n.NettyBlockTransferService - Server created on 127.0.0.1:51013
2025-11-09 02:33:03 [main] INFO  o.apache.spark.storage.BlockManager - Using org.apache.spark.storage.RandomBlockReplicationPolicy for block replication policy
2025-11-09 02:33:03 [main] INFO  o.a.spark.storage.BlockManagerMaster - Registering BlockManager BlockManagerId(driver, 127.0.0.1, 51013, None)
2025-11-09 02:33:03 [dispatcher-BlockManagerMaster] INFO  o.a.s.s.BlockManagerMasterEndpoint - Registering block manager 127.0.0.1:51013 with 1048.8 MiB RAM, BlockManagerId(driver, 127.0.0.1, 51013, None)
2025-11-09 02:33:03 [main] INFO  o.a.spark.storage.BlockManagerMaster - Registered BlockManager BlockManagerId(driver, 127.0.0.1, 51013, None)
2025-11-09 02:33:03 [main] INFO  o.apache.spark.storage.BlockManager - Initialized BlockManager: BlockManagerId(driver, 127.0.0.1, 51013, None)
2025-11-09 02:33:03 [main] INFO  o.s.j.server.handler.ContextHandler - Stopped o.s.j.s.ServletContextHandler@2af69643{/,null,STOPPED,@Spark}
2025-11-09 02:33:03 [main] INFO  o.s.j.server.handler.ContextHandler - Started o.s.j.s.ServletContextHandler@18b74ea{/jobs,null,AVAILABLE,@Spark}
2025-11-09 02:33:03 [main] INFO  o.s.j.server.handler.ContextHandler - Started o.s.j.s.ServletContextHandler@493da830{/jobs/json,null,AVAILABLE,@Spark}
2025-11-09 02:33:03 [main] INFO  o.s.j.server.handler.ContextHandler - Started o.s.j.s.ServletContextHandler@67536ae0{/jobs/job,null,AVAILABLE,@Spark}
2025-11-09 02:33:03 [main] INFO  o.s.j.server.handler.ContextHandler - Started o.s.j.s.ServletContextHandler@d16be4f{/jobs/job/json,null,AVAILABLE,@Spark}
2025-11-09 02:33:03 [main] INFO  o.s.j.server.handler.ContextHandler - Started o.s.j.s.ServletContextHandler@6bcb12e6{/stages,null,AVAILABLE,@Spark}
2025-11-09 02:33:03 [main] INFO  o.s.j.server.handler.ContextHandler - Started o.s.j.s.ServletContextHandler@29c17c3d{/stages/json,null,AVAILABLE,@Spark}
2025-11-09 02:33:03 [main] INFO  o.s.j.server.handler.ContextHandler - Started o.s.j.s.ServletContextHandler@7112ce6{/stages/stage,null,AVAILABLE,@Spark}
2025-11-09 02:33:03 [main] INFO  o.s.j.server.handler.ContextHandler - Started o.s.j.s.ServletContextHandler@30ec7d21{/stages/stage/json,null,AVAILABLE,@Spark}
2025-11-09 02:33:03 [main] INFO  o.s.j.server.handler.ContextHandler - Started o.s.j.s.ServletContextHandler@7efa3f63{/stages/pool,null,AVAILABLE,@Spark}
2025-11-09 02:33:03 [main] INFO  o.s.j.server.handler.ContextHandler - Started o.s.j.s.ServletContextHandler@2262d6d5{/stages/pool/json,null,AVAILABLE,@Spark}
2025-11-09 02:33:03 [main] INFO  o.s.j.server.handler.ContextHandler - Started o.s.j.s.ServletContextHandler@6ff0b1cc{/storage,null,AVAILABLE,@Spark}
2025-11-09 02:33:03 [main] INFO  o.s.j.server.handler.ContextHandler - Started o.s.j.s.ServletContextHandler@f3560d4{/storage/json,null,AVAILABLE,@Spark}
2025-11-09 02:33:03 [main] INFO  o.s.j.server.handler.ContextHandler - Started o.s.j.s.ServletContextHandler@51b77cdf{/storage/rdd,null,AVAILABLE,@Spark}
2025-11-09 02:33:03 [main] INFO  o.s.j.server.handler.ContextHandler - Started o.s.j.s.ServletContextHandler@6088451e{/storage/rdd/json,null,AVAILABLE,@Spark}
2025-11-09 02:33:03 [main] INFO  o.s.j.server.handler.ContextHandler - Started o.s.j.s.ServletContextHandler@2f10f633{/environment,null,AVAILABLE,@Spark}
2025-11-09 02:33:03 [main] INFO  o.s.j.server.handler.ContextHandler - Started o.s.j.s.ServletContextHandler@3440e9cd{/environment/json,null,AVAILABLE,@Spark}
2025-11-09 02:33:03 [main] INFO  o.s.j.server.handler.ContextHandler - Started o.s.j.s.ServletContextHandler@a09303{/executors,null,AVAILABLE,@Spark}
2025-11-09 02:33:03 [main] INFO  o.s.j.server.handler.ContextHandler - Started o.s.j.s.ServletContextHandler@322ba549{/executors/json,null,AVAILABLE,@Spark}
2025-11-09 02:33:03 [main] INFO  o.s.j.server.handler.ContextHandler - Started o.s.j.s.ServletContextHandler@5416f8db{/executors/threadDump,null,AVAILABLE,@Spark}
2025-11-09 02:33:03 [main] INFO  o.s.j.server.handler.ContextHandler - Started o.s.j.s.ServletContextHandler@b0fd744{/executors/threadDump/json,null,AVAILABLE,@Spark}
2025-11-09 02:33:03 [main] INFO  o.s.j.server.handler.ContextHandler - Started o.s.j.s.ServletContextHandler@6a1ef65c{/static,null,AVAILABLE,@Spark}
2025-11-09 02:33:03 [main] INFO  o.s.j.server.handler.ContextHandler - Started o.s.j.s.ServletContextHandler@6215366a{/,null,AVAILABLE,@Spark}
2025-11-09 02:33:03 [main] INFO  o.s.j.server.handler.ContextHandler - Started o.s.j.s.ServletContextHandler@36e43829{/api,null,AVAILABLE,@Spark}
2025-11-09 02:33:03 [main] INFO  o.s.j.server.handler.ContextHandler - Started o.s.j.s.ServletContextHandler@4b0bd001{/jobs/job/kill,null,AVAILABLE,@Spark}
2025-11-09 02:33:03 [main] INFO  o.s.j.server.handler.ContextHandler - Started o.s.j.s.ServletContextHandler@10272bbb{/stages/stage/kill,null,AVAILABLE,@Spark}
2025-11-09 02:33:03 [main] INFO  o.s.j.server.handler.ContextHandler - Started o.s.j.s.ServletContextHandler@66a5755{/metrics/json,null,AVAILABLE,@Spark}
2025-11-09 02:33:03 [main] INFO  o.a.spark.sql.internal.SharedState - Setting hive.metastore.warehouse.dir ('null') to the value of spark.sql.warehouse.dir.
2025-11-09 02:33:03 [main] INFO  o.a.spark.sql.internal.SharedState - Warehouse path is 'file:/Users/soumyagupta/IdeaProjects/fraud-detection/spark-warehouse'.
2025-11-09 02:33:03 [main] INFO  o.s.j.server.handler.ContextHandler - Started o.s.j.s.ServletContextHandler@3830b06c{/SQL,null,AVAILABLE,@Spark}
2025-11-09 02:33:03 [main] INFO  o.s.j.server.handler.ContextHandler - Started o.s.j.s.ServletContextHandler@15214920{/SQL/json,null,AVAILABLE,@Spark}
2025-11-09 02:33:03 [main] INFO  o.s.j.server.handler.ContextHandler - Started o.s.j.s.ServletContextHandler@7c7e73c5{/SQL/execution,null,AVAILABLE,@Spark}
2025-11-09 02:33:03 [main] INFO  o.s.j.server.handler.ContextHandler - Started o.s.j.s.ServletContextHandler@58687fb7{/SQL/execution/json,null,AVAILABLE,@Spark}
2025-11-09 02:33:03 [main] INFO  o.s.j.server.handler.ContextHandler - Started o.s.j.s.ServletContextHandler@29962b2f{/static/sql,null,AVAILABLE,@Spark}
2025-11-09 02:33:04 [main] INFO  o.a.s.s.e.s.s.StateStoreCoordinatorRef - Registered StateStoreCoordinator endpoint
2025-11-09 02:33:04 [main] INFO  o.s.j.server.handler.ContextHandler - Started o.s.j.s.ServletContextHandler@8c34631{/StreamingQuery,null,AVAILABLE,@Spark}
2025-11-09 02:33:04 [main] INFO  o.s.j.server.handler.ContextHandler - Started o.s.j.s.ServletContextHandler@33239d72{/StreamingQuery/json,null,AVAILABLE,@Spark}
2025-11-09 02:33:04 [main] INFO  o.s.j.server.handler.ContextHandler - Started o.s.j.s.ServletContextHandler@2dcbf825{/StreamingQuery/statistics,null,AVAILABLE,@Spark}
2025-11-09 02:33:04 [main] INFO  o.s.j.server.handler.ContextHandler - Started o.s.j.s.ServletContextHandler@59c00010{/StreamingQuery/statistics/json,null,AVAILABLE,@Spark}
2025-11-09 02:33:04 [main] INFO  o.s.j.server.handler.ContextHandler - Started o.s.j.s.ServletContextHandler@177302d6{/static/sql,null,AVAILABLE,@Spark}
2025-11-09 02:33:04 [main] WARN  o.a.s.s.e.s.ResolveWriteToStream - Temporary checkpoint location created which is deleted normally when the query didn't fail: /private/var/folders/d1/0lfypfw93vx8vhhstp40dlv40000gn/T/temporary-d0210e6a-4b96-4f8a-b3dc-0e965bab3ed8. If it's required to delete it under any circumstances, please set spark.sql.streaming.forceDeleteTempCheckpointLocation to true. Important to know deleting temp checkpoint folder is best effort.
2025-11-09 02:33:04 [main] INFO  o.a.s.s.e.s.ResolveWriteToStream - Checkpoint root /private/var/folders/d1/0lfypfw93vx8vhhstp40dlv40000gn/T/temporary-d0210e6a-4b96-4f8a-b3dc-0e965bab3ed8 resolved to file:/private/var/folders/d1/0lfypfw93vx8vhhstp40dlv40000gn/T/temporary-d0210e6a-4b96-4f8a-b3dc-0e965bab3ed8.
2025-11-09 02:33:04 [main] WARN  o.a.s.s.e.s.ResolveWriteToStream - spark.sql.adaptive.enabled is not supported in streaming DataFrames/Datasets and will be disabled.
2025-11-09 02:33:04 [main] INFO  o.a.s.s.e.s.CheckpointFileManager - Writing atomically to file:/private/var/folders/d1/0lfypfw93vx8vhhstp40dlv40000gn/T/temporary-d0210e6a-4b96-4f8a-b3dc-0e965bab3ed8/metadata using temp file file:/private/var/folders/d1/0lfypfw93vx8vhhstp40dlv40000gn/T/temporary-d0210e6a-4b96-4f8a-b3dc-0e965bab3ed8/.metadata.9f4af61b-2fc9-4992-8bd6-ffedcbbe7090.tmp
2025-11-09 02:33:04 [main] INFO  o.a.s.s.e.s.CheckpointFileManager - Renamed temp file file:/private/var/folders/d1/0lfypfw93vx8vhhstp40dlv40000gn/T/temporary-d0210e6a-4b96-4f8a-b3dc-0e965bab3ed8/.metadata.9f4af61b-2fc9-4992-8bd6-ffedcbbe7090.tmp to file:/private/var/folders/d1/0lfypfw93vx8vhhstp40dlv40000gn/T/temporary-d0210e6a-4b96-4f8a-b3dc-0e965bab3ed8/metadata
2025-11-09 02:33:04 [main] INFO  o.a.s.s.e.s.MicroBatchExecution - Starting [id = 4ef03eaa-db40-4427-bf3d-a45e595058c9, runId = 2b10a628-d1af-4e69-9d44-651f304e6d64]. Use file:/private/var/folders/d1/0lfypfw93vx8vhhstp40dlv40000gn/T/temporary-d0210e6a-4b96-4f8a-b3dc-0e965bab3ed8 to store the query checkpoint.
2025-11-09 02:33:04 [stream execution thread for [id = 4ef03eaa-db40-4427-bf3d-a45e595058c9, runId = 2b10a628-d1af-4e69-9d44-651f304e6d64]] INFO  o.a.s.s.e.s.MicroBatchExecution - Reading table [org.apache.spark.sql.kafka010.KafkaSourceProvider$KafkaTable@4d1bae2] from DataSourceV2 named 'kafka' [org.apache.spark.sql.kafka010.KafkaSourceProvider@1e8254ec]
2025-11-09 02:33:04 [stream execution thread for [id = 4ef03eaa-db40-4427-bf3d-a45e595058c9, runId = 2b10a628-d1af-4e69-9d44-651f304e6d64]] INFO  o.a.s.s.e.streaming.OffsetSeqLog - BatchIds found from listing: 
2025-11-09 02:33:04 [stream execution thread for [id = 4ef03eaa-db40-4427-bf3d-a45e595058c9, runId = 2b10a628-d1af-4e69-9d44-651f304e6d64]] INFO  o.a.s.s.e.streaming.OffsetSeqLog - BatchIds found from listing: 
2025-11-09 02:33:04 [stream execution thread for [id = 4ef03eaa-db40-4427-bf3d-a45e595058c9, runId = 2b10a628-d1af-4e69-9d44-651f304e6d64]] INFO  o.a.s.s.e.s.MicroBatchExecution - Starting new streaming query.
2025-11-09 02:33:04 [stream execution thread for [id = 4ef03eaa-db40-4427-bf3d-a45e595058c9, runId = 2b10a628-d1af-4e69-9d44-651f304e6d64]] INFO  o.a.s.s.e.s.MicroBatchExecution - Stream started from {}
2025-11-09 02:33:05 [stream execution thread for [id = 4ef03eaa-db40-4427-bf3d-a45e595058c9, runId = 2b10a628-d1af-4e69-9d44-651f304e6d64]] INFO  o.a.k.c.admin.AdminClientConfig - AdminClientConfig values: 
	auto.include.jmx.reporter = true
	bootstrap.servers = [localhost:9092]
	client.dns.lookup = use_all_dns_ips
	client.id = 
	connections.max.idle.ms = 300000
	default.api.timeout.ms = 60000
	metadata.max.age.ms = 300000
	metric.reporters = []
	metrics.num.samples = 2
	metrics.recording.level = INFO
	metrics.sample.window.ms = 30000
	receive.buffer.bytes = 65536
	reconnect.backoff.max.ms = 1000
	reconnect.backoff.ms = 50
	request.timeout.ms = 30000
	retries = 2147483647
	retry.backoff.ms = 100
	sasl.client.callback.handler.class = null
	sasl.jaas.config = [hidden]
	sasl.kerberos.kinit.cmd = /usr/bin/kinit
	sasl.kerberos.min.time.before.relogin = 60000
	sasl.kerberos.service.name = null
	sasl.kerberos.ticket.renew.jitter = 0.05
	sasl.kerberos.ticket.renew.window.factor = 0.8
	sasl.login.callback.handler.class = null
	sasl.login.class = null
	sasl.login.connect.timeout.ms = null
	sasl.login.read.timeout.ms = null
	sasl.login.refresh.buffer.seconds = 300
	sasl.login.refresh.min.period.seconds = 60
	sasl.login.refresh.window.factor = 0.8
	sasl.login.refresh.window.jitter = 0.05
	sasl.login.retry.backoff.max.ms = 10000
	sasl.login.retry.backoff.ms = 100
	sasl.mechanism = PLAIN
	sasl.oauthbearer.clock.skew.seconds = 30
	sasl.oauthbearer.expected.audience = null
	sasl.oauthbearer.expected.issuer = null
	sasl.oauthbearer.jwks.endpoint.refresh.ms = 3600000
	sasl.oauthbearer.jwks.endpoint.retry.backoff.max.ms = 10000
	sasl.oauthbearer.jwks.endpoint.retry.backoff.ms = 100
	sasl.oauthbearer.jwks.endpoint.url = null
	sasl.oauthbearer.scope.claim.name = scope
	sasl.oauthbearer.sub.claim.name = sub
	sasl.oauthbearer.token.endpoint.url = null
	security.protocol = PLAINTEXT
	security.providers = null
	send.buffer.bytes = 131072
	socket.connection.setup.timeout.max.ms = 30000
	socket.connection.setup.timeout.ms = 10000
	ssl.cipher.suites = null
	ssl.enabled.protocols = [TLSv1.2, TLSv1.3]
	ssl.endpoint.identification.algorithm = https
	ssl.engine.factory.class = null
	ssl.key.password = null
	ssl.keymanager.algorithm = SunX509
	ssl.keystore.certificate.chain = null
	ssl.keystore.key = null
	ssl.keystore.location = null
	ssl.keystore.password = null
	ssl.keystore.type = JKS
	ssl.protocol = TLSv1.3
	ssl.provider = null
	ssl.secure.random.implementation = null
	ssl.trustmanager.algorithm = PKIX
	ssl.truststore.certificates = null
	ssl.truststore.location = null
	ssl.truststore.password = null
	ssl.truststore.type = JKS

2025-11-09 02:33:05 [stream execution thread for [id = 4ef03eaa-db40-4427-bf3d-a45e595058c9, runId = 2b10a628-d1af-4e69-9d44-651f304e6d64]] INFO  o.a.k.c.admin.AdminClientConfig - These configurations '[key.deserializer, value.deserializer, enable.auto.commit, max.poll.records, sasl.jaas.config, auto.offset.reset]' were supplied but are not used yet.
2025-11-09 02:33:05 [stream execution thread for [id = 4ef03eaa-db40-4427-bf3d-a45e595058c9, runId = 2b10a628-d1af-4e69-9d44-651f304e6d64]] INFO  o.a.kafka.common.utils.AppInfoParser - Kafka version: 3.5.1
2025-11-09 02:33:05 [stream execution thread for [id = 4ef03eaa-db40-4427-bf3d-a45e595058c9, runId = 2b10a628-d1af-4e69-9d44-651f304e6d64]] INFO  o.a.kafka.common.utils.AppInfoParser - Kafka commitId: 2c6fb6c54472e90a
2025-11-09 02:33:05 [stream execution thread for [id = 4ef03eaa-db40-4427-bf3d-a45e595058c9, runId = 2b10a628-d1af-4e69-9d44-651f304e6d64]] INFO  o.a.kafka.common.utils.AppInfoParser - Kafka startTimeMs: 1762635785048
2025-11-09 02:33:37 [shutdown-hook-0] INFO  org.apache.spark.SparkContext - Invoking stop() from shutdown hook
2025-11-09 02:33:37 [shutdown-hook-0] INFO  org.apache.spark.SparkContext - SparkContext is stopping with exitCode 0.
2025-11-09 02:33:37 [shutdown-hook-0] INFO  o.s.jetty.server.AbstractConnector - Stopped Spark@323f3c96{HTTP/1.1, (http/1.1)}{0.0.0.0:4040}
2025-11-09 02:33:37 [shutdown-hook-0] INFO  org.apache.spark.ui.SparkUI - Stopped Spark web UI at http://127.0.0.1:4040
2025-11-09 02:33:37 [dispatcher-event-loop-1] INFO  o.a.s.MapOutputTrackerMasterEndpoint - MapOutputTrackerMasterEndpoint stopped!
2025-11-09 02:33:37 [shutdown-hook-0] INFO  o.a.spark.storage.memory.MemoryStore - MemoryStore cleared
2025-11-09 02:33:37 [shutdown-hook-0] INFO  o.apache.spark.storage.BlockManager - BlockManager stopped
2025-11-09 02:33:37 [shutdown-hook-0] INFO  o.a.spark.storage.BlockManagerMaster - BlockManagerMaster stopped
2025-11-09 02:33:37 [dispatcher-event-loop-6] INFO  o.a.s.s.OutputCommitCoordinator$OutputCommitCoordinatorEndpoint - OutputCommitCoordinator stopped!
2025-11-09 02:33:37 [shutdown-hook-0] INFO  org.apache.spark.SparkContext - Successfully stopped SparkContext
2025-11-09 02:33:37 [shutdown-hook-0] INFO  o.a.spark.util.ShutdownHookManager - Shutdown hook called
2025-11-09 02:33:37 [shutdown-hook-0] INFO  o.a.spark.util.ShutdownHookManager - Deleting directory /private/var/folders/d1/0lfypfw93vx8vhhstp40dlv40000gn/T/spark-03485d0e-5732-4183-acfb-91de8ee3aa35
2025-11-09 02:33:37 [shutdown-hook-0] INFO  o.a.spark.util.ShutdownHookManager - Deleting directory /private/var/folders/d1/0lfypfw93vx8vhhstp40dlv40000gn/T/temporary-d0210e6a-4b96-4f8a-b3dc-0e965bab3ed8
2025-11-09 02:33:37 [Thread-0] ERROR o.apache.hadoop.conf.Configuration - error parsing conf core-default.xml
java.nio.file.NoSuchFileException: /Users/soumyagupta/IdeaProjects/fraud-detection/target/bg-jobs/sbt_66f9c5f1/target/5aedf3fe/359669fc/hadoop-client-api-3.3.4.jar
	at java.base/sun.nio.fs.UnixException.translateToIOException(UnixException.java:92)
	at java.base/sun.nio.fs.UnixException.rethrowAsIOException(UnixException.java:111)
	at java.base/sun.nio.fs.UnixException.rethrowAsIOException(UnixException.java:116)
	at java.base/sun.nio.fs.UnixFileAttributeViews$Basic.readAttributes(UnixFileAttributeViews.java:55)
	at java.base/sun.nio.fs.UnixFileSystemProvider.readAttributes(UnixFileSystemProvider.java:149)
	at java.base/java.nio.file.Files.readAttributes(Files.java:1764)
	at java.base/java.util.zip.ZipFile$Source.get(ZipFile.java:1420)
	at java.base/java.util.zip.ZipFile$CleanableResource.<init>(ZipFile.java:841)
	at java.base/java.util.zip.ZipFile$CleanableResource$FinalizableResource.<init>(ZipFile.java:867)
	at java.base/java.util.zip.ZipFile$CleanableResource.get(ZipFile.java:856)
	at java.base/java.util.zip.ZipFile.<init>(ZipFile.java:258)
	at java.base/java.util.zip.ZipFile.<init>(ZipFile.java:187)
	at java.base/java.util.jar.JarFile.<init>(JarFile.java:348)
	at java.base/sun.net.www.protocol.jar.URLJarFile.<init>(URLJarFile.java:103)
	at java.base/sun.net.www.protocol.jar.URLJarFile.getJarFile(URLJarFile.java:72)
	at java.base/sun.net.www.protocol.jar.JarFileFactory.get(JarFileFactory.java:99)
	at java.base/sun.net.www.protocol.jar.JarURLConnection.connect(JarURLConnection.java:125)
	at java.base/sun.net.www.protocol.jar.JarURLConnection.getInputStream(JarURLConnection.java:155)
	at org.apache.hadoop.conf.Configuration.parse(Configuration.java:3009)
	at org.apache.hadoop.conf.Configuration.getStreamReader(Configuration.java:3105)
	at org.apache.hadoop.conf.Configuration.loadResource(Configuration.java:3063)
	at org.apache.hadoop.conf.Configuration.loadResources(Configuration.java:3036)
	at org.apache.hadoop.conf.Configuration.loadProps(Configuration.java:2914)
	at org.apache.hadoop.conf.Configuration.getProps(Configuration.java:2896)
	at org.apache.hadoop.conf.Configuration.get(Configuration.java:1246)
	at org.apache.hadoop.conf.Configuration.getTimeDuration(Configuration.java:1863)
	at org.apache.hadoop.conf.Configuration.getTimeDuration(Configuration.java:1840)
	at org.apache.hadoop.util.ShutdownHookManager.getShutdownTimeout(ShutdownHookManager.java:183)
	at org.apache.hadoop.util.ShutdownHookManager.shutdownExecutor(ShutdownHookManager.java:145)
	at org.apache.hadoop.util.ShutdownHookManager.access$300(ShutdownHookManager.java:65)
	at org.apache.hadoop.util.ShutdownHookManager$1.run(ShutdownHookManager.java:102)
2025-11-09 02:33:52 [main] WARN  org.apache.spark.util.Utils - Your hostname, Soumyas-MacBook-Air.local resolves to a loopback address: 127.0.0.1; using 192.168.1.6 instead (on interface en0)
2025-11-09 02:33:52 [main] WARN  org.apache.spark.util.Utils - Set SPARK_LOCAL_IP if you need to bind to another address
2025-11-09 02:33:52 [main] INFO  org.apache.spark.SparkContext - Running Spark version 3.4.1
2025-11-09 02:33:52 [main] WARN  o.a.hadoop.util.NativeCodeLoader - Unable to load native-hadoop library for your platform... using builtin-java classes where applicable
2025-11-09 02:40:58 [main] WARN  org.apache.spark.util.Utils - Your hostname, Soumyas-MacBook-Air.local resolves to a loopback address: 127.0.0.1; using 192.168.1.6 instead (on interface en0)
2025-11-09 02:40:58 [main] WARN  org.apache.spark.util.Utils - Set SPARK_LOCAL_IP if you need to bind to another address
2025-11-09 02:40:58 [main] INFO  org.apache.spark.SparkContext - Running Spark version 3.4.1
2025-11-09 02:40:58 [main] WARN  o.a.hadoop.util.NativeCodeLoader - Unable to load native-hadoop library for your platform... using builtin-java classes where applicable
2025-11-09 02:40:58 [main] INFO  o.a.spark.resource.ResourceUtils - ==============================================================
2025-11-09 02:40:58 [main] INFO  o.a.spark.resource.ResourceUtils - No custom resources configured for spark.driver.
2025-11-09 02:40:58 [main] INFO  o.a.spark.resource.ResourceUtils - ==============================================================
2025-11-09 02:40:58 [main] INFO  org.apache.spark.SparkContext - Submitted application: FraudDetection
2025-11-09 02:40:58 [main] INFO  o.a.spark.resource.ResourceProfile - Default ResourceProfile created, executor resources: Map(cores -> name: cores, amount: 1, script: , vendor: , memory -> name: memory, amount: 1024, script: , vendor: , offHeap -> name: offHeap, amount: 0, script: , vendor: ), task resources: Map(cpus -> name: cpus, amount: 1.0)
2025-11-09 02:40:58 [main] INFO  o.a.spark.resource.ResourceProfile - Limiting resource is cpu
2025-11-09 02:40:58 [main] INFO  o.a.s.r.ResourceProfileManager - Added ResourceProfile id: 0
2025-11-09 02:40:58 [main] INFO  org.apache.spark.SecurityManager - Changing view acls to: soumyagupta
2025-11-09 02:40:58 [main] INFO  org.apache.spark.SecurityManager - Changing modify acls to: soumyagupta
2025-11-09 02:40:58 [main] INFO  org.apache.spark.SecurityManager - Changing view acls groups to: 
2025-11-09 02:40:58 [main] INFO  org.apache.spark.SecurityManager - Changing modify acls groups to: 
2025-11-09 02:40:58 [main] INFO  org.apache.spark.SecurityManager - SecurityManager: authentication disabled; ui acls disabled; users with view permissions: soumyagupta; groups with view permissions: EMPTY; users with modify permissions: soumyagupta; groups with modify permissions: EMPTY
2025-11-09 02:40:58 [main] INFO  org.apache.spark.util.Utils - Successfully started service 'sparkDriver' on port 51029.
2025-11-09 02:40:58 [main] INFO  org.apache.spark.SparkEnv - Registering MapOutputTracker
2025-11-09 02:40:58 [main] INFO  org.apache.spark.SparkEnv - Registering BlockManagerMaster
2025-11-09 02:40:58 [main] INFO  o.a.s.s.BlockManagerMasterEndpoint - Using org.apache.spark.storage.DefaultTopologyMapper for getting topology information
2025-11-09 02:40:58 [main] INFO  o.a.s.s.BlockManagerMasterEndpoint - BlockManagerMasterEndpoint up
2025-11-09 02:40:58 [main] INFO  org.apache.spark.SparkEnv - Registering BlockManagerMasterHeartbeat
2025-11-09 02:40:58 [main] INFO  o.a.spark.storage.DiskBlockManager - Created local directory at /private/var/folders/d1/0lfypfw93vx8vhhstp40dlv40000gn/T/blockmgr-8d59ca5f-5559-4dce-a768-13b9271aed7e
2025-11-09 02:40:58 [main] INFO  o.a.spark.storage.memory.MemoryStore - MemoryStore started with capacity 1048.8 MiB
2025-11-09 02:40:58 [main] INFO  org.apache.spark.SparkEnv - Registering OutputCommitCoordinator
2025-11-09 02:40:58 [main] INFO  org.sparkproject.jetty.util.log - Logging initialized @1166ms to org.sparkproject.jetty.util.log.Slf4jLog
2025-11-09 02:40:58 [main] INFO  org.apache.spark.ui.JettyUtils - Start Jetty 0.0.0.0:4040 for SparkUI
2025-11-09 02:40:58 [main] INFO  o.sparkproject.jetty.server.Server - jetty-9.4.50.v20221201; built: 2022-12-01T22:07:03.915Z; git: da9a0b30691a45daf90a9f17b5defa2f1434f882; jvm 11.0.29+0
2025-11-09 02:40:58 [main] INFO  o.sparkproject.jetty.server.Server - Started @1224ms
2025-11-09 02:40:58 [main] INFO  o.s.jetty.server.AbstractConnector - Started ServerConnector@14ef2482{HTTP/1.1, (http/1.1)}{0.0.0.0:4040}
2025-11-09 02:40:58 [main] INFO  org.apache.spark.util.Utils - Successfully started service 'SparkUI' on port 4040.
2025-11-09 02:40:59 [main] INFO  o.s.j.server.handler.ContextHandler - Started o.s.j.s.ServletContextHandler@35d5ac51{/,null,AVAILABLE,@Spark}
2025-11-09 02:40:59 [main] INFO  org.apache.spark.executor.Executor - Starting executor ID driver on host 192.168.1.6
2025-11-09 02:40:59 [main] INFO  org.apache.spark.executor.Executor - Starting executor with user classpath (userClassPathFirst = false): ''
2025-11-09 02:40:59 [main] INFO  org.apache.spark.util.Utils - Successfully started service 'org.apache.spark.network.netty.NettyBlockTransferService' on port 51030.
2025-11-09 02:40:59 [main] INFO  o.a.s.n.n.NettyBlockTransferService - Server created on 127.0.0.1:51030
2025-11-09 02:40:59 [main] INFO  o.apache.spark.storage.BlockManager - Using org.apache.spark.storage.RandomBlockReplicationPolicy for block replication policy
2025-11-09 02:40:59 [main] INFO  o.a.spark.storage.BlockManagerMaster - Registering BlockManager BlockManagerId(driver, 127.0.0.1, 51030, None)
2025-11-09 02:40:59 [dispatcher-BlockManagerMaster] INFO  o.a.s.s.BlockManagerMasterEndpoint - Registering block manager 127.0.0.1:51030 with 1048.8 MiB RAM, BlockManagerId(driver, 127.0.0.1, 51030, None)
2025-11-09 02:40:59 [main] INFO  o.a.spark.storage.BlockManagerMaster - Registered BlockManager BlockManagerId(driver, 127.0.0.1, 51030, None)
2025-11-09 02:40:59 [main] INFO  o.apache.spark.storage.BlockManager - Initialized BlockManager: BlockManagerId(driver, 127.0.0.1, 51030, None)
2025-11-09 02:40:59 [main] INFO  o.s.j.server.handler.ContextHandler - Stopped o.s.j.s.ServletContextHandler@35d5ac51{/,null,STOPPED,@Spark}
2025-11-09 02:40:59 [main] INFO  o.s.j.server.handler.ContextHandler - Started o.s.j.s.ServletContextHandler@1835dc92{/jobs,null,AVAILABLE,@Spark}
2025-11-09 02:40:59 [main] INFO  o.s.j.server.handler.ContextHandler - Started o.s.j.s.ServletContextHandler@65a9ea3c{/jobs/json,null,AVAILABLE,@Spark}
2025-11-09 02:40:59 [main] INFO  o.s.j.server.handler.ContextHandler - Started o.s.j.s.ServletContextHandler@7e351d7{/jobs/job,null,AVAILABLE,@Spark}
2025-11-09 02:40:59 [main] INFO  o.s.j.server.handler.ContextHandler - Started o.s.j.s.ServletContextHandler@d902300{/jobs/job/json,null,AVAILABLE,@Spark}
2025-11-09 02:40:59 [main] INFO  o.s.j.server.handler.ContextHandler - Started o.s.j.s.ServletContextHandler@30c3ae63{/stages,null,AVAILABLE,@Spark}
2025-11-09 02:40:59 [main] INFO  o.s.j.server.handler.ContextHandler - Started o.s.j.s.ServletContextHandler@54e12f4c{/stages/json,null,AVAILABLE,@Spark}
2025-11-09 02:40:59 [main] INFO  o.s.j.server.handler.ContextHandler - Started o.s.j.s.ServletContextHandler@21263314{/stages/stage,null,AVAILABLE,@Spark}
2025-11-09 02:40:59 [main] INFO  o.s.j.server.handler.ContextHandler - Started o.s.j.s.ServletContextHandler@4a92c6a9{/stages/stage/json,null,AVAILABLE,@Spark}
2025-11-09 02:40:59 [main] INFO  o.s.j.server.handler.ContextHandler - Started o.s.j.s.ServletContextHandler@4cb702ce{/stages/pool,null,AVAILABLE,@Spark}
2025-11-09 02:40:59 [main] INFO  o.s.j.server.handler.ContextHandler - Started o.s.j.s.ServletContextHandler@64c781a9{/stages/pool/json,null,AVAILABLE,@Spark}
2025-11-09 02:40:59 [main] INFO  o.s.j.server.handler.ContextHandler - Started o.s.j.s.ServletContextHandler@5b88b8e{/storage,null,AVAILABLE,@Spark}
2025-11-09 02:40:59 [main] INFO  o.s.j.server.handler.ContextHandler - Started o.s.j.s.ServletContextHandler@b73433{/storage/json,null,AVAILABLE,@Spark}
2025-11-09 02:40:59 [main] INFO  o.s.j.server.handler.ContextHandler - Started o.s.j.s.ServletContextHandler@5a545b0f{/storage/rdd,null,AVAILABLE,@Spark}
2025-11-09 02:40:59 [main] INFO  o.s.j.server.handler.ContextHandler - Started o.s.j.s.ServletContextHandler@124dac75{/storage/rdd/json,null,AVAILABLE,@Spark}
2025-11-09 02:40:59 [main] INFO  o.s.j.server.handler.ContextHandler - Started o.s.j.s.ServletContextHandler@7b61bf11{/environment,null,AVAILABLE,@Spark}
2025-11-09 02:40:59 [main] INFO  o.s.j.server.handler.ContextHandler - Started o.s.j.s.ServletContextHandler@3ff54f3d{/environment/json,null,AVAILABLE,@Spark}
2025-11-09 02:40:59 [main] INFO  o.s.j.server.handler.ContextHandler - Started o.s.j.s.ServletContextHandler@62a68bcb{/executors,null,AVAILABLE,@Spark}
2025-11-09 02:40:59 [main] INFO  o.s.j.server.handler.ContextHandler - Started o.s.j.s.ServletContextHandler@14924f41{/executors/json,null,AVAILABLE,@Spark}
2025-11-09 02:40:59 [main] INFO  o.s.j.server.handler.ContextHandler - Started o.s.j.s.ServletContextHandler@1f939a0f{/executors/threadDump,null,AVAILABLE,@Spark}
2025-11-09 02:40:59 [main] INFO  o.s.j.server.handler.ContextHandler - Started o.s.j.s.ServletContextHandler@430b2699{/executors/threadDump/json,null,AVAILABLE,@Spark}
2025-11-09 02:40:59 [main] INFO  o.s.j.server.handler.ContextHandler - Started o.s.j.s.ServletContextHandler@6413d7e7{/static,null,AVAILABLE,@Spark}
2025-11-09 02:40:59 [main] INFO  o.s.j.server.handler.ContextHandler - Started o.s.j.s.ServletContextHandler@7d986d83{/,null,AVAILABLE,@Spark}
2025-11-09 02:40:59 [main] INFO  o.s.j.server.handler.ContextHandler - Started o.s.j.s.ServletContextHandler@3a7e365{/api,null,AVAILABLE,@Spark}
2025-11-09 02:40:59 [main] INFO  o.s.j.server.handler.ContextHandler - Started o.s.j.s.ServletContextHandler@68e02f33{/jobs/job/kill,null,AVAILABLE,@Spark}
2025-11-09 02:40:59 [main] INFO  o.s.j.server.handler.ContextHandler - Started o.s.j.s.ServletContextHandler@d48e998{/stages/stage/kill,null,AVAILABLE,@Spark}
2025-11-09 02:40:59 [main] INFO  o.s.j.server.handler.ContextHandler - Started o.s.j.s.ServletContextHandler@27a09971{/metrics/json,null,AVAILABLE,@Spark}
2025-11-09 02:40:59 [main] INFO  o.a.spark.sql.internal.SharedState - Setting hive.metastore.warehouse.dir ('null') to the value of spark.sql.warehouse.dir.
2025-11-09 02:40:59 [main] INFO  o.a.spark.sql.internal.SharedState - Warehouse path is 'file:/Users/soumyagupta/IdeaProjects/fraud-detection/spark-warehouse'.
2025-11-09 02:40:59 [main] INFO  o.s.j.server.handler.ContextHandler - Started o.s.j.s.ServletContextHandler@29013ef2{/SQL,null,AVAILABLE,@Spark}
2025-11-09 02:40:59 [main] INFO  o.s.j.server.handler.ContextHandler - Started o.s.j.s.ServletContextHandler@5b2b8d86{/SQL/json,null,AVAILABLE,@Spark}
2025-11-09 02:40:59 [main] INFO  o.s.j.server.handler.ContextHandler - Started o.s.j.s.ServletContextHandler@19827608{/SQL/execution,null,AVAILABLE,@Spark}
2025-11-09 02:40:59 [main] INFO  o.s.j.server.handler.ContextHandler - Started o.s.j.s.ServletContextHandler@14b528b6{/SQL/execution/json,null,AVAILABLE,@Spark}
2025-11-09 02:40:59 [main] INFO  o.s.j.server.handler.ContextHandler - Started o.s.j.s.ServletContextHandler@fbe70d8{/static/sql,null,AVAILABLE,@Spark}
2025-11-09 02:41:00 [main] INFO  o.a.s.s.e.s.s.StateStoreCoordinatorRef - Registered StateStoreCoordinator endpoint
2025-11-09 02:41:00 [main] INFO  o.s.j.server.handler.ContextHandler - Started o.s.j.s.ServletContextHandler@33e6bd36{/StreamingQuery,null,AVAILABLE,@Spark}
2025-11-09 02:41:00 [main] INFO  o.s.j.server.handler.ContextHandler - Started o.s.j.s.ServletContextHandler@2db6ba81{/StreamingQuery/json,null,AVAILABLE,@Spark}
2025-11-09 02:41:00 [main] INFO  o.s.j.server.handler.ContextHandler - Started o.s.j.s.ServletContextHandler@8ce4320{/StreamingQuery/statistics,null,AVAILABLE,@Spark}
2025-11-09 02:41:00 [main] INFO  o.s.j.server.handler.ContextHandler - Started o.s.j.s.ServletContextHandler@3c538e62{/StreamingQuery/statistics/json,null,AVAILABLE,@Spark}
2025-11-09 02:41:00 [main] INFO  o.s.j.server.handler.ContextHandler - Started o.s.j.s.ServletContextHandler@2a9565d7{/static/sql,null,AVAILABLE,@Spark}
2025-11-09 02:41:00 [main] WARN  o.a.s.s.e.s.ResolveWriteToStream - Temporary checkpoint location created which is deleted normally when the query didn't fail: /private/var/folders/d1/0lfypfw93vx8vhhstp40dlv40000gn/T/temporary-1c82a23a-0e66-4a64-855f-182f9a8b9efe. If it's required to delete it under any circumstances, please set spark.sql.streaming.forceDeleteTempCheckpointLocation to true. Important to know deleting temp checkpoint folder is best effort.
2025-11-09 02:41:00 [main] INFO  o.a.s.s.e.s.ResolveWriteToStream - Checkpoint root /private/var/folders/d1/0lfypfw93vx8vhhstp40dlv40000gn/T/temporary-1c82a23a-0e66-4a64-855f-182f9a8b9efe resolved to file:/private/var/folders/d1/0lfypfw93vx8vhhstp40dlv40000gn/T/temporary-1c82a23a-0e66-4a64-855f-182f9a8b9efe.
2025-11-09 02:41:00 [main] WARN  o.a.s.s.e.s.ResolveWriteToStream - spark.sql.adaptive.enabled is not supported in streaming DataFrames/Datasets and will be disabled.
2025-11-09 02:41:00 [main] INFO  o.a.s.s.e.s.CheckpointFileManager - Writing atomically to file:/private/var/folders/d1/0lfypfw93vx8vhhstp40dlv40000gn/T/temporary-1c82a23a-0e66-4a64-855f-182f9a8b9efe/metadata using temp file file:/private/var/folders/d1/0lfypfw93vx8vhhstp40dlv40000gn/T/temporary-1c82a23a-0e66-4a64-855f-182f9a8b9efe/.metadata.076d9423-bc64-4e35-a513-c2bf34ecd903.tmp
2025-11-09 02:41:00 [main] INFO  o.a.s.s.e.s.CheckpointFileManager - Renamed temp file file:/private/var/folders/d1/0lfypfw93vx8vhhstp40dlv40000gn/T/temporary-1c82a23a-0e66-4a64-855f-182f9a8b9efe/.metadata.076d9423-bc64-4e35-a513-c2bf34ecd903.tmp to file:/private/var/folders/d1/0lfypfw93vx8vhhstp40dlv40000gn/T/temporary-1c82a23a-0e66-4a64-855f-182f9a8b9efe/metadata
2025-11-09 02:41:00 [main] INFO  o.a.s.s.e.s.MicroBatchExecution - Starting [id = e123f9c8-d19c-41e2-88eb-8480f10af44c, runId = acc8c8f1-6cd6-4bd1-8dd0-6114e54b35b3]. Use file:/private/var/folders/d1/0lfypfw93vx8vhhstp40dlv40000gn/T/temporary-1c82a23a-0e66-4a64-855f-182f9a8b9efe to store the query checkpoint.
2025-11-09 02:41:00 [stream execution thread for [id = e123f9c8-d19c-41e2-88eb-8480f10af44c, runId = acc8c8f1-6cd6-4bd1-8dd0-6114e54b35b3]] INFO  o.a.s.s.e.s.MicroBatchExecution - Reading table [org.apache.spark.sql.kafka010.KafkaSourceProvider$KafkaTable@7a3bfecf] from DataSourceV2 named 'kafka' [org.apache.spark.sql.kafka010.KafkaSourceProvider@9548a37]
2025-11-09 02:41:00 [stream execution thread for [id = e123f9c8-d19c-41e2-88eb-8480f10af44c, runId = acc8c8f1-6cd6-4bd1-8dd0-6114e54b35b3]] INFO  o.a.s.s.e.streaming.OffsetSeqLog - BatchIds found from listing: 
2025-11-09 02:41:00 [stream execution thread for [id = e123f9c8-d19c-41e2-88eb-8480f10af44c, runId = acc8c8f1-6cd6-4bd1-8dd0-6114e54b35b3]] INFO  o.a.s.s.e.streaming.OffsetSeqLog - BatchIds found from listing: 
2025-11-09 02:41:00 [stream execution thread for [id = e123f9c8-d19c-41e2-88eb-8480f10af44c, runId = acc8c8f1-6cd6-4bd1-8dd0-6114e54b35b3]] INFO  o.a.s.s.e.s.MicroBatchExecution - Starting new streaming query.
2025-11-09 02:41:00 [stream execution thread for [id = e123f9c8-d19c-41e2-88eb-8480f10af44c, runId = acc8c8f1-6cd6-4bd1-8dd0-6114e54b35b3]] INFO  o.a.s.s.e.s.MicroBatchExecution - Stream started from {}
2025-11-09 02:41:00 [stream execution thread for [id = e123f9c8-d19c-41e2-88eb-8480f10af44c, runId = acc8c8f1-6cd6-4bd1-8dd0-6114e54b35b3]] INFO  o.a.k.c.admin.AdminClientConfig - AdminClientConfig values: 
	auto.include.jmx.reporter = true
	bootstrap.servers = [localhost:9092]
	client.dns.lookup = use_all_dns_ips
	client.id = 
	connections.max.idle.ms = 300000
	default.api.timeout.ms = 60000
	metadata.max.age.ms = 300000
	metric.reporters = []
	metrics.num.samples = 2
	metrics.recording.level = INFO
	metrics.sample.window.ms = 30000
	receive.buffer.bytes = 65536
	reconnect.backoff.max.ms = 1000
	reconnect.backoff.ms = 50
	request.timeout.ms = 30000
	retries = 2147483647
	retry.backoff.ms = 100
	sasl.client.callback.handler.class = null
	sasl.jaas.config = [hidden]
	sasl.kerberos.kinit.cmd = /usr/bin/kinit
	sasl.kerberos.min.time.before.relogin = 60000
	sasl.kerberos.service.name = null
	sasl.kerberos.ticket.renew.jitter = 0.05
	sasl.kerberos.ticket.renew.window.factor = 0.8
	sasl.login.callback.handler.class = null
	sasl.login.class = null
	sasl.login.connect.timeout.ms = null
	sasl.login.read.timeout.ms = null
	sasl.login.refresh.buffer.seconds = 300
	sasl.login.refresh.min.period.seconds = 60
	sasl.login.refresh.window.factor = 0.8
	sasl.login.refresh.window.jitter = 0.05
	sasl.login.retry.backoff.max.ms = 10000
	sasl.login.retry.backoff.ms = 100
	sasl.mechanism = PLAIN
	sasl.oauthbearer.clock.skew.seconds = 30
	sasl.oauthbearer.expected.audience = null
	sasl.oauthbearer.expected.issuer = null
	sasl.oauthbearer.jwks.endpoint.refresh.ms = 3600000
	sasl.oauthbearer.jwks.endpoint.retry.backoff.max.ms = 10000
	sasl.oauthbearer.jwks.endpoint.retry.backoff.ms = 100
	sasl.oauthbearer.jwks.endpoint.url = null
	sasl.oauthbearer.scope.claim.name = scope
	sasl.oauthbearer.sub.claim.name = sub
	sasl.oauthbearer.token.endpoint.url = null
	security.protocol = PLAINTEXT
	security.providers = null
	send.buffer.bytes = 131072
	socket.connection.setup.timeout.max.ms = 30000
	socket.connection.setup.timeout.ms = 10000
	ssl.cipher.suites = null
	ssl.enabled.protocols = [TLSv1.2, TLSv1.3]
	ssl.endpoint.identification.algorithm = https
	ssl.engine.factory.class = null
	ssl.key.password = null
	ssl.keymanager.algorithm = SunX509
	ssl.keystore.certificate.chain = null
	ssl.keystore.key = null
	ssl.keystore.location = null
	ssl.keystore.password = null
	ssl.keystore.type = JKS
	ssl.protocol = TLSv1.3
	ssl.provider = null
	ssl.secure.random.implementation = null
	ssl.trustmanager.algorithm = PKIX
	ssl.truststore.certificates = null
	ssl.truststore.location = null
	ssl.truststore.password = null
	ssl.truststore.type = JKS

2025-11-09 02:41:00 [stream execution thread for [id = e123f9c8-d19c-41e2-88eb-8480f10af44c, runId = acc8c8f1-6cd6-4bd1-8dd0-6114e54b35b3]] INFO  o.a.k.c.admin.AdminClientConfig - These configurations '[key.deserializer, value.deserializer, enable.auto.commit, max.poll.records, sasl.jaas.config, auto.offset.reset]' were supplied but are not used yet.
2025-11-09 02:41:00 [stream execution thread for [id = e123f9c8-d19c-41e2-88eb-8480f10af44c, runId = acc8c8f1-6cd6-4bd1-8dd0-6114e54b35b3]] INFO  o.a.kafka.common.utils.AppInfoParser - Kafka version: 3.5.1
2025-11-09 02:41:00 [stream execution thread for [id = e123f9c8-d19c-41e2-88eb-8480f10af44c, runId = acc8c8f1-6cd6-4bd1-8dd0-6114e54b35b3]] INFO  o.a.kafka.common.utils.AppInfoParser - Kafka commitId: 2c6fb6c54472e90a
2025-11-09 02:41:00 [stream execution thread for [id = e123f9c8-d19c-41e2-88eb-8480f10af44c, runId = acc8c8f1-6cd6-4bd1-8dd0-6114e54b35b3]] INFO  o.a.kafka.common.utils.AppInfoParser - Kafka startTimeMs: 1762636260963
2025-11-09 02:41:46 [shutdown-hook-0] INFO  org.apache.spark.SparkContext - Invoking stop() from shutdown hook
2025-11-09 02:41:46 [shutdown-hook-0] INFO  org.apache.spark.SparkContext - SparkContext is stopping with exitCode 0.
2025-11-09 02:41:46 [shutdown-hook-0] INFO  o.s.jetty.server.AbstractConnector - Stopped Spark@14ef2482{HTTP/1.1, (http/1.1)}{0.0.0.0:4040}
2025-11-09 02:41:46 [shutdown-hook-0] INFO  org.apache.spark.ui.SparkUI - Stopped Spark web UI at http://127.0.0.1:4040
2025-11-09 02:41:46 [dispatcher-event-loop-4] INFO  o.a.s.MapOutputTrackerMasterEndpoint - MapOutputTrackerMasterEndpoint stopped!
2025-11-09 02:41:46 [shutdown-hook-0] INFO  o.a.spark.storage.memory.MemoryStore - MemoryStore cleared
2025-11-09 02:41:46 [shutdown-hook-0] INFO  o.apache.spark.storage.BlockManager - BlockManager stopped
2025-11-09 02:41:46 [shutdown-hook-0] INFO  o.a.spark.storage.BlockManagerMaster - BlockManagerMaster stopped
2025-11-09 02:41:46 [dispatcher-event-loop-0] INFO  o.a.s.s.OutputCommitCoordinator$OutputCommitCoordinatorEndpoint - OutputCommitCoordinator stopped!
2025-11-09 02:41:46 [shutdown-hook-0] INFO  org.apache.spark.SparkContext - Successfully stopped SparkContext
2025-11-09 02:41:46 [shutdown-hook-0] INFO  o.a.spark.util.ShutdownHookManager - Shutdown hook called
2025-11-09 02:41:46 [shutdown-hook-0] INFO  o.a.spark.util.ShutdownHookManager - Deleting directory /private/var/folders/d1/0lfypfw93vx8vhhstp40dlv40000gn/T/spark-667d2513-9668-424a-a256-705afc597460
2025-11-09 02:41:46 [shutdown-hook-0] INFO  o.a.spark.util.ShutdownHookManager - Deleting directory /private/var/folders/d1/0lfypfw93vx8vhhstp40dlv40000gn/T/temporary-1c82a23a-0e66-4a64-855f-182f9a8b9efe
2025-11-09 02:42:02 [main] WARN  org.apache.spark.util.Utils - Your hostname, Soumyas-MacBook-Air.local resolves to a loopback address: 127.0.0.1; using 192.168.1.6 instead (on interface en0)
2025-11-09 02:42:02 [main] WARN  org.apache.spark.util.Utils - Set SPARK_LOCAL_IP if you need to bind to another address
2025-11-09 02:42:02 [main] INFO  org.apache.spark.SparkContext - Running Spark version 3.4.1
2025-11-09 02:42:02 [main] WARN  o.a.hadoop.util.NativeCodeLoader - Unable to load native-hadoop library for your platform... using builtin-java classes where applicable
2025-11-09 02:44:36 [main] WARN  org.apache.spark.util.Utils - Your hostname, Soumyas-MacBook-Air.local resolves to a loopback address: 127.0.0.1; using 192.168.1.6 instead (on interface en0)
2025-11-09 02:44:36 [main] WARN  org.apache.spark.util.Utils - Set SPARK_LOCAL_IP if you need to bind to another address
2025-11-09 02:44:36 [main] INFO  org.apache.spark.SparkContext - Running Spark version 3.4.1
2025-11-09 02:44:36 [main] WARN  o.a.hadoop.util.NativeCodeLoader - Unable to load native-hadoop library for your platform... using builtin-java classes where applicable
2025-11-09 02:44:37 [main] INFO  o.a.spark.resource.ResourceUtils - ==============================================================
2025-11-09 02:44:37 [main] INFO  o.a.spark.resource.ResourceUtils - No custom resources configured for spark.driver.
2025-11-09 02:44:37 [main] INFO  o.a.spark.resource.ResourceUtils - ==============================================================
2025-11-09 02:44:37 [main] INFO  org.apache.spark.SparkContext - Submitted application: FraudDetection
2025-11-09 02:44:37 [main] INFO  o.a.spark.resource.ResourceProfile - Default ResourceProfile created, executor resources: Map(cores -> name: cores, amount: 1, script: , vendor: , memory -> name: memory, amount: 1024, script: , vendor: , offHeap -> name: offHeap, amount: 0, script: , vendor: ), task resources: Map(cpus -> name: cpus, amount: 1.0)
2025-11-09 02:44:37 [main] INFO  o.a.spark.resource.ResourceProfile - Limiting resource is cpu
2025-11-09 02:44:37 [main] INFO  o.a.s.r.ResourceProfileManager - Added ResourceProfile id: 0
2025-11-09 02:44:37 [main] INFO  org.apache.spark.SecurityManager - Changing view acls to: soumyagupta
2025-11-09 02:44:37 [main] INFO  org.apache.spark.SecurityManager - Changing modify acls to: soumyagupta
2025-11-09 02:44:37 [main] INFO  org.apache.spark.SecurityManager - Changing view acls groups to: 
2025-11-09 02:44:37 [main] INFO  org.apache.spark.SecurityManager - Changing modify acls groups to: 
2025-11-09 02:44:37 [main] INFO  org.apache.spark.SecurityManager - SecurityManager: authentication disabled; ui acls disabled; users with view permissions: soumyagupta; groups with view permissions: EMPTY; users with modify permissions: soumyagupta; groups with modify permissions: EMPTY
2025-11-09 02:44:37 [main] INFO  org.apache.spark.util.Utils - Successfully started service 'sparkDriver' on port 51042.
2025-11-09 02:44:37 [main] INFO  org.apache.spark.SparkEnv - Registering MapOutputTracker
2025-11-09 02:44:37 [main] INFO  org.apache.spark.SparkEnv - Registering BlockManagerMaster
2025-11-09 02:44:37 [main] INFO  o.a.s.s.BlockManagerMasterEndpoint - Using org.apache.spark.storage.DefaultTopologyMapper for getting topology information
2025-11-09 02:44:37 [main] INFO  o.a.s.s.BlockManagerMasterEndpoint - BlockManagerMasterEndpoint up
2025-11-09 02:44:37 [main] INFO  org.apache.spark.SparkEnv - Registering BlockManagerMasterHeartbeat
2025-11-09 02:44:37 [main] INFO  o.a.spark.storage.DiskBlockManager - Created local directory at /private/var/folders/d1/0lfypfw93vx8vhhstp40dlv40000gn/T/blockmgr-15dce806-8b6f-4241-b9b2-d1e4a49b74d2
2025-11-09 02:44:37 [main] INFO  o.a.spark.storage.memory.MemoryStore - MemoryStore started with capacity 1048.8 MiB
2025-11-09 02:44:37 [main] INFO  org.apache.spark.SparkEnv - Registering OutputCommitCoordinator
2025-11-09 02:44:37 [main] INFO  org.sparkproject.jetty.util.log - Logging initialized @1221ms to org.sparkproject.jetty.util.log.Slf4jLog
2025-11-09 02:44:37 [main] INFO  org.apache.spark.ui.JettyUtils - Start Jetty 0.0.0.0:4040 for SparkUI
2025-11-09 02:44:37 [main] INFO  o.sparkproject.jetty.server.Server - jetty-9.4.50.v20221201; built: 2022-12-01T22:07:03.915Z; git: da9a0b30691a45daf90a9f17b5defa2f1434f882; jvm 11.0.29+0
2025-11-09 02:44:37 [main] INFO  o.sparkproject.jetty.server.Server - Started @1278ms
2025-11-09 02:44:37 [main] INFO  o.s.jetty.server.AbstractConnector - Started ServerConnector@14ef2482{HTTP/1.1, (http/1.1)}{0.0.0.0:4040}
2025-11-09 02:44:37 [main] INFO  org.apache.spark.util.Utils - Successfully started service 'SparkUI' on port 4040.
2025-11-09 02:44:37 [main] INFO  o.s.j.server.handler.ContextHandler - Started o.s.j.s.ServletContextHandler@35d5ac51{/,null,AVAILABLE,@Spark}
2025-11-09 02:44:37 [main] INFO  org.apache.spark.executor.Executor - Starting executor ID driver on host 192.168.1.6
2025-11-09 02:44:37 [main] INFO  org.apache.spark.executor.Executor - Starting executor with user classpath (userClassPathFirst = false): ''
2025-11-09 02:44:37 [main] INFO  org.apache.spark.util.Utils - Successfully started service 'org.apache.spark.network.netty.NettyBlockTransferService' on port 51043.
2025-11-09 02:44:37 [main] INFO  o.a.s.n.n.NettyBlockTransferService - Server created on 127.0.0.1:51043
2025-11-09 02:44:37 [main] INFO  o.apache.spark.storage.BlockManager - Using org.apache.spark.storage.RandomBlockReplicationPolicy for block replication policy
2025-11-09 02:44:37 [main] INFO  o.a.spark.storage.BlockManagerMaster - Registering BlockManager BlockManagerId(driver, 127.0.0.1, 51043, None)
2025-11-09 02:44:37 [dispatcher-BlockManagerMaster] INFO  o.a.s.s.BlockManagerMasterEndpoint - Registering block manager 127.0.0.1:51043 with 1048.8 MiB RAM, BlockManagerId(driver, 127.0.0.1, 51043, None)
2025-11-09 02:44:37 [main] INFO  o.a.spark.storage.BlockManagerMaster - Registered BlockManager BlockManagerId(driver, 127.0.0.1, 51043, None)
2025-11-09 02:44:37 [main] INFO  o.apache.spark.storage.BlockManager - Initialized BlockManager: BlockManagerId(driver, 127.0.0.1, 51043, None)
2025-11-09 02:44:37 [main] INFO  o.s.j.server.handler.ContextHandler - Stopped o.s.j.s.ServletContextHandler@35d5ac51{/,null,STOPPED,@Spark}
2025-11-09 02:44:37 [main] INFO  o.s.j.server.handler.ContextHandler - Started o.s.j.s.ServletContextHandler@1835dc92{/jobs,null,AVAILABLE,@Spark}
2025-11-09 02:44:37 [main] INFO  o.s.j.server.handler.ContextHandler - Started o.s.j.s.ServletContextHandler@65a9ea3c{/jobs/json,null,AVAILABLE,@Spark}
2025-11-09 02:44:37 [main] INFO  o.s.j.server.handler.ContextHandler - Started o.s.j.s.ServletContextHandler@7e351d7{/jobs/job,null,AVAILABLE,@Spark}
2025-11-09 02:44:37 [main] INFO  o.s.j.server.handler.ContextHandler - Started o.s.j.s.ServletContextHandler@d902300{/jobs/job/json,null,AVAILABLE,@Spark}
2025-11-09 02:44:37 [main] INFO  o.s.j.server.handler.ContextHandler - Started o.s.j.s.ServletContextHandler@30c3ae63{/stages,null,AVAILABLE,@Spark}
2025-11-09 02:44:37 [main] INFO  o.s.j.server.handler.ContextHandler - Started o.s.j.s.ServletContextHandler@54e12f4c{/stages/json,null,AVAILABLE,@Spark}
2025-11-09 02:44:37 [main] INFO  o.s.j.server.handler.ContextHandler - Started o.s.j.s.ServletContextHandler@21263314{/stages/stage,null,AVAILABLE,@Spark}
2025-11-09 02:44:37 [main] INFO  o.s.j.server.handler.ContextHandler - Started o.s.j.s.ServletContextHandler@4a92c6a9{/stages/stage/json,null,AVAILABLE,@Spark}
2025-11-09 02:44:37 [main] INFO  o.s.j.server.handler.ContextHandler - Started o.s.j.s.ServletContextHandler@4cb702ce{/stages/pool,null,AVAILABLE,@Spark}
2025-11-09 02:44:37 [main] INFO  o.s.j.server.handler.ContextHandler - Started o.s.j.s.ServletContextHandler@64c781a9{/stages/pool/json,null,AVAILABLE,@Spark}
2025-11-09 02:44:37 [main] INFO  o.s.j.server.handler.ContextHandler - Started o.s.j.s.ServletContextHandler@5b88b8e{/storage,null,AVAILABLE,@Spark}
2025-11-09 02:44:37 [main] INFO  o.s.j.server.handler.ContextHandler - Started o.s.j.s.ServletContextHandler@b73433{/storage/json,null,AVAILABLE,@Spark}
2025-11-09 02:44:37 [main] INFO  o.s.j.server.handler.ContextHandler - Started o.s.j.s.ServletContextHandler@5a545b0f{/storage/rdd,null,AVAILABLE,@Spark}
2025-11-09 02:44:37 [main] INFO  o.s.j.server.handler.ContextHandler - Started o.s.j.s.ServletContextHandler@124dac75{/storage/rdd/json,null,AVAILABLE,@Spark}
2025-11-09 02:44:37 [main] INFO  o.s.j.server.handler.ContextHandler - Started o.s.j.s.ServletContextHandler@7b61bf11{/environment,null,AVAILABLE,@Spark}
2025-11-09 02:44:37 [main] INFO  o.s.j.server.handler.ContextHandler - Started o.s.j.s.ServletContextHandler@3ff54f3d{/environment/json,null,AVAILABLE,@Spark}
2025-11-09 02:44:37 [main] INFO  o.s.j.server.handler.ContextHandler - Started o.s.j.s.ServletContextHandler@62a68bcb{/executors,null,AVAILABLE,@Spark}
2025-11-09 02:44:37 [main] INFO  o.s.j.server.handler.ContextHandler - Started o.s.j.s.ServletContextHandler@14924f41{/executors/json,null,AVAILABLE,@Spark}
2025-11-09 02:44:37 [main] INFO  o.s.j.server.handler.ContextHandler - Started o.s.j.s.ServletContextHandler@1f939a0f{/executors/threadDump,null,AVAILABLE,@Spark}
2025-11-09 02:44:37 [main] INFO  o.s.j.server.handler.ContextHandler - Started o.s.j.s.ServletContextHandler@430b2699{/executors/threadDump/json,null,AVAILABLE,@Spark}
2025-11-09 02:44:37 [main] INFO  o.s.j.server.handler.ContextHandler - Started o.s.j.s.ServletContextHandler@6413d7e7{/static,null,AVAILABLE,@Spark}
2025-11-09 02:44:37 [main] INFO  o.s.j.server.handler.ContextHandler - Started o.s.j.s.ServletContextHandler@7d986d83{/,null,AVAILABLE,@Spark}
2025-11-09 02:44:37 [main] INFO  o.s.j.server.handler.ContextHandler - Started o.s.j.s.ServletContextHandler@3a7e365{/api,null,AVAILABLE,@Spark}
2025-11-09 02:44:37 [main] INFO  o.s.j.server.handler.ContextHandler - Started o.s.j.s.ServletContextHandler@68e02f33{/jobs/job/kill,null,AVAILABLE,@Spark}
2025-11-09 02:44:37 [main] INFO  o.s.j.server.handler.ContextHandler - Started o.s.j.s.ServletContextHandler@d48e998{/stages/stage/kill,null,AVAILABLE,@Spark}
2025-11-09 02:44:37 [main] INFO  o.s.j.server.handler.ContextHandler - Started o.s.j.s.ServletContextHandler@27a09971{/metrics/json,null,AVAILABLE,@Spark}
2025-11-09 02:44:37 [main] INFO  o.a.spark.sql.internal.SharedState - Setting hive.metastore.warehouse.dir ('null') to the value of spark.sql.warehouse.dir.
2025-11-09 02:44:37 [main] INFO  o.a.spark.sql.internal.SharedState - Warehouse path is 'file:/Users/soumyagupta/IdeaProjects/fraud-detection/spark-warehouse'.
2025-11-09 02:44:37 [main] INFO  o.s.j.server.handler.ContextHandler - Started o.s.j.s.ServletContextHandler@29013ef2{/SQL,null,AVAILABLE,@Spark}
2025-11-09 02:44:37 [main] INFO  o.s.j.server.handler.ContextHandler - Started o.s.j.s.ServletContextHandler@5b2b8d86{/SQL/json,null,AVAILABLE,@Spark}
2025-11-09 02:44:37 [main] INFO  o.s.j.server.handler.ContextHandler - Started o.s.j.s.ServletContextHandler@19827608{/SQL/execution,null,AVAILABLE,@Spark}
2025-11-09 02:44:37 [main] INFO  o.s.j.server.handler.ContextHandler - Started o.s.j.s.ServletContextHandler@14b528b6{/SQL/execution/json,null,AVAILABLE,@Spark}
2025-11-09 02:44:37 [main] INFO  o.s.j.server.handler.ContextHandler - Started o.s.j.s.ServletContextHandler@fbe70d8{/static/sql,null,AVAILABLE,@Spark}
2025-11-09 02:44:39 [main] INFO  o.a.s.s.e.s.s.StateStoreCoordinatorRef - Registered StateStoreCoordinator endpoint
2025-11-09 02:44:39 [main] INFO  o.s.j.server.handler.ContextHandler - Started o.s.j.s.ServletContextHandler@33e6bd36{/StreamingQuery,null,AVAILABLE,@Spark}
2025-11-09 02:44:39 [main] INFO  o.s.j.server.handler.ContextHandler - Started o.s.j.s.ServletContextHandler@2db6ba81{/StreamingQuery/json,null,AVAILABLE,@Spark}
2025-11-09 02:44:39 [main] INFO  o.s.j.server.handler.ContextHandler - Started o.s.j.s.ServletContextHandler@8ce4320{/StreamingQuery/statistics,null,AVAILABLE,@Spark}
2025-11-09 02:44:39 [main] INFO  o.s.j.server.handler.ContextHandler - Started o.s.j.s.ServletContextHandler@3c538e62{/StreamingQuery/statistics/json,null,AVAILABLE,@Spark}
2025-11-09 02:44:39 [main] INFO  o.s.j.server.handler.ContextHandler - Started o.s.j.s.ServletContextHandler@2a9565d7{/static/sql,null,AVAILABLE,@Spark}
2025-11-09 02:44:39 [main] WARN  o.a.s.s.e.s.ResolveWriteToStream - Temporary checkpoint location created which is deleted normally when the query didn't fail: /private/var/folders/d1/0lfypfw93vx8vhhstp40dlv40000gn/T/temporary-98b3ea6e-6131-42b2-a14a-5542cf27b86f. If it's required to delete it under any circumstances, please set spark.sql.streaming.forceDeleteTempCheckpointLocation to true. Important to know deleting temp checkpoint folder is best effort.
2025-11-09 02:44:39 [main] INFO  o.a.s.s.e.s.ResolveWriteToStream - Checkpoint root /private/var/folders/d1/0lfypfw93vx8vhhstp40dlv40000gn/T/temporary-98b3ea6e-6131-42b2-a14a-5542cf27b86f resolved to file:/private/var/folders/d1/0lfypfw93vx8vhhstp40dlv40000gn/T/temporary-98b3ea6e-6131-42b2-a14a-5542cf27b86f.
2025-11-09 02:44:39 [main] WARN  o.a.s.s.e.s.ResolveWriteToStream - spark.sql.adaptive.enabled is not supported in streaming DataFrames/Datasets and will be disabled.
2025-11-09 02:44:39 [main] INFO  o.a.s.s.e.s.CheckpointFileManager - Writing atomically to file:/private/var/folders/d1/0lfypfw93vx8vhhstp40dlv40000gn/T/temporary-98b3ea6e-6131-42b2-a14a-5542cf27b86f/metadata using temp file file:/private/var/folders/d1/0lfypfw93vx8vhhstp40dlv40000gn/T/temporary-98b3ea6e-6131-42b2-a14a-5542cf27b86f/.metadata.801e96b6-39df-434c-a87d-2a249f8384c1.tmp
2025-11-09 02:44:39 [main] INFO  o.a.s.s.e.s.CheckpointFileManager - Renamed temp file file:/private/var/folders/d1/0lfypfw93vx8vhhstp40dlv40000gn/T/temporary-98b3ea6e-6131-42b2-a14a-5542cf27b86f/.metadata.801e96b6-39df-434c-a87d-2a249f8384c1.tmp to file:/private/var/folders/d1/0lfypfw93vx8vhhstp40dlv40000gn/T/temporary-98b3ea6e-6131-42b2-a14a-5542cf27b86f/metadata
2025-11-09 02:44:39 [main] INFO  o.a.s.s.e.s.MicroBatchExecution - Starting [id = 84bf112d-3f08-4ef1-b75d-21b78911cd22, runId = 22164d13-cefa-4cec-9e54-88a6b561e907]. Use file:/private/var/folders/d1/0lfypfw93vx8vhhstp40dlv40000gn/T/temporary-98b3ea6e-6131-42b2-a14a-5542cf27b86f to store the query checkpoint.
2025-11-09 02:44:39 [stream execution thread for [id = 84bf112d-3f08-4ef1-b75d-21b78911cd22, runId = 22164d13-cefa-4cec-9e54-88a6b561e907]] INFO  o.a.s.s.e.s.MicroBatchExecution - Reading table [org.apache.spark.sql.kafka010.KafkaSourceProvider$KafkaTable@4354a4f] from DataSourceV2 named 'kafka' [org.apache.spark.sql.kafka010.KafkaSourceProvider@53463f2e]
2025-11-09 02:44:39 [stream execution thread for [id = 84bf112d-3f08-4ef1-b75d-21b78911cd22, runId = 22164d13-cefa-4cec-9e54-88a6b561e907]] INFO  o.a.s.s.e.streaming.OffsetSeqLog - BatchIds found from listing: 
2025-11-09 02:44:39 [stream execution thread for [id = 84bf112d-3f08-4ef1-b75d-21b78911cd22, runId = 22164d13-cefa-4cec-9e54-88a6b561e907]] INFO  o.a.s.s.e.streaming.OffsetSeqLog - BatchIds found from listing: 
2025-11-09 02:44:39 [stream execution thread for [id = 84bf112d-3f08-4ef1-b75d-21b78911cd22, runId = 22164d13-cefa-4cec-9e54-88a6b561e907]] INFO  o.a.s.s.e.s.MicroBatchExecution - Starting new streaming query.
2025-11-09 02:44:39 [stream execution thread for [id = 84bf112d-3f08-4ef1-b75d-21b78911cd22, runId = 22164d13-cefa-4cec-9e54-88a6b561e907]] INFO  o.a.s.s.e.s.MicroBatchExecution - Stream started from {}
2025-11-09 02:44:39 [stream execution thread for [id = 84bf112d-3f08-4ef1-b75d-21b78911cd22, runId = 22164d13-cefa-4cec-9e54-88a6b561e907]] INFO  o.a.k.c.admin.AdminClientConfig - AdminClientConfig values: 
	auto.include.jmx.reporter = true
	bootstrap.servers = [localhost:9092]
	client.dns.lookup = use_all_dns_ips
	client.id = 
	connections.max.idle.ms = 300000
	default.api.timeout.ms = 60000
	metadata.max.age.ms = 300000
	metric.reporters = []
	metrics.num.samples = 2
	metrics.recording.level = INFO
	metrics.sample.window.ms = 30000
	receive.buffer.bytes = 65536
	reconnect.backoff.max.ms = 1000
	reconnect.backoff.ms = 50
	request.timeout.ms = 30000
	retries = 2147483647
	retry.backoff.ms = 100
	sasl.client.callback.handler.class = null
	sasl.jaas.config = [hidden]
	sasl.kerberos.kinit.cmd = /usr/bin/kinit
	sasl.kerberos.min.time.before.relogin = 60000
	sasl.kerberos.service.name = null
	sasl.kerberos.ticket.renew.jitter = 0.05
	sasl.kerberos.ticket.renew.window.factor = 0.8
	sasl.login.callback.handler.class = null
	sasl.login.class = null
	sasl.login.connect.timeout.ms = null
	sasl.login.read.timeout.ms = null
	sasl.login.refresh.buffer.seconds = 300
	sasl.login.refresh.min.period.seconds = 60
	sasl.login.refresh.window.factor = 0.8
	sasl.login.refresh.window.jitter = 0.05
	sasl.login.retry.backoff.max.ms = 10000
	sasl.login.retry.backoff.ms = 100
	sasl.mechanism = PLAIN
	sasl.oauthbearer.clock.skew.seconds = 30
	sasl.oauthbearer.expected.audience = null
	sasl.oauthbearer.expected.issuer = null
	sasl.oauthbearer.jwks.endpoint.refresh.ms = 3600000
	sasl.oauthbearer.jwks.endpoint.retry.backoff.max.ms = 10000
	sasl.oauthbearer.jwks.endpoint.retry.backoff.ms = 100
	sasl.oauthbearer.jwks.endpoint.url = null
	sasl.oauthbearer.scope.claim.name = scope
	sasl.oauthbearer.sub.claim.name = sub
	sasl.oauthbearer.token.endpoint.url = null
	security.protocol = PLAINTEXT
	security.providers = null
	send.buffer.bytes = 131072
	socket.connection.setup.timeout.max.ms = 30000
	socket.connection.setup.timeout.ms = 10000
	ssl.cipher.suites = null
	ssl.enabled.protocols = [TLSv1.2, TLSv1.3]
	ssl.endpoint.identification.algorithm = https
	ssl.engine.factory.class = null
	ssl.key.password = null
	ssl.keymanager.algorithm = SunX509
	ssl.keystore.certificate.chain = null
	ssl.keystore.key = null
	ssl.keystore.location = null
	ssl.keystore.password = null
	ssl.keystore.type = JKS
	ssl.protocol = TLSv1.3
	ssl.provider = null
	ssl.secure.random.implementation = null
	ssl.trustmanager.algorithm = PKIX
	ssl.truststore.certificates = null
	ssl.truststore.location = null
	ssl.truststore.password = null
	ssl.truststore.type = JKS

2025-11-09 02:44:39 [stream execution thread for [id = 84bf112d-3f08-4ef1-b75d-21b78911cd22, runId = 22164d13-cefa-4cec-9e54-88a6b561e907]] INFO  o.a.k.c.admin.AdminClientConfig - These configurations '[key.deserializer, value.deserializer, enable.auto.commit, max.poll.records, sasl.jaas.config, auto.offset.reset]' were supplied but are not used yet.
2025-11-09 02:44:39 [stream execution thread for [id = 84bf112d-3f08-4ef1-b75d-21b78911cd22, runId = 22164d13-cefa-4cec-9e54-88a6b561e907]] INFO  o.a.kafka.common.utils.AppInfoParser - Kafka version: 3.5.1
2025-11-09 02:44:39 [stream execution thread for [id = 84bf112d-3f08-4ef1-b75d-21b78911cd22, runId = 22164d13-cefa-4cec-9e54-88a6b561e907]] INFO  o.a.kafka.common.utils.AppInfoParser - Kafka commitId: 2c6fb6c54472e90a
2025-11-09 02:44:39 [stream execution thread for [id = 84bf112d-3f08-4ef1-b75d-21b78911cd22, runId = 22164d13-cefa-4cec-9e54-88a6b561e907]] INFO  o.a.kafka.common.utils.AppInfoParser - Kafka startTimeMs: 1762636479579
2025-11-09 02:44:55 [main] WARN  org.apache.spark.util.Utils - Your hostname, Soumyas-MacBook-Air.local resolves to a loopback address: 127.0.0.1; using 192.168.1.6 instead (on interface en0)
2025-11-09 02:44:55 [main] WARN  org.apache.spark.util.Utils - Set SPARK_LOCAL_IP if you need to bind to another address
2025-11-09 02:44:55 [main] INFO  org.apache.spark.SparkContext - Running Spark version 3.4.1
2025-11-09 02:44:55 [main] WARN  o.a.hadoop.util.NativeCodeLoader - Unable to load native-hadoop library for your platform... using builtin-java classes where applicable
2025-11-09 02:44:55 [main] INFO  o.a.spark.resource.ResourceUtils - ==============================================================
2025-11-09 02:44:55 [main] INFO  o.a.spark.resource.ResourceUtils - No custom resources configured for spark.driver.
2025-11-09 02:44:55 [main] INFO  o.a.spark.resource.ResourceUtils - ==============================================================
2025-11-09 02:44:55 [main] INFO  org.apache.spark.SparkContext - Submitted application: FraudDetection
2025-11-09 02:44:55 [main] INFO  o.a.spark.resource.ResourceProfile - Default ResourceProfile created, executor resources: Map(cores -> name: cores, amount: 1, script: , vendor: , memory -> name: memory, amount: 1024, script: , vendor: , offHeap -> name: offHeap, amount: 0, script: , vendor: ), task resources: Map(cpus -> name: cpus, amount: 1.0)
2025-11-09 02:44:55 [main] INFO  o.a.spark.resource.ResourceProfile - Limiting resource is cpu
2025-11-09 02:44:55 [main] INFO  o.a.s.r.ResourceProfileManager - Added ResourceProfile id: 0
2025-11-09 02:44:55 [main] INFO  org.apache.spark.SecurityManager - Changing view acls to: soumyagupta
2025-11-09 02:44:55 [main] INFO  org.apache.spark.SecurityManager - Changing modify acls to: soumyagupta
2025-11-09 02:44:55 [main] INFO  org.apache.spark.SecurityManager - Changing view acls groups to: 
2025-11-09 02:44:55 [main] INFO  org.apache.spark.SecurityManager - Changing modify acls groups to: 
2025-11-09 02:44:55 [main] INFO  org.apache.spark.SecurityManager - SecurityManager: authentication disabled; ui acls disabled; users with view permissions: soumyagupta; groups with view permissions: EMPTY; users with modify permissions: soumyagupta; groups with modify permissions: EMPTY
2025-11-09 02:44:55 [main] INFO  org.apache.spark.util.Utils - Successfully started service 'sparkDriver' on port 51050.
2025-11-09 02:44:55 [main] INFO  org.apache.spark.SparkEnv - Registering MapOutputTracker
2025-11-09 02:44:55 [main] INFO  org.apache.spark.SparkEnv - Registering BlockManagerMaster
2025-11-09 02:44:55 [main] INFO  o.a.s.s.BlockManagerMasterEndpoint - Using org.apache.spark.storage.DefaultTopologyMapper for getting topology information
2025-11-09 02:44:55 [main] INFO  o.a.s.s.BlockManagerMasterEndpoint - BlockManagerMasterEndpoint up
2025-11-09 02:44:55 [main] INFO  org.apache.spark.SparkEnv - Registering BlockManagerMasterHeartbeat
2025-11-09 02:44:55 [main] INFO  o.a.spark.storage.DiskBlockManager - Created local directory at /private/var/folders/d1/0lfypfw93vx8vhhstp40dlv40000gn/T/blockmgr-62c6ce4f-3ee6-4782-8b9c-f59fbe9d303f
2025-11-09 02:44:55 [main] INFO  o.a.spark.storage.memory.MemoryStore - MemoryStore started with capacity 1048.8 MiB
2025-11-09 02:44:55 [main] INFO  org.apache.spark.SparkEnv - Registering OutputCommitCoordinator
2025-11-09 02:44:55 [main] INFO  org.sparkproject.jetty.util.log - Logging initialized @1190ms to org.sparkproject.jetty.util.log.Slf4jLog
2025-11-09 02:44:55 [main] INFO  org.apache.spark.ui.JettyUtils - Start Jetty 0.0.0.0:4040 for SparkUI
2025-11-09 02:44:55 [main] INFO  o.sparkproject.jetty.server.Server - jetty-9.4.50.v20221201; built: 2022-12-01T22:07:03.915Z; git: da9a0b30691a45daf90a9f17b5defa2f1434f882; jvm 11.0.29+0
2025-11-09 02:44:55 [main] INFO  o.sparkproject.jetty.server.Server - Started @1247ms
2025-11-09 02:44:55 [main] WARN  org.apache.spark.util.Utils - Service 'SparkUI' could not bind on port 4040. Attempting port 4041.
2025-11-09 02:44:55 [main] INFO  o.s.jetty.server.AbstractConnector - Started ServerConnector@659051b9{HTTP/1.1, (http/1.1)}{0.0.0.0:4041}
2025-11-09 02:44:55 [main] INFO  org.apache.spark.util.Utils - Successfully started service 'SparkUI' on port 4041.
2025-11-09 02:44:55 [main] INFO  o.s.j.server.handler.ContextHandler - Started o.s.j.s.ServletContextHandler@2d9dff65{/,null,AVAILABLE,@Spark}
2025-11-09 02:44:55 [main] INFO  org.apache.spark.executor.Executor - Starting executor ID driver on host 192.168.1.6
2025-11-09 02:44:55 [main] INFO  org.apache.spark.executor.Executor - Starting executor with user classpath (userClassPathFirst = false): ''
2025-11-09 02:44:55 [main] INFO  org.apache.spark.util.Utils - Successfully started service 'org.apache.spark.network.netty.NettyBlockTransferService' on port 51051.
2025-11-09 02:44:55 [main] INFO  o.a.s.n.n.NettyBlockTransferService - Server created on 127.0.0.1:51051
2025-11-09 02:44:55 [main] INFO  o.apache.spark.storage.BlockManager - Using org.apache.spark.storage.RandomBlockReplicationPolicy for block replication policy
2025-11-09 02:44:55 [main] INFO  o.a.spark.storage.BlockManagerMaster - Registering BlockManager BlockManagerId(driver, 127.0.0.1, 51051, None)
2025-11-09 02:44:55 [dispatcher-BlockManagerMaster] INFO  o.a.s.s.BlockManagerMasterEndpoint - Registering block manager 127.0.0.1:51051 with 1048.8 MiB RAM, BlockManagerId(driver, 127.0.0.1, 51051, None)
2025-11-09 02:44:55 [main] INFO  o.a.spark.storage.BlockManagerMaster - Registered BlockManager BlockManagerId(driver, 127.0.0.1, 51051, None)
2025-11-09 02:44:55 [main] INFO  o.apache.spark.storage.BlockManager - Initialized BlockManager: BlockManagerId(driver, 127.0.0.1, 51051, None)
2025-11-09 02:44:55 [main] INFO  o.s.j.server.handler.ContextHandler - Stopped o.s.j.s.ServletContextHandler@2d9dff65{/,null,STOPPED,@Spark}
2025-11-09 02:44:55 [main] INFO  o.s.j.server.handler.ContextHandler - Started o.s.j.s.ServletContextHandler@4a92c6a9{/jobs,null,AVAILABLE,@Spark}
2025-11-09 02:44:55 [main] INFO  o.s.j.server.handler.ContextHandler - Started o.s.j.s.ServletContextHandler@4cb702ce{/jobs/json,null,AVAILABLE,@Spark}
2025-11-09 02:44:55 [main] INFO  o.s.j.server.handler.ContextHandler - Started o.s.j.s.ServletContextHandler@5b88b8e{/jobs/job,null,AVAILABLE,@Spark}
2025-11-09 02:44:55 [main] INFO  o.s.j.server.handler.ContextHandler - Started o.s.j.s.ServletContextHandler@b73433{/jobs/job/json,null,AVAILABLE,@Spark}
2025-11-09 02:44:55 [main] INFO  o.s.j.server.handler.ContextHandler - Started o.s.j.s.ServletContextHandler@5a545b0f{/stages,null,AVAILABLE,@Spark}
2025-11-09 02:44:55 [main] INFO  o.s.j.server.handler.ContextHandler - Started o.s.j.s.ServletContextHandler@124dac75{/stages/json,null,AVAILABLE,@Spark}
2025-11-09 02:44:55 [main] INFO  o.s.j.server.handler.ContextHandler - Started o.s.j.s.ServletContextHandler@62a68bcb{/stages/stage,null,AVAILABLE,@Spark}
2025-11-09 02:44:55 [main] INFO  o.s.j.server.handler.ContextHandler - Started o.s.j.s.ServletContextHandler@14924f41{/stages/stage/json,null,AVAILABLE,@Spark}
2025-11-09 02:44:55 [main] INFO  o.s.j.server.handler.ContextHandler - Started o.s.j.s.ServletContextHandler@1f939a0f{/stages/pool,null,AVAILABLE,@Spark}
2025-11-09 02:44:55 [main] INFO  o.s.j.server.handler.ContextHandler - Started o.s.j.s.ServletContextHandler@430b2699{/stages/pool/json,null,AVAILABLE,@Spark}
2025-11-09 02:44:55 [main] INFO  o.s.j.server.handler.ContextHandler - Started o.s.j.s.ServletContextHandler@6413d7e7{/storage,null,AVAILABLE,@Spark}
2025-11-09 02:44:55 [main] INFO  o.s.j.server.handler.ContextHandler - Started o.s.j.s.ServletContextHandler@17b37e9a{/storage/json,null,AVAILABLE,@Spark}
2025-11-09 02:44:55 [main] INFO  o.s.j.server.handler.ContextHandler - Started o.s.j.s.ServletContextHandler@111d5c97{/storage/rdd,null,AVAILABLE,@Spark}
2025-11-09 02:44:55 [main] INFO  o.s.j.server.handler.ContextHandler - Started o.s.j.s.ServletContextHandler@250a9031{/storage/rdd/json,null,AVAILABLE,@Spark}
2025-11-09 02:44:55 [main] INFO  o.s.j.server.handler.ContextHandler - Started o.s.j.s.ServletContextHandler@6d67f5eb{/environment,null,AVAILABLE,@Spark}
2025-11-09 02:44:55 [main] INFO  o.s.j.server.handler.ContextHandler - Started o.s.j.s.ServletContextHandler@3e1fd62b{/environment/json,null,AVAILABLE,@Spark}
2025-11-09 02:44:55 [main] INFO  o.s.j.server.handler.ContextHandler - Started o.s.j.s.ServletContextHandler@558b4942{/executors,null,AVAILABLE,@Spark}
2025-11-09 02:44:55 [main] INFO  o.s.j.server.handler.ContextHandler - Started o.s.j.s.ServletContextHandler@70025b99{/executors/json,null,AVAILABLE,@Spark}
2025-11-09 02:44:55 [main] INFO  o.s.j.server.handler.ContextHandler - Started o.s.j.s.ServletContextHandler@7134b8a7{/executors/threadDump,null,AVAILABLE,@Spark}
2025-11-09 02:44:55 [main] INFO  o.s.j.server.handler.ContextHandler - Started o.s.j.s.ServletContextHandler@40de8f93{/executors/threadDump/json,null,AVAILABLE,@Spark}
2025-11-09 02:44:55 [main] INFO  o.s.j.server.handler.ContextHandler - Started o.s.j.s.ServletContextHandler@3b55dd15{/static,null,AVAILABLE,@Spark}
2025-11-09 02:44:55 [main] INFO  o.s.j.server.handler.ContextHandler - Started o.s.j.s.ServletContextHandler@158ae284{/,null,AVAILABLE,@Spark}
2025-11-09 02:44:55 [main] INFO  o.s.j.server.handler.ContextHandler - Started o.s.j.s.ServletContextHandler@1a256d80{/api,null,AVAILABLE,@Spark}
2025-11-09 02:44:55 [main] INFO  o.s.j.server.handler.ContextHandler - Started o.s.j.s.ServletContextHandler@31a2a9fa{/jobs/job/kill,null,AVAILABLE,@Spark}
2025-11-09 02:44:55 [main] INFO  o.s.j.server.handler.ContextHandler - Started o.s.j.s.ServletContextHandler@27a09971{/stages/stage/kill,null,AVAILABLE,@Spark}
2025-11-09 02:44:55 [main] INFO  o.s.j.server.handler.ContextHandler - Started o.s.j.s.ServletContextHandler@36d33f4{/metrics/json,null,AVAILABLE,@Spark}
2025-11-09 02:44:56 [main] INFO  o.a.spark.sql.internal.SharedState - Setting hive.metastore.warehouse.dir ('null') to the value of spark.sql.warehouse.dir.
2025-11-09 02:44:56 [main] INFO  o.a.spark.sql.internal.SharedState - Warehouse path is 'file:/Users/soumyagupta/IdeaProjects/fraud-detection/spark-warehouse'.
2025-11-09 02:44:56 [main] INFO  o.s.j.server.handler.ContextHandler - Started o.s.j.s.ServletContextHandler@5db948c9{/SQL,null,AVAILABLE,@Spark}
2025-11-09 02:44:56 [main] INFO  o.s.j.server.handler.ContextHandler - Started o.s.j.s.ServletContextHandler@357c9bd9{/SQL/json,null,AVAILABLE,@Spark}
2025-11-09 02:44:56 [main] INFO  o.s.j.server.handler.ContextHandler - Started o.s.j.s.ServletContextHandler@4ae2e781{/SQL/execution,null,AVAILABLE,@Spark}
2025-11-09 02:44:56 [main] INFO  o.s.j.server.handler.ContextHandler - Started o.s.j.s.ServletContextHandler@2dd63e3{/SQL/execution/json,null,AVAILABLE,@Spark}
2025-11-09 02:44:56 [main] INFO  o.s.j.server.handler.ContextHandler - Started o.s.j.s.ServletContextHandler@6a2d867d{/static/sql,null,AVAILABLE,@Spark}
2025-11-09 02:44:57 [main] INFO  o.a.s.s.e.s.s.StateStoreCoordinatorRef - Registered StateStoreCoordinator endpoint
2025-11-09 02:44:57 [main] INFO  o.s.j.server.handler.ContextHandler - Started o.s.j.s.ServletContextHandler@5f5c0eda{/StreamingQuery,null,AVAILABLE,@Spark}
2025-11-09 02:44:57 [main] INFO  o.s.j.server.handler.ContextHandler - Started o.s.j.s.ServletContextHandler@3694461d{/StreamingQuery/json,null,AVAILABLE,@Spark}
2025-11-09 02:44:57 [main] INFO  o.s.j.server.handler.ContextHandler - Started o.s.j.s.ServletContextHandler@6655f3cd{/StreamingQuery/statistics,null,AVAILABLE,@Spark}
2025-11-09 02:44:57 [main] INFO  o.s.j.server.handler.ContextHandler - Started o.s.j.s.ServletContextHandler@19d13d04{/StreamingQuery/statistics/json,null,AVAILABLE,@Spark}
2025-11-09 02:44:57 [main] INFO  o.s.j.server.handler.ContextHandler - Started o.s.j.s.ServletContextHandler@5c7a06ec{/static/sql,null,AVAILABLE,@Spark}
2025-11-09 02:44:57 [main] WARN  o.a.s.s.e.s.ResolveWriteToStream - Temporary checkpoint location created which is deleted normally when the query didn't fail: /private/var/folders/d1/0lfypfw93vx8vhhstp40dlv40000gn/T/temporary-654cb63e-8e96-4ff8-bb58-4cc2031e32cf. If it's required to delete it under any circumstances, please set spark.sql.streaming.forceDeleteTempCheckpointLocation to true. Important to know deleting temp checkpoint folder is best effort.
2025-11-09 02:44:57 [main] INFO  o.a.s.s.e.s.ResolveWriteToStream - Checkpoint root /private/var/folders/d1/0lfypfw93vx8vhhstp40dlv40000gn/T/temporary-654cb63e-8e96-4ff8-bb58-4cc2031e32cf resolved to file:/private/var/folders/d1/0lfypfw93vx8vhhstp40dlv40000gn/T/temporary-654cb63e-8e96-4ff8-bb58-4cc2031e32cf.
2025-11-09 02:44:57 [main] WARN  o.a.s.s.e.s.ResolveWriteToStream - spark.sql.adaptive.enabled is not supported in streaming DataFrames/Datasets and will be disabled.
2025-11-09 02:44:57 [main] INFO  o.a.s.s.e.s.CheckpointFileManager - Writing atomically to file:/private/var/folders/d1/0lfypfw93vx8vhhstp40dlv40000gn/T/temporary-654cb63e-8e96-4ff8-bb58-4cc2031e32cf/metadata using temp file file:/private/var/folders/d1/0lfypfw93vx8vhhstp40dlv40000gn/T/temporary-654cb63e-8e96-4ff8-bb58-4cc2031e32cf/.metadata.c40ed73e-001e-4d26-a577-c075e9292e3c.tmp
2025-11-09 02:44:57 [main] INFO  o.a.s.s.e.s.CheckpointFileManager - Renamed temp file file:/private/var/folders/d1/0lfypfw93vx8vhhstp40dlv40000gn/T/temporary-654cb63e-8e96-4ff8-bb58-4cc2031e32cf/.metadata.c40ed73e-001e-4d26-a577-c075e9292e3c.tmp to file:/private/var/folders/d1/0lfypfw93vx8vhhstp40dlv40000gn/T/temporary-654cb63e-8e96-4ff8-bb58-4cc2031e32cf/metadata
2025-11-09 02:44:57 [main] INFO  o.a.s.s.e.s.MicroBatchExecution - Starting [id = fa71c45e-83b0-41a9-88f8-50348a5ba951, runId = 4f837f35-e769-4b1d-a9fe-05ae3b47ad52]. Use file:/private/var/folders/d1/0lfypfw93vx8vhhstp40dlv40000gn/T/temporary-654cb63e-8e96-4ff8-bb58-4cc2031e32cf to store the query checkpoint.
2025-11-09 02:44:57 [stream execution thread for [id = fa71c45e-83b0-41a9-88f8-50348a5ba951, runId = 4f837f35-e769-4b1d-a9fe-05ae3b47ad52]] INFO  o.a.s.s.e.s.MicroBatchExecution - Reading table [org.apache.spark.sql.kafka010.KafkaSourceProvider$KafkaTable@501324f2] from DataSourceV2 named 'kafka' [org.apache.spark.sql.kafka010.KafkaSourceProvider@4cbd650b]
2025-11-09 02:44:57 [stream execution thread for [id = fa71c45e-83b0-41a9-88f8-50348a5ba951, runId = 4f837f35-e769-4b1d-a9fe-05ae3b47ad52]] INFO  o.a.s.s.e.streaming.OffsetSeqLog - BatchIds found from listing: 
2025-11-09 02:44:57 [stream execution thread for [id = fa71c45e-83b0-41a9-88f8-50348a5ba951, runId = 4f837f35-e769-4b1d-a9fe-05ae3b47ad52]] INFO  o.a.s.s.e.streaming.OffsetSeqLog - BatchIds found from listing: 
2025-11-09 02:44:57 [stream execution thread for [id = fa71c45e-83b0-41a9-88f8-50348a5ba951, runId = 4f837f35-e769-4b1d-a9fe-05ae3b47ad52]] INFO  o.a.s.s.e.s.MicroBatchExecution - Starting new streaming query.
2025-11-09 02:44:57 [stream execution thread for [id = fa71c45e-83b0-41a9-88f8-50348a5ba951, runId = 4f837f35-e769-4b1d-a9fe-05ae3b47ad52]] INFO  o.a.s.s.e.s.MicroBatchExecution - Stream started from {}
2025-11-09 02:44:57 [stream execution thread for [id = fa71c45e-83b0-41a9-88f8-50348a5ba951, runId = 4f837f35-e769-4b1d-a9fe-05ae3b47ad52]] INFO  o.a.k.c.admin.AdminClientConfig - AdminClientConfig values: 
	auto.include.jmx.reporter = true
	bootstrap.servers = [localhost:9092]
	client.dns.lookup = use_all_dns_ips
	client.id = 
	connections.max.idle.ms = 300000
	default.api.timeout.ms = 60000
	metadata.max.age.ms = 300000
	metric.reporters = []
	metrics.num.samples = 2
	metrics.recording.level = INFO
	metrics.sample.window.ms = 30000
	receive.buffer.bytes = 65536
	reconnect.backoff.max.ms = 1000
	reconnect.backoff.ms = 50
	request.timeout.ms = 30000
	retries = 2147483647
	retry.backoff.ms = 100
	sasl.client.callback.handler.class = null
	sasl.jaas.config = [hidden]
	sasl.kerberos.kinit.cmd = /usr/bin/kinit
	sasl.kerberos.min.time.before.relogin = 60000
	sasl.kerberos.service.name = null
	sasl.kerberos.ticket.renew.jitter = 0.05
	sasl.kerberos.ticket.renew.window.factor = 0.8
	sasl.login.callback.handler.class = null
	sasl.login.class = null
	sasl.login.connect.timeout.ms = null
	sasl.login.read.timeout.ms = null
	sasl.login.refresh.buffer.seconds = 300
	sasl.login.refresh.min.period.seconds = 60
	sasl.login.refresh.window.factor = 0.8
	sasl.login.refresh.window.jitter = 0.05
	sasl.login.retry.backoff.max.ms = 10000
	sasl.login.retry.backoff.ms = 100
	sasl.mechanism = PLAIN
	sasl.oauthbearer.clock.skew.seconds = 30
	sasl.oauthbearer.expected.audience = null
	sasl.oauthbearer.expected.issuer = null
	sasl.oauthbearer.jwks.endpoint.refresh.ms = 3600000
	sasl.oauthbearer.jwks.endpoint.retry.backoff.max.ms = 10000
	sasl.oauthbearer.jwks.endpoint.retry.backoff.ms = 100
	sasl.oauthbearer.jwks.endpoint.url = null
	sasl.oauthbearer.scope.claim.name = scope
	sasl.oauthbearer.sub.claim.name = sub
	sasl.oauthbearer.token.endpoint.url = null
	security.protocol = PLAINTEXT
	security.providers = null
	send.buffer.bytes = 131072
	socket.connection.setup.timeout.max.ms = 30000
	socket.connection.setup.timeout.ms = 10000
	ssl.cipher.suites = null
	ssl.enabled.protocols = [TLSv1.2, TLSv1.3]
	ssl.endpoint.identification.algorithm = https
	ssl.engine.factory.class = null
	ssl.key.password = null
	ssl.keymanager.algorithm = SunX509
	ssl.keystore.certificate.chain = null
	ssl.keystore.key = null
	ssl.keystore.location = null
	ssl.keystore.password = null
	ssl.keystore.type = JKS
	ssl.protocol = TLSv1.3
	ssl.provider = null
	ssl.secure.random.implementation = null
	ssl.trustmanager.algorithm = PKIX
	ssl.truststore.certificates = null
	ssl.truststore.location = null
	ssl.truststore.password = null
	ssl.truststore.type = JKS

2025-11-09 02:44:57 [stream execution thread for [id = fa71c45e-83b0-41a9-88f8-50348a5ba951, runId = 4f837f35-e769-4b1d-a9fe-05ae3b47ad52]] INFO  o.a.k.c.admin.AdminClientConfig - These configurations '[key.deserializer, value.deserializer, enable.auto.commit, max.poll.records, sasl.jaas.config, auto.offset.reset]' were supplied but are not used yet.
2025-11-09 02:44:57 [stream execution thread for [id = fa71c45e-83b0-41a9-88f8-50348a5ba951, runId = 4f837f35-e769-4b1d-a9fe-05ae3b47ad52]] INFO  o.a.kafka.common.utils.AppInfoParser - Kafka version: 3.5.1
2025-11-09 02:44:57 [stream execution thread for [id = fa71c45e-83b0-41a9-88f8-50348a5ba951, runId = 4f837f35-e769-4b1d-a9fe-05ae3b47ad52]] INFO  o.a.kafka.common.utils.AppInfoParser - Kafka commitId: 2c6fb6c54472e90a
2025-11-09 02:44:57 [stream execution thread for [id = fa71c45e-83b0-41a9-88f8-50348a5ba951, runId = 4f837f35-e769-4b1d-a9fe-05ae3b47ad52]] INFO  o.a.kafka.common.utils.AppInfoParser - Kafka startTimeMs: 1762636497814
2025-11-09 02:45:39 [stream execution thread for [id = 84bf112d-3f08-4ef1-b75d-21b78911cd22, runId = 22164d13-cefa-4cec-9e54-88a6b561e907]] WARN  o.a.s.s.k.KafkaOffsetReaderAdmin - Error in attempt 1 getting Kafka offsets: 
java.util.concurrent.ExecutionException: org.apache.kafka.common.errors.TimeoutException: Timed out waiting for a node assignment. Call: metadata
	at java.base/java.util.concurrent.CompletableFuture.reportGet(CompletableFuture.java:395)
	at java.base/java.util.concurrent.CompletableFuture.get(CompletableFuture.java:2005)
	at org.apache.kafka.common.internals.KafkaFutureImpl.get(KafkaFutureImpl.java:165)
	at org.apache.spark.sql.kafka010.KafkaOffsetReaderAdmin.listOffsets(KafkaOffsetReaderAdmin.scala:88)
	at org.apache.spark.sql.kafka010.KafkaOffsetReaderAdmin.$anonfun$fetchLatestOffsets$1(KafkaOffsetReaderAdmin.scala:300)
	at org.apache.spark.sql.kafka010.KafkaOffsetReaderAdmin.$anonfun$partitionsAssignedToAdmin$1(KafkaOffsetReaderAdmin.scala:501)
	at org.apache.spark.sql.kafka010.KafkaOffsetReaderAdmin.withRetries(KafkaOffsetReaderAdmin.scala:518)
	at org.apache.spark.sql.kafka010.KafkaOffsetReaderAdmin.partitionsAssignedToAdmin(KafkaOffsetReaderAdmin.scala:498)
	at org.apache.spark.sql.kafka010.KafkaOffsetReaderAdmin.fetchLatestOffsets(KafkaOffsetReaderAdmin.scala:297)
	at org.apache.spark.sql.kafka010.KafkaMicroBatchStream.$anonfun$getOrCreateInitialPartitionOffsets$1(KafkaMicroBatchStream.scala:251)
	at scala.Option.getOrElse(Option.scala:189)
	at org.apache.spark.sql.kafka010.KafkaMicroBatchStream.getOrCreateInitialPartitionOffsets(KafkaMicroBatchStream.scala:246)
	at org.apache.spark.sql.kafka010.KafkaMicroBatchStream.initialOffset(KafkaMicroBatchStream.scala:98)
	at org.apache.spark.sql.execution.streaming.MicroBatchExecution.$anonfun$getStartOffset$2(MicroBatchExecution.scala:455)
	at scala.Option.getOrElse(Option.scala:189)
	at org.apache.spark.sql.execution.streaming.MicroBatchExecution.getStartOffset(MicroBatchExecution.scala:455)
	at org.apache.spark.sql.execution.streaming.MicroBatchExecution.$anonfun$constructNextBatch$4(MicroBatchExecution.scala:489)
	at org.apache.spark.sql.execution.streaming.ProgressReporter.reportTimeTaken(ProgressReporter.scala:411)
	at org.apache.spark.sql.execution.streaming.ProgressReporter.reportTimeTaken$(ProgressReporter.scala:409)
	at org.apache.spark.sql.execution.streaming.StreamExecution.reportTimeTaken(StreamExecution.scala:67)
	at org.apache.spark.sql.execution.streaming.MicroBatchExecution.$anonfun$constructNextBatch$2(MicroBatchExecution.scala:488)
	at scala.collection.TraversableLike.$anonfun$map$1(TraversableLike.scala:286)
	at scala.collection.Iterator.foreach(Iterator.scala:943)
	at scala.collection.Iterator.foreach$(Iterator.scala:943)
	at scala.collection.AbstractIterator.foreach(Iterator.scala:1431)
	at scala.collection.IterableLike.foreach(IterableLike.scala:74)
	at scala.collection.IterableLike.foreach$(IterableLike.scala:73)
	at scala.collection.AbstractIterable.foreach(Iterable.scala:56)
	at scala.collection.TraversableLike.map(TraversableLike.scala:286)
	at scala.collection.TraversableLike.map$(TraversableLike.scala:279)
	at scala.collection.AbstractTraversable.map(Traversable.scala:108)
	at org.apache.spark.sql.execution.streaming.MicroBatchExecution.$anonfun$constructNextBatch$1(MicroBatchExecution.scala:477)
	at scala.runtime.java8.JFunction0$mcZ$sp.apply(JFunction0$mcZ$sp.java:23)
	at org.apache.spark.sql.execution.streaming.MicroBatchExecution.withProgressLocked(MicroBatchExecution.scala:802)
	at org.apache.spark.sql.execution.streaming.MicroBatchExecution.constructNextBatch(MicroBatchExecution.scala:473)
	at org.apache.spark.sql.execution.streaming.MicroBatchExecution.$anonfun$runActivatedStream$2(MicroBatchExecution.scala:266)
	at scala.runtime.java8.JFunction0$mcV$sp.apply(JFunction0$mcV$sp.java:23)
	at org.apache.spark.sql.execution.streaming.ProgressReporter.reportTimeTaken(ProgressReporter.scala:411)
	at org.apache.spark.sql.execution.streaming.ProgressReporter.reportTimeTaken$(ProgressReporter.scala:409)
	at org.apache.spark.sql.execution.streaming.StreamExecution.reportTimeTaken(StreamExecution.scala:67)
	at org.apache.spark.sql.execution.streaming.MicroBatchExecution.$anonfun$runActivatedStream$1(MicroBatchExecution.scala:247)
	at org.apache.spark.sql.execution.streaming.ProcessingTimeExecutor.execute(TriggerExecutor.scala:67)
	at org.apache.spark.sql.execution.streaming.MicroBatchExecution.runActivatedStream(MicroBatchExecution.scala:237)
	at org.apache.spark.sql.execution.streaming.StreamExecution.$anonfun$runStream$1(StreamExecution.scala:306)
	at scala.runtime.java8.JFunction0$mcV$sp.apply(JFunction0$mcV$sp.java:23)
	at org.apache.spark.sql.SparkSession.withActive(SparkSession.scala:827)
	at org.apache.spark.sql.execution.streaming.StreamExecution.org$apache$spark$sql$execution$streaming$StreamExecution$$runStream(StreamExecution.scala:284)
	at org.apache.spark.sql.execution.streaming.StreamExecution$$anon$1.run(StreamExecution.scala:207)
Caused by: org.apache.kafka.common.errors.TimeoutException: Timed out waiting for a node assignment. Call: metadata
2025-11-09 02:45:40 [kafka-admin-client-thread | adminclient-1] INFO  o.a.kafka.common.utils.AppInfoParser - App info kafka.admin.client for adminclient-1 unregistered
2025-11-09 02:45:40 [kafka-admin-client-thread | adminclient-1] INFO  o.a.kafka.common.metrics.Metrics - Metrics scheduler closed
2025-11-09 02:45:40 [kafka-admin-client-thread | adminclient-1] INFO  o.a.kafka.common.metrics.Metrics - Closing reporter org.apache.kafka.common.metrics.JmxReporter
2025-11-09 02:45:40 [kafka-admin-client-thread | adminclient-1] INFO  o.a.kafka.common.metrics.Metrics - Metrics reporters closed
2025-11-09 02:45:40 [stream execution thread for [id = 84bf112d-3f08-4ef1-b75d-21b78911cd22, runId = 22164d13-cefa-4cec-9e54-88a6b561e907]] INFO  o.a.k.c.admin.AdminClientConfig - AdminClientConfig values: 
	auto.include.jmx.reporter = true
	bootstrap.servers = [localhost:9092]
	client.dns.lookup = use_all_dns_ips
	client.id = 
	connections.max.idle.ms = 300000
	default.api.timeout.ms = 60000
	metadata.max.age.ms = 300000
	metric.reporters = []
	metrics.num.samples = 2
	metrics.recording.level = INFO
	metrics.sample.window.ms = 30000
	receive.buffer.bytes = 65536
	reconnect.backoff.max.ms = 1000
	reconnect.backoff.ms = 50
	request.timeout.ms = 30000
	retries = 2147483647
	retry.backoff.ms = 100
	sasl.client.callback.handler.class = null
	sasl.jaas.config = [hidden]
	sasl.kerberos.kinit.cmd = /usr/bin/kinit
	sasl.kerberos.min.time.before.relogin = 60000
	sasl.kerberos.service.name = null
	sasl.kerberos.ticket.renew.jitter = 0.05
	sasl.kerberos.ticket.renew.window.factor = 0.8
	sasl.login.callback.handler.class = null
	sasl.login.class = null
	sasl.login.connect.timeout.ms = null
	sasl.login.read.timeout.ms = null
	sasl.login.refresh.buffer.seconds = 300
	sasl.login.refresh.min.period.seconds = 60
	sasl.login.refresh.window.factor = 0.8
	sasl.login.refresh.window.jitter = 0.05
	sasl.login.retry.backoff.max.ms = 10000
	sasl.login.retry.backoff.ms = 100
	sasl.mechanism = PLAIN
	sasl.oauthbearer.clock.skew.seconds = 30
	sasl.oauthbearer.expected.audience = null
	sasl.oauthbearer.expected.issuer = null
	sasl.oauthbearer.jwks.endpoint.refresh.ms = 3600000
	sasl.oauthbearer.jwks.endpoint.retry.backoff.max.ms = 10000
	sasl.oauthbearer.jwks.endpoint.retry.backoff.ms = 100
	sasl.oauthbearer.jwks.endpoint.url = null
	sasl.oauthbearer.scope.claim.name = scope
	sasl.oauthbearer.sub.claim.name = sub
	sasl.oauthbearer.token.endpoint.url = null
	security.protocol = PLAINTEXT
	security.providers = null
	send.buffer.bytes = 131072
	socket.connection.setup.timeout.max.ms = 30000
	socket.connection.setup.timeout.ms = 10000
	ssl.cipher.suites = null
	ssl.enabled.protocols = [TLSv1.2, TLSv1.3]
	ssl.endpoint.identification.algorithm = https
	ssl.engine.factory.class = null
	ssl.key.password = null
	ssl.keymanager.algorithm = SunX509
	ssl.keystore.certificate.chain = null
	ssl.keystore.key = null
	ssl.keystore.location = null
	ssl.keystore.password = null
	ssl.keystore.type = JKS
	ssl.protocol = TLSv1.3
	ssl.provider = null
	ssl.secure.random.implementation = null
	ssl.trustmanager.algorithm = PKIX
	ssl.truststore.certificates = null
	ssl.truststore.location = null
	ssl.truststore.password = null
	ssl.truststore.type = JKS

2025-11-09 02:45:40 [stream execution thread for [id = 84bf112d-3f08-4ef1-b75d-21b78911cd22, runId = 22164d13-cefa-4cec-9e54-88a6b561e907]] INFO  o.a.k.c.admin.AdminClientConfig - These configurations '[key.deserializer, value.deserializer, enable.auto.commit, max.poll.records, sasl.jaas.config, auto.offset.reset]' were supplied but are not used yet.
2025-11-09 02:45:40 [stream execution thread for [id = 84bf112d-3f08-4ef1-b75d-21b78911cd22, runId = 22164d13-cefa-4cec-9e54-88a6b561e907]] INFO  o.a.kafka.common.utils.AppInfoParser - Kafka version: 3.5.1
2025-11-09 02:45:40 [stream execution thread for [id = 84bf112d-3f08-4ef1-b75d-21b78911cd22, runId = 22164d13-cefa-4cec-9e54-88a6b561e907]] INFO  o.a.kafka.common.utils.AppInfoParser - Kafka commitId: 2c6fb6c54472e90a
2025-11-09 02:45:40 [stream execution thread for [id = 84bf112d-3f08-4ef1-b75d-21b78911cd22, runId = 22164d13-cefa-4cec-9e54-88a6b561e907]] INFO  o.a.kafka.common.utils.AppInfoParser - Kafka startTimeMs: 1762636540786
2025-11-09 02:45:57 [stream execution thread for [id = fa71c45e-83b0-41a9-88f8-50348a5ba951, runId = 4f837f35-e769-4b1d-a9fe-05ae3b47ad52]] WARN  o.a.s.s.k.KafkaOffsetReaderAdmin - Error in attempt 1 getting Kafka offsets: 
java.util.concurrent.ExecutionException: org.apache.kafka.common.errors.TimeoutException: Timed out waiting for a node assignment. Call: metadata
	at java.base/java.util.concurrent.CompletableFuture.reportGet(CompletableFuture.java:395)
	at java.base/java.util.concurrent.CompletableFuture.get(CompletableFuture.java:2005)
	at org.apache.kafka.common.internals.KafkaFutureImpl.get(KafkaFutureImpl.java:165)
	at org.apache.spark.sql.kafka010.KafkaOffsetReaderAdmin.listOffsets(KafkaOffsetReaderAdmin.scala:88)
	at org.apache.spark.sql.kafka010.KafkaOffsetReaderAdmin.$anonfun$fetchLatestOffsets$1(KafkaOffsetReaderAdmin.scala:300)
	at org.apache.spark.sql.kafka010.KafkaOffsetReaderAdmin.$anonfun$partitionsAssignedToAdmin$1(KafkaOffsetReaderAdmin.scala:501)
	at org.apache.spark.sql.kafka010.KafkaOffsetReaderAdmin.withRetries(KafkaOffsetReaderAdmin.scala:518)
	at org.apache.spark.sql.kafka010.KafkaOffsetReaderAdmin.partitionsAssignedToAdmin(KafkaOffsetReaderAdmin.scala:498)
	at org.apache.spark.sql.kafka010.KafkaOffsetReaderAdmin.fetchLatestOffsets(KafkaOffsetReaderAdmin.scala:297)
	at org.apache.spark.sql.kafka010.KafkaMicroBatchStream.$anonfun$getOrCreateInitialPartitionOffsets$1(KafkaMicroBatchStream.scala:251)
	at scala.Option.getOrElse(Option.scala:189)
	at org.apache.spark.sql.kafka010.KafkaMicroBatchStream.getOrCreateInitialPartitionOffsets(KafkaMicroBatchStream.scala:246)
	at org.apache.spark.sql.kafka010.KafkaMicroBatchStream.initialOffset(KafkaMicroBatchStream.scala:98)
	at org.apache.spark.sql.execution.streaming.MicroBatchExecution.$anonfun$getStartOffset$2(MicroBatchExecution.scala:455)
	at scala.Option.getOrElse(Option.scala:189)
	at org.apache.spark.sql.execution.streaming.MicroBatchExecution.getStartOffset(MicroBatchExecution.scala:455)
	at org.apache.spark.sql.execution.streaming.MicroBatchExecution.$anonfun$constructNextBatch$4(MicroBatchExecution.scala:489)
	at org.apache.spark.sql.execution.streaming.ProgressReporter.reportTimeTaken(ProgressReporter.scala:411)
	at org.apache.spark.sql.execution.streaming.ProgressReporter.reportTimeTaken$(ProgressReporter.scala:409)
	at org.apache.spark.sql.execution.streaming.StreamExecution.reportTimeTaken(StreamExecution.scala:67)
	at org.apache.spark.sql.execution.streaming.MicroBatchExecution.$anonfun$constructNextBatch$2(MicroBatchExecution.scala:488)
	at scala.collection.TraversableLike.$anonfun$map$1(TraversableLike.scala:286)
	at scala.collection.Iterator.foreach(Iterator.scala:943)
	at scala.collection.Iterator.foreach$(Iterator.scala:943)
	at scala.collection.AbstractIterator.foreach(Iterator.scala:1431)
	at scala.collection.IterableLike.foreach(IterableLike.scala:74)
	at scala.collection.IterableLike.foreach$(IterableLike.scala:73)
	at scala.collection.AbstractIterable.foreach(Iterable.scala:56)
	at scala.collection.TraversableLike.map(TraversableLike.scala:286)
	at scala.collection.TraversableLike.map$(TraversableLike.scala:279)
	at scala.collection.AbstractTraversable.map(Traversable.scala:108)
	at org.apache.spark.sql.execution.streaming.MicroBatchExecution.$anonfun$constructNextBatch$1(MicroBatchExecution.scala:477)
	at scala.runtime.java8.JFunction0$mcZ$sp.apply(JFunction0$mcZ$sp.java:23)
	at org.apache.spark.sql.execution.streaming.MicroBatchExecution.withProgressLocked(MicroBatchExecution.scala:802)
	at org.apache.spark.sql.execution.streaming.MicroBatchExecution.constructNextBatch(MicroBatchExecution.scala:473)
	at org.apache.spark.sql.execution.streaming.MicroBatchExecution.$anonfun$runActivatedStream$2(MicroBatchExecution.scala:266)
	at scala.runtime.java8.JFunction0$mcV$sp.apply(JFunction0$mcV$sp.java:23)
	at org.apache.spark.sql.execution.streaming.ProgressReporter.reportTimeTaken(ProgressReporter.scala:411)
	at org.apache.spark.sql.execution.streaming.ProgressReporter.reportTimeTaken$(ProgressReporter.scala:409)
	at org.apache.spark.sql.execution.streaming.StreamExecution.reportTimeTaken(StreamExecution.scala:67)
	at org.apache.spark.sql.execution.streaming.MicroBatchExecution.$anonfun$runActivatedStream$1(MicroBatchExecution.scala:247)
	at org.apache.spark.sql.execution.streaming.ProcessingTimeExecutor.execute(TriggerExecutor.scala:67)
	at org.apache.spark.sql.execution.streaming.MicroBatchExecution.runActivatedStream(MicroBatchExecution.scala:237)
	at org.apache.spark.sql.execution.streaming.StreamExecution.$anonfun$runStream$1(StreamExecution.scala:306)
	at scala.runtime.java8.JFunction0$mcV$sp.apply(JFunction0$mcV$sp.java:23)
	at org.apache.spark.sql.SparkSession.withActive(SparkSession.scala:827)
	at org.apache.spark.sql.execution.streaming.StreamExecution.org$apache$spark$sql$execution$streaming$StreamExecution$$runStream(StreamExecution.scala:284)
	at org.apache.spark.sql.execution.streaming.StreamExecution$$anon$1.run(StreamExecution.scala:207)
Caused by: org.apache.kafka.common.errors.TimeoutException: Timed out waiting for a node assignment. Call: metadata
2025-11-09 02:45:59 [kafka-admin-client-thread | adminclient-1] INFO  o.a.kafka.common.utils.AppInfoParser - App info kafka.admin.client for adminclient-1 unregistered
2025-11-09 02:45:59 [kafka-admin-client-thread | adminclient-1] INFO  o.a.kafka.common.metrics.Metrics - Metrics scheduler closed
2025-11-09 02:45:59 [kafka-admin-client-thread | adminclient-1] INFO  o.a.kafka.common.metrics.Metrics - Closing reporter org.apache.kafka.common.metrics.JmxReporter
2025-11-09 02:45:59 [kafka-admin-client-thread | adminclient-1] INFO  o.a.kafka.common.metrics.Metrics - Metrics reporters closed
2025-11-09 02:45:59 [stream execution thread for [id = fa71c45e-83b0-41a9-88f8-50348a5ba951, runId = 4f837f35-e769-4b1d-a9fe-05ae3b47ad52]] INFO  o.a.k.c.admin.AdminClientConfig - AdminClientConfig values: 
	auto.include.jmx.reporter = true
	bootstrap.servers = [localhost:9092]
	client.dns.lookup = use_all_dns_ips
	client.id = 
	connections.max.idle.ms = 300000
	default.api.timeout.ms = 60000
	metadata.max.age.ms = 300000
	metric.reporters = []
	metrics.num.samples = 2
	metrics.recording.level = INFO
	metrics.sample.window.ms = 30000
	receive.buffer.bytes = 65536
	reconnect.backoff.max.ms = 1000
	reconnect.backoff.ms = 50
	request.timeout.ms = 30000
	retries = 2147483647
	retry.backoff.ms = 100
	sasl.client.callback.handler.class = null
	sasl.jaas.config = [hidden]
	sasl.kerberos.kinit.cmd = /usr/bin/kinit
	sasl.kerberos.min.time.before.relogin = 60000
	sasl.kerberos.service.name = null
	sasl.kerberos.ticket.renew.jitter = 0.05
	sasl.kerberos.ticket.renew.window.factor = 0.8
	sasl.login.callback.handler.class = null
	sasl.login.class = null
	sasl.login.connect.timeout.ms = null
	sasl.login.read.timeout.ms = null
	sasl.login.refresh.buffer.seconds = 300
	sasl.login.refresh.min.period.seconds = 60
	sasl.login.refresh.window.factor = 0.8
	sasl.login.refresh.window.jitter = 0.05
	sasl.login.retry.backoff.max.ms = 10000
	sasl.login.retry.backoff.ms = 100
	sasl.mechanism = PLAIN
	sasl.oauthbearer.clock.skew.seconds = 30
	sasl.oauthbearer.expected.audience = null
	sasl.oauthbearer.expected.issuer = null
	sasl.oauthbearer.jwks.endpoint.refresh.ms = 3600000
	sasl.oauthbearer.jwks.endpoint.retry.backoff.max.ms = 10000
	sasl.oauthbearer.jwks.endpoint.retry.backoff.ms = 100
	sasl.oauthbearer.jwks.endpoint.url = null
	sasl.oauthbearer.scope.claim.name = scope
	sasl.oauthbearer.sub.claim.name = sub
	sasl.oauthbearer.token.endpoint.url = null
	security.protocol = PLAINTEXT
	security.providers = null
	send.buffer.bytes = 131072
	socket.connection.setup.timeout.max.ms = 30000
	socket.connection.setup.timeout.ms = 10000
	ssl.cipher.suites = null
	ssl.enabled.protocols = [TLSv1.2, TLSv1.3]
	ssl.endpoint.identification.algorithm = https
	ssl.engine.factory.class = null
	ssl.key.password = null
	ssl.keymanager.algorithm = SunX509
	ssl.keystore.certificate.chain = null
	ssl.keystore.key = null
	ssl.keystore.location = null
	ssl.keystore.password = null
	ssl.keystore.type = JKS
	ssl.protocol = TLSv1.3
	ssl.provider = null
	ssl.secure.random.implementation = null
	ssl.trustmanager.algorithm = PKIX
	ssl.truststore.certificates = null
	ssl.truststore.location = null
	ssl.truststore.password = null
	ssl.truststore.type = JKS

2025-11-09 02:45:59 [stream execution thread for [id = fa71c45e-83b0-41a9-88f8-50348a5ba951, runId = 4f837f35-e769-4b1d-a9fe-05ae3b47ad52]] INFO  o.a.k.c.admin.AdminClientConfig - These configurations '[key.deserializer, value.deserializer, enable.auto.commit, max.poll.records, sasl.jaas.config, auto.offset.reset]' were supplied but are not used yet.
2025-11-09 02:45:59 [stream execution thread for [id = fa71c45e-83b0-41a9-88f8-50348a5ba951, runId = 4f837f35-e769-4b1d-a9fe-05ae3b47ad52]] INFO  o.a.kafka.common.utils.AppInfoParser - Kafka version: 3.5.1
2025-11-09 02:45:59 [stream execution thread for [id = fa71c45e-83b0-41a9-88f8-50348a5ba951, runId = 4f837f35-e769-4b1d-a9fe-05ae3b47ad52]] INFO  o.a.kafka.common.utils.AppInfoParser - Kafka commitId: 2c6fb6c54472e90a
2025-11-09 02:45:59 [stream execution thread for [id = fa71c45e-83b0-41a9-88f8-50348a5ba951, runId = 4f837f35-e769-4b1d-a9fe-05ae3b47ad52]] INFO  o.a.kafka.common.utils.AppInfoParser - Kafka startTimeMs: 1762636559035
2025-11-09 02:46:40 [stream execution thread for [id = 84bf112d-3f08-4ef1-b75d-21b78911cd22, runId = 22164d13-cefa-4cec-9e54-88a6b561e907]] WARN  o.a.s.s.k.KafkaOffsetReaderAdmin - Error in attempt 2 getting Kafka offsets: 
java.util.concurrent.ExecutionException: org.apache.kafka.common.errors.TimeoutException: Timed out waiting for a node assignment. Call: metadata
	at java.base/java.util.concurrent.CompletableFuture.reportGet(CompletableFuture.java:395)
	at java.base/java.util.concurrent.CompletableFuture.get(CompletableFuture.java:2005)
	at org.apache.kafka.common.internals.KafkaFutureImpl.get(KafkaFutureImpl.java:165)
	at org.apache.spark.sql.kafka010.KafkaOffsetReaderAdmin.listOffsets(KafkaOffsetReaderAdmin.scala:88)
	at org.apache.spark.sql.kafka010.KafkaOffsetReaderAdmin.$anonfun$fetchLatestOffsets$1(KafkaOffsetReaderAdmin.scala:300)
	at org.apache.spark.sql.kafka010.KafkaOffsetReaderAdmin.$anonfun$partitionsAssignedToAdmin$1(KafkaOffsetReaderAdmin.scala:501)
	at org.apache.spark.sql.kafka010.KafkaOffsetReaderAdmin.withRetries(KafkaOffsetReaderAdmin.scala:518)
	at org.apache.spark.sql.kafka010.KafkaOffsetReaderAdmin.partitionsAssignedToAdmin(KafkaOffsetReaderAdmin.scala:498)
	at org.apache.spark.sql.kafka010.KafkaOffsetReaderAdmin.fetchLatestOffsets(KafkaOffsetReaderAdmin.scala:297)
	at org.apache.spark.sql.kafka010.KafkaMicroBatchStream.$anonfun$getOrCreateInitialPartitionOffsets$1(KafkaMicroBatchStream.scala:251)
	at scala.Option.getOrElse(Option.scala:189)
	at org.apache.spark.sql.kafka010.KafkaMicroBatchStream.getOrCreateInitialPartitionOffsets(KafkaMicroBatchStream.scala:246)
	at org.apache.spark.sql.kafka010.KafkaMicroBatchStream.initialOffset(KafkaMicroBatchStream.scala:98)
	at org.apache.spark.sql.execution.streaming.MicroBatchExecution.$anonfun$getStartOffset$2(MicroBatchExecution.scala:455)
	at scala.Option.getOrElse(Option.scala:189)
	at org.apache.spark.sql.execution.streaming.MicroBatchExecution.getStartOffset(MicroBatchExecution.scala:455)
	at org.apache.spark.sql.execution.streaming.MicroBatchExecution.$anonfun$constructNextBatch$4(MicroBatchExecution.scala:489)
	at org.apache.spark.sql.execution.streaming.ProgressReporter.reportTimeTaken(ProgressReporter.scala:411)
	at org.apache.spark.sql.execution.streaming.ProgressReporter.reportTimeTaken$(ProgressReporter.scala:409)
	at org.apache.spark.sql.execution.streaming.StreamExecution.reportTimeTaken(StreamExecution.scala:67)
	at org.apache.spark.sql.execution.streaming.MicroBatchExecution.$anonfun$constructNextBatch$2(MicroBatchExecution.scala:488)
	at scala.collection.TraversableLike.$anonfun$map$1(TraversableLike.scala:286)
	at scala.collection.Iterator.foreach(Iterator.scala:943)
	at scala.collection.Iterator.foreach$(Iterator.scala:943)
	at scala.collection.AbstractIterator.foreach(Iterator.scala:1431)
	at scala.collection.IterableLike.foreach(IterableLike.scala:74)
	at scala.collection.IterableLike.foreach$(IterableLike.scala:73)
	at scala.collection.AbstractIterable.foreach(Iterable.scala:56)
	at scala.collection.TraversableLike.map(TraversableLike.scala:286)
	at scala.collection.TraversableLike.map$(TraversableLike.scala:279)
	at scala.collection.AbstractTraversable.map(Traversable.scala:108)
	at org.apache.spark.sql.execution.streaming.MicroBatchExecution.$anonfun$constructNextBatch$1(MicroBatchExecution.scala:477)
	at scala.runtime.java8.JFunction0$mcZ$sp.apply(JFunction0$mcZ$sp.java:23)
	at org.apache.spark.sql.execution.streaming.MicroBatchExecution.withProgressLocked(MicroBatchExecution.scala:802)
	at org.apache.spark.sql.execution.streaming.MicroBatchExecution.constructNextBatch(MicroBatchExecution.scala:473)
	at org.apache.spark.sql.execution.streaming.MicroBatchExecution.$anonfun$runActivatedStream$2(MicroBatchExecution.scala:266)
	at scala.runtime.java8.JFunction0$mcV$sp.apply(JFunction0$mcV$sp.java:23)
	at org.apache.spark.sql.execution.streaming.ProgressReporter.reportTimeTaken(ProgressReporter.scala:411)
	at org.apache.spark.sql.execution.streaming.ProgressReporter.reportTimeTaken$(ProgressReporter.scala:409)
	at org.apache.spark.sql.execution.streaming.StreamExecution.reportTimeTaken(StreamExecution.scala:67)
	at org.apache.spark.sql.execution.streaming.MicroBatchExecution.$anonfun$runActivatedStream$1(MicroBatchExecution.scala:247)
	at org.apache.spark.sql.execution.streaming.ProcessingTimeExecutor.execute(TriggerExecutor.scala:67)
	at org.apache.spark.sql.execution.streaming.MicroBatchExecution.runActivatedStream(MicroBatchExecution.scala:237)
	at org.apache.spark.sql.execution.streaming.StreamExecution.$anonfun$runStream$1(StreamExecution.scala:306)
	at scala.runtime.java8.JFunction0$mcV$sp.apply(JFunction0$mcV$sp.java:23)
	at org.apache.spark.sql.SparkSession.withActive(SparkSession.scala:827)
	at org.apache.spark.sql.execution.streaming.StreamExecution.org$apache$spark$sql$execution$streaming$StreamExecution$$runStream(StreamExecution.scala:284)
	at org.apache.spark.sql.execution.streaming.StreamExecution$$anon$1.run(StreamExecution.scala:207)
Caused by: org.apache.kafka.common.errors.TimeoutException: Timed out waiting for a node assignment. Call: metadata
2025-11-09 02:46:41 [kafka-admin-client-thread | adminclient-2] INFO  o.a.kafka.common.utils.AppInfoParser - App info kafka.admin.client for adminclient-2 unregistered
2025-11-09 02:46:41 [kafka-admin-client-thread | adminclient-2] INFO  o.a.kafka.common.metrics.Metrics - Metrics scheduler closed
2025-11-09 02:46:41 [kafka-admin-client-thread | adminclient-2] INFO  o.a.kafka.common.metrics.Metrics - Closing reporter org.apache.kafka.common.metrics.JmxReporter
2025-11-09 02:46:41 [kafka-admin-client-thread | adminclient-2] INFO  o.a.kafka.common.metrics.Metrics - Metrics reporters closed
2025-11-09 02:46:41 [stream execution thread for [id = 84bf112d-3f08-4ef1-b75d-21b78911cd22, runId = 22164d13-cefa-4cec-9e54-88a6b561e907]] INFO  o.a.k.c.admin.AdminClientConfig - AdminClientConfig values: 
	auto.include.jmx.reporter = true
	bootstrap.servers = [localhost:9092]
	client.dns.lookup = use_all_dns_ips
	client.id = 
	connections.max.idle.ms = 300000
	default.api.timeout.ms = 60000
	metadata.max.age.ms = 300000
	metric.reporters = []
	metrics.num.samples = 2
	metrics.recording.level = INFO
	metrics.sample.window.ms = 30000
	receive.buffer.bytes = 65536
	reconnect.backoff.max.ms = 1000
	reconnect.backoff.ms = 50
	request.timeout.ms = 30000
	retries = 2147483647
	retry.backoff.ms = 100
	sasl.client.callback.handler.class = null
	sasl.jaas.config = [hidden]
	sasl.kerberos.kinit.cmd = /usr/bin/kinit
	sasl.kerberos.min.time.before.relogin = 60000
	sasl.kerberos.service.name = null
	sasl.kerberos.ticket.renew.jitter = 0.05
	sasl.kerberos.ticket.renew.window.factor = 0.8
	sasl.login.callback.handler.class = null
	sasl.login.class = null
	sasl.login.connect.timeout.ms = null
	sasl.login.read.timeout.ms = null
	sasl.login.refresh.buffer.seconds = 300
	sasl.login.refresh.min.period.seconds = 60
	sasl.login.refresh.window.factor = 0.8
	sasl.login.refresh.window.jitter = 0.05
	sasl.login.retry.backoff.max.ms = 10000
	sasl.login.retry.backoff.ms = 100
	sasl.mechanism = PLAIN
	sasl.oauthbearer.clock.skew.seconds = 30
	sasl.oauthbearer.expected.audience = null
	sasl.oauthbearer.expected.issuer = null
	sasl.oauthbearer.jwks.endpoint.refresh.ms = 3600000
	sasl.oauthbearer.jwks.endpoint.retry.backoff.max.ms = 10000
	sasl.oauthbearer.jwks.endpoint.retry.backoff.ms = 100
	sasl.oauthbearer.jwks.endpoint.url = null
	sasl.oauthbearer.scope.claim.name = scope
	sasl.oauthbearer.sub.claim.name = sub
	sasl.oauthbearer.token.endpoint.url = null
	security.protocol = PLAINTEXT
	security.providers = null
	send.buffer.bytes = 131072
	socket.connection.setup.timeout.max.ms = 30000
	socket.connection.setup.timeout.ms = 10000
	ssl.cipher.suites = null
	ssl.enabled.protocols = [TLSv1.2, TLSv1.3]
	ssl.endpoint.identification.algorithm = https
	ssl.engine.factory.class = null
	ssl.key.password = null
	ssl.keymanager.algorithm = SunX509
	ssl.keystore.certificate.chain = null
	ssl.keystore.key = null
	ssl.keystore.location = null
	ssl.keystore.password = null
	ssl.keystore.type = JKS
	ssl.protocol = TLSv1.3
	ssl.provider = null
	ssl.secure.random.implementation = null
	ssl.trustmanager.algorithm = PKIX
	ssl.truststore.certificates = null
	ssl.truststore.location = null
	ssl.truststore.password = null
	ssl.truststore.type = JKS

2025-11-09 02:46:41 [stream execution thread for [id = 84bf112d-3f08-4ef1-b75d-21b78911cd22, runId = 22164d13-cefa-4cec-9e54-88a6b561e907]] INFO  o.a.k.c.admin.AdminClientConfig - These configurations '[key.deserializer, value.deserializer, enable.auto.commit, max.poll.records, sasl.jaas.config, auto.offset.reset]' were supplied but are not used yet.
2025-11-09 02:46:41 [stream execution thread for [id = 84bf112d-3f08-4ef1-b75d-21b78911cd22, runId = 22164d13-cefa-4cec-9e54-88a6b561e907]] INFO  o.a.kafka.common.utils.AppInfoParser - Kafka version: 3.5.1
2025-11-09 02:46:41 [stream execution thread for [id = 84bf112d-3f08-4ef1-b75d-21b78911cd22, runId = 22164d13-cefa-4cec-9e54-88a6b561e907]] INFO  o.a.kafka.common.utils.AppInfoParser - Kafka commitId: 2c6fb6c54472e90a
2025-11-09 02:46:41 [stream execution thread for [id = 84bf112d-3f08-4ef1-b75d-21b78911cd22, runId = 22164d13-cefa-4cec-9e54-88a6b561e907]] INFO  o.a.kafka.common.utils.AppInfoParser - Kafka startTimeMs: 1762636601847
2025-11-09 02:46:59 [stream execution thread for [id = fa71c45e-83b0-41a9-88f8-50348a5ba951, runId = 4f837f35-e769-4b1d-a9fe-05ae3b47ad52]] WARN  o.a.s.s.k.KafkaOffsetReaderAdmin - Error in attempt 2 getting Kafka offsets: 
java.util.concurrent.ExecutionException: org.apache.kafka.common.errors.TimeoutException: Timed out waiting for a node assignment. Call: metadata
	at java.base/java.util.concurrent.CompletableFuture.reportGet(CompletableFuture.java:395)
	at java.base/java.util.concurrent.CompletableFuture.get(CompletableFuture.java:2005)
	at org.apache.kafka.common.internals.KafkaFutureImpl.get(KafkaFutureImpl.java:165)
	at org.apache.spark.sql.kafka010.KafkaOffsetReaderAdmin.listOffsets(KafkaOffsetReaderAdmin.scala:88)
	at org.apache.spark.sql.kafka010.KafkaOffsetReaderAdmin.$anonfun$fetchLatestOffsets$1(KafkaOffsetReaderAdmin.scala:300)
	at org.apache.spark.sql.kafka010.KafkaOffsetReaderAdmin.$anonfun$partitionsAssignedToAdmin$1(KafkaOffsetReaderAdmin.scala:501)
	at org.apache.spark.sql.kafka010.KafkaOffsetReaderAdmin.withRetries(KafkaOffsetReaderAdmin.scala:518)
	at org.apache.spark.sql.kafka010.KafkaOffsetReaderAdmin.partitionsAssignedToAdmin(KafkaOffsetReaderAdmin.scala:498)
	at org.apache.spark.sql.kafka010.KafkaOffsetReaderAdmin.fetchLatestOffsets(KafkaOffsetReaderAdmin.scala:297)
	at org.apache.spark.sql.kafka010.KafkaMicroBatchStream.$anonfun$getOrCreateInitialPartitionOffsets$1(KafkaMicroBatchStream.scala:251)
	at scala.Option.getOrElse(Option.scala:189)
	at org.apache.spark.sql.kafka010.KafkaMicroBatchStream.getOrCreateInitialPartitionOffsets(KafkaMicroBatchStream.scala:246)
	at org.apache.spark.sql.kafka010.KafkaMicroBatchStream.initialOffset(KafkaMicroBatchStream.scala:98)
	at org.apache.spark.sql.execution.streaming.MicroBatchExecution.$anonfun$getStartOffset$2(MicroBatchExecution.scala:455)
	at scala.Option.getOrElse(Option.scala:189)
	at org.apache.spark.sql.execution.streaming.MicroBatchExecution.getStartOffset(MicroBatchExecution.scala:455)
	at org.apache.spark.sql.execution.streaming.MicroBatchExecution.$anonfun$constructNextBatch$4(MicroBatchExecution.scala:489)
	at org.apache.spark.sql.execution.streaming.ProgressReporter.reportTimeTaken(ProgressReporter.scala:411)
	at org.apache.spark.sql.execution.streaming.ProgressReporter.reportTimeTaken$(ProgressReporter.scala:409)
	at org.apache.spark.sql.execution.streaming.StreamExecution.reportTimeTaken(StreamExecution.scala:67)
	at org.apache.spark.sql.execution.streaming.MicroBatchExecution.$anonfun$constructNextBatch$2(MicroBatchExecution.scala:488)
	at scala.collection.TraversableLike.$anonfun$map$1(TraversableLike.scala:286)
	at scala.collection.Iterator.foreach(Iterator.scala:943)
	at scala.collection.Iterator.foreach$(Iterator.scala:943)
	at scala.collection.AbstractIterator.foreach(Iterator.scala:1431)
	at scala.collection.IterableLike.foreach(IterableLike.scala:74)
	at scala.collection.IterableLike.foreach$(IterableLike.scala:73)
	at scala.collection.AbstractIterable.foreach(Iterable.scala:56)
	at scala.collection.TraversableLike.map(TraversableLike.scala:286)
	at scala.collection.TraversableLike.map$(TraversableLike.scala:279)
	at scala.collection.AbstractTraversable.map(Traversable.scala:108)
	at org.apache.spark.sql.execution.streaming.MicroBatchExecution.$anonfun$constructNextBatch$1(MicroBatchExecution.scala:477)
	at scala.runtime.java8.JFunction0$mcZ$sp.apply(JFunction0$mcZ$sp.java:23)
	at org.apache.spark.sql.execution.streaming.MicroBatchExecution.withProgressLocked(MicroBatchExecution.scala:802)
	at org.apache.spark.sql.execution.streaming.MicroBatchExecution.constructNextBatch(MicroBatchExecution.scala:473)
	at org.apache.spark.sql.execution.streaming.MicroBatchExecution.$anonfun$runActivatedStream$2(MicroBatchExecution.scala:266)
	at scala.runtime.java8.JFunction0$mcV$sp.apply(JFunction0$mcV$sp.java:23)
	at org.apache.spark.sql.execution.streaming.ProgressReporter.reportTimeTaken(ProgressReporter.scala:411)
	at org.apache.spark.sql.execution.streaming.ProgressReporter.reportTimeTaken$(ProgressReporter.scala:409)
	at org.apache.spark.sql.execution.streaming.StreamExecution.reportTimeTaken(StreamExecution.scala:67)
	at org.apache.spark.sql.execution.streaming.MicroBatchExecution.$anonfun$runActivatedStream$1(MicroBatchExecution.scala:247)
	at org.apache.spark.sql.execution.streaming.ProcessingTimeExecutor.execute(TriggerExecutor.scala:67)
	at org.apache.spark.sql.execution.streaming.MicroBatchExecution.runActivatedStream(MicroBatchExecution.scala:237)
	at org.apache.spark.sql.execution.streaming.StreamExecution.$anonfun$runStream$1(StreamExecution.scala:306)
	at scala.runtime.java8.JFunction0$mcV$sp.apply(JFunction0$mcV$sp.java:23)
	at org.apache.spark.sql.SparkSession.withActive(SparkSession.scala:827)
	at org.apache.spark.sql.execution.streaming.StreamExecution.org$apache$spark$sql$execution$streaming$StreamExecution$$runStream(StreamExecution.scala:284)
	at org.apache.spark.sql.execution.streaming.StreamExecution$$anon$1.run(StreamExecution.scala:207)
Caused by: org.apache.kafka.common.errors.TimeoutException: Timed out waiting for a node assignment. Call: metadata
2025-11-09 02:47:00 [kafka-admin-client-thread | adminclient-2] INFO  o.a.kafka.common.utils.AppInfoParser - App info kafka.admin.client for adminclient-2 unregistered
2025-11-09 02:47:00 [kafka-admin-client-thread | adminclient-2] INFO  o.a.kafka.common.metrics.Metrics - Metrics scheduler closed
2025-11-09 02:47:00 [kafka-admin-client-thread | adminclient-2] INFO  o.a.kafka.common.metrics.Metrics - Closing reporter org.apache.kafka.common.metrics.JmxReporter
2025-11-09 02:47:00 [kafka-admin-client-thread | adminclient-2] INFO  o.a.kafka.common.metrics.Metrics - Metrics reporters closed
2025-11-09 02:47:00 [stream execution thread for [id = fa71c45e-83b0-41a9-88f8-50348a5ba951, runId = 4f837f35-e769-4b1d-a9fe-05ae3b47ad52]] INFO  o.a.k.c.admin.AdminClientConfig - AdminClientConfig values: 
	auto.include.jmx.reporter = true
	bootstrap.servers = [localhost:9092]
	client.dns.lookup = use_all_dns_ips
	client.id = 
	connections.max.idle.ms = 300000
	default.api.timeout.ms = 60000
	metadata.max.age.ms = 300000
	metric.reporters = []
	metrics.num.samples = 2
	metrics.recording.level = INFO
	metrics.sample.window.ms = 30000
	receive.buffer.bytes = 65536
	reconnect.backoff.max.ms = 1000
	reconnect.backoff.ms = 50
	request.timeout.ms = 30000
	retries = 2147483647
	retry.backoff.ms = 100
	sasl.client.callback.handler.class = null
	sasl.jaas.config = [hidden]
	sasl.kerberos.kinit.cmd = /usr/bin/kinit
	sasl.kerberos.min.time.before.relogin = 60000
	sasl.kerberos.service.name = null
	sasl.kerberos.ticket.renew.jitter = 0.05
	sasl.kerberos.ticket.renew.window.factor = 0.8
	sasl.login.callback.handler.class = null
	sasl.login.class = null
	sasl.login.connect.timeout.ms = null
	sasl.login.read.timeout.ms = null
	sasl.login.refresh.buffer.seconds = 300
	sasl.login.refresh.min.period.seconds = 60
	sasl.login.refresh.window.factor = 0.8
	sasl.login.refresh.window.jitter = 0.05
	sasl.login.retry.backoff.max.ms = 10000
	sasl.login.retry.backoff.ms = 100
	sasl.mechanism = PLAIN
	sasl.oauthbearer.clock.skew.seconds = 30
	sasl.oauthbearer.expected.audience = null
	sasl.oauthbearer.expected.issuer = null
	sasl.oauthbearer.jwks.endpoint.refresh.ms = 3600000
	sasl.oauthbearer.jwks.endpoint.retry.backoff.max.ms = 10000
	sasl.oauthbearer.jwks.endpoint.retry.backoff.ms = 100
	sasl.oauthbearer.jwks.endpoint.url = null
	sasl.oauthbearer.scope.claim.name = scope
	sasl.oauthbearer.sub.claim.name = sub
	sasl.oauthbearer.token.endpoint.url = null
	security.protocol = PLAINTEXT
	security.providers = null
	send.buffer.bytes = 131072
	socket.connection.setup.timeout.max.ms = 30000
	socket.connection.setup.timeout.ms = 10000
	ssl.cipher.suites = null
	ssl.enabled.protocols = [TLSv1.2, TLSv1.3]
	ssl.endpoint.identification.algorithm = https
	ssl.engine.factory.class = null
	ssl.key.password = null
	ssl.keymanager.algorithm = SunX509
	ssl.keystore.certificate.chain = null
	ssl.keystore.key = null
	ssl.keystore.location = null
	ssl.keystore.password = null
	ssl.keystore.type = JKS
	ssl.protocol = TLSv1.3
	ssl.provider = null
	ssl.secure.random.implementation = null
	ssl.trustmanager.algorithm = PKIX
	ssl.truststore.certificates = null
	ssl.truststore.location = null
	ssl.truststore.password = null
	ssl.truststore.type = JKS

2025-11-09 02:47:00 [stream execution thread for [id = fa71c45e-83b0-41a9-88f8-50348a5ba951, runId = 4f837f35-e769-4b1d-a9fe-05ae3b47ad52]] INFO  o.a.k.c.admin.AdminClientConfig - These configurations '[key.deserializer, value.deserializer, enable.auto.commit, max.poll.records, sasl.jaas.config, auto.offset.reset]' were supplied but are not used yet.
2025-11-09 02:47:00 [stream execution thread for [id = fa71c45e-83b0-41a9-88f8-50348a5ba951, runId = 4f837f35-e769-4b1d-a9fe-05ae3b47ad52]] INFO  o.a.kafka.common.utils.AppInfoParser - Kafka version: 3.5.1
2025-11-09 02:47:00 [stream execution thread for [id = fa71c45e-83b0-41a9-88f8-50348a5ba951, runId = 4f837f35-e769-4b1d-a9fe-05ae3b47ad52]] INFO  o.a.kafka.common.utils.AppInfoParser - Kafka commitId: 2c6fb6c54472e90a
2025-11-09 02:47:00 [stream execution thread for [id = fa71c45e-83b0-41a9-88f8-50348a5ba951, runId = 4f837f35-e769-4b1d-a9fe-05ae3b47ad52]] INFO  o.a.kafka.common.utils.AppInfoParser - Kafka startTimeMs: 1762636620102
2025-11-09 02:47:41 [stream execution thread for [id = 84bf112d-3f08-4ef1-b75d-21b78911cd22, runId = 22164d13-cefa-4cec-9e54-88a6b561e907]] WARN  o.a.s.s.k.KafkaOffsetReaderAdmin - Error in attempt 3 getting Kafka offsets: 
java.util.concurrent.ExecutionException: org.apache.kafka.common.errors.TimeoutException: Timed out waiting for a node assignment. Call: metadata
	at java.base/java.util.concurrent.CompletableFuture.reportGet(CompletableFuture.java:395)
	at java.base/java.util.concurrent.CompletableFuture.get(CompletableFuture.java:2005)
	at org.apache.kafka.common.internals.KafkaFutureImpl.get(KafkaFutureImpl.java:165)
	at org.apache.spark.sql.kafka010.KafkaOffsetReaderAdmin.listOffsets(KafkaOffsetReaderAdmin.scala:88)
	at org.apache.spark.sql.kafka010.KafkaOffsetReaderAdmin.$anonfun$fetchLatestOffsets$1(KafkaOffsetReaderAdmin.scala:300)
	at org.apache.spark.sql.kafka010.KafkaOffsetReaderAdmin.$anonfun$partitionsAssignedToAdmin$1(KafkaOffsetReaderAdmin.scala:501)
	at org.apache.spark.sql.kafka010.KafkaOffsetReaderAdmin.withRetries(KafkaOffsetReaderAdmin.scala:518)
	at org.apache.spark.sql.kafka010.KafkaOffsetReaderAdmin.partitionsAssignedToAdmin(KafkaOffsetReaderAdmin.scala:498)
	at org.apache.spark.sql.kafka010.KafkaOffsetReaderAdmin.fetchLatestOffsets(KafkaOffsetReaderAdmin.scala:297)
	at org.apache.spark.sql.kafka010.KafkaMicroBatchStream.$anonfun$getOrCreateInitialPartitionOffsets$1(KafkaMicroBatchStream.scala:251)
	at scala.Option.getOrElse(Option.scala:189)
	at org.apache.spark.sql.kafka010.KafkaMicroBatchStream.getOrCreateInitialPartitionOffsets(KafkaMicroBatchStream.scala:246)
	at org.apache.spark.sql.kafka010.KafkaMicroBatchStream.initialOffset(KafkaMicroBatchStream.scala:98)
	at org.apache.spark.sql.execution.streaming.MicroBatchExecution.$anonfun$getStartOffset$2(MicroBatchExecution.scala:455)
	at scala.Option.getOrElse(Option.scala:189)
	at org.apache.spark.sql.execution.streaming.MicroBatchExecution.getStartOffset(MicroBatchExecution.scala:455)
	at org.apache.spark.sql.execution.streaming.MicroBatchExecution.$anonfun$constructNextBatch$4(MicroBatchExecution.scala:489)
	at org.apache.spark.sql.execution.streaming.ProgressReporter.reportTimeTaken(ProgressReporter.scala:411)
	at org.apache.spark.sql.execution.streaming.ProgressReporter.reportTimeTaken$(ProgressReporter.scala:409)
	at org.apache.spark.sql.execution.streaming.StreamExecution.reportTimeTaken(StreamExecution.scala:67)
	at org.apache.spark.sql.execution.streaming.MicroBatchExecution.$anonfun$constructNextBatch$2(MicroBatchExecution.scala:488)
	at scala.collection.TraversableLike.$anonfun$map$1(TraversableLike.scala:286)
	at scala.collection.Iterator.foreach(Iterator.scala:943)
	at scala.collection.Iterator.foreach$(Iterator.scala:943)
	at scala.collection.AbstractIterator.foreach(Iterator.scala:1431)
	at scala.collection.IterableLike.foreach(IterableLike.scala:74)
	at scala.collection.IterableLike.foreach$(IterableLike.scala:73)
	at scala.collection.AbstractIterable.foreach(Iterable.scala:56)
	at scala.collection.TraversableLike.map(TraversableLike.scala:286)
	at scala.collection.TraversableLike.map$(TraversableLike.scala:279)
	at scala.collection.AbstractTraversable.map(Traversable.scala:108)
	at org.apache.spark.sql.execution.streaming.MicroBatchExecution.$anonfun$constructNextBatch$1(MicroBatchExecution.scala:477)
	at scala.runtime.java8.JFunction0$mcZ$sp.apply(JFunction0$mcZ$sp.java:23)
	at org.apache.spark.sql.execution.streaming.MicroBatchExecution.withProgressLocked(MicroBatchExecution.scala:802)
	at org.apache.spark.sql.execution.streaming.MicroBatchExecution.constructNextBatch(MicroBatchExecution.scala:473)
	at org.apache.spark.sql.execution.streaming.MicroBatchExecution.$anonfun$runActivatedStream$2(MicroBatchExecution.scala:266)
	at scala.runtime.java8.JFunction0$mcV$sp.apply(JFunction0$mcV$sp.java:23)
	at org.apache.spark.sql.execution.streaming.ProgressReporter.reportTimeTaken(ProgressReporter.scala:411)
	at org.apache.spark.sql.execution.streaming.ProgressReporter.reportTimeTaken$(ProgressReporter.scala:409)
	at org.apache.spark.sql.execution.streaming.StreamExecution.reportTimeTaken(StreamExecution.scala:67)
	at org.apache.spark.sql.execution.streaming.MicroBatchExecution.$anonfun$runActivatedStream$1(MicroBatchExecution.scala:247)
	at org.apache.spark.sql.execution.streaming.ProcessingTimeExecutor.execute(TriggerExecutor.scala:67)
	at org.apache.spark.sql.execution.streaming.MicroBatchExecution.runActivatedStream(MicroBatchExecution.scala:237)
	at org.apache.spark.sql.execution.streaming.StreamExecution.$anonfun$runStream$1(StreamExecution.scala:306)
	at scala.runtime.java8.JFunction0$mcV$sp.apply(JFunction0$mcV$sp.java:23)
	at org.apache.spark.sql.SparkSession.withActive(SparkSession.scala:827)
	at org.apache.spark.sql.execution.streaming.StreamExecution.org$apache$spark$sql$execution$streaming$StreamExecution$$runStream(StreamExecution.scala:284)
	at org.apache.spark.sql.execution.streaming.StreamExecution$$anon$1.run(StreamExecution.scala:207)
Caused by: org.apache.kafka.common.errors.TimeoutException: Timed out waiting for a node assignment. Call: metadata
2025-11-09 02:47:42 [kafka-admin-client-thread | adminclient-3] INFO  o.a.kafka.common.utils.AppInfoParser - App info kafka.admin.client for adminclient-3 unregistered
2025-11-09 02:47:42 [kafka-admin-client-thread | adminclient-3] INFO  o.a.kafka.common.metrics.Metrics - Metrics scheduler closed
2025-11-09 02:47:42 [kafka-admin-client-thread | adminclient-3] INFO  o.a.kafka.common.metrics.Metrics - Closing reporter org.apache.kafka.common.metrics.JmxReporter
2025-11-09 02:47:42 [kafka-admin-client-thread | adminclient-3] INFO  o.a.kafka.common.metrics.Metrics - Metrics reporters closed
2025-11-09 02:47:42 [stream execution thread for [id = 84bf112d-3f08-4ef1-b75d-21b78911cd22, runId = 22164d13-cefa-4cec-9e54-88a6b561e907]] ERROR o.a.s.s.e.s.MicroBatchExecution - Query [id = 84bf112d-3f08-4ef1-b75d-21b78911cd22, runId = 22164d13-cefa-4cec-9e54-88a6b561e907] terminated with error
java.util.concurrent.ExecutionException: org.apache.kafka.common.errors.TimeoutException: Timed out waiting for a node assignment. Call: metadata
	at java.base/java.util.concurrent.CompletableFuture.reportGet(CompletableFuture.java:395)
	at java.base/java.util.concurrent.CompletableFuture.get(CompletableFuture.java:2005)
	at org.apache.kafka.common.internals.KafkaFutureImpl.get(KafkaFutureImpl.java:165)
	at org.apache.spark.sql.kafka010.KafkaOffsetReaderAdmin.listOffsets(KafkaOffsetReaderAdmin.scala:88)
	at org.apache.spark.sql.kafka010.KafkaOffsetReaderAdmin.$anonfun$fetchLatestOffsets$1(KafkaOffsetReaderAdmin.scala:300)
	at org.apache.spark.sql.kafka010.KafkaOffsetReaderAdmin.$anonfun$partitionsAssignedToAdmin$1(KafkaOffsetReaderAdmin.scala:501)
	at org.apache.spark.sql.kafka010.KafkaOffsetReaderAdmin.withRetries(KafkaOffsetReaderAdmin.scala:518)
	at org.apache.spark.sql.kafka010.KafkaOffsetReaderAdmin.partitionsAssignedToAdmin(KafkaOffsetReaderAdmin.scala:498)
	at org.apache.spark.sql.kafka010.KafkaOffsetReaderAdmin.fetchLatestOffsets(KafkaOffsetReaderAdmin.scala:297)
	at org.apache.spark.sql.kafka010.KafkaMicroBatchStream.$anonfun$getOrCreateInitialPartitionOffsets$1(KafkaMicroBatchStream.scala:251)
	at scala.Option.getOrElse(Option.scala:189)
	at org.apache.spark.sql.kafka010.KafkaMicroBatchStream.getOrCreateInitialPartitionOffsets(KafkaMicroBatchStream.scala:246)
	at org.apache.spark.sql.kafka010.KafkaMicroBatchStream.initialOffset(KafkaMicroBatchStream.scala:98)
	at org.apache.spark.sql.execution.streaming.MicroBatchExecution.$anonfun$getStartOffset$2(MicroBatchExecution.scala:455)
	at scala.Option.getOrElse(Option.scala:189)
	at org.apache.spark.sql.execution.streaming.MicroBatchExecution.getStartOffset(MicroBatchExecution.scala:455)
	at org.apache.spark.sql.execution.streaming.MicroBatchExecution.$anonfun$constructNextBatch$4(MicroBatchExecution.scala:489)
	at org.apache.spark.sql.execution.streaming.ProgressReporter.reportTimeTaken(ProgressReporter.scala:411)
	at org.apache.spark.sql.execution.streaming.ProgressReporter.reportTimeTaken$(ProgressReporter.scala:409)
	at org.apache.spark.sql.execution.streaming.StreamExecution.reportTimeTaken(StreamExecution.scala:67)
	at org.apache.spark.sql.execution.streaming.MicroBatchExecution.$anonfun$constructNextBatch$2(MicroBatchExecution.scala:488)
	at scala.collection.TraversableLike.$anonfun$map$1(TraversableLike.scala:286)
	at scala.collection.Iterator.foreach(Iterator.scala:943)
	at scala.collection.Iterator.foreach$(Iterator.scala:943)
	at scala.collection.AbstractIterator.foreach(Iterator.scala:1431)
	at scala.collection.IterableLike.foreach(IterableLike.scala:74)
	at scala.collection.IterableLike.foreach$(IterableLike.scala:73)
	at scala.collection.AbstractIterable.foreach(Iterable.scala:56)
	at scala.collection.TraversableLike.map(TraversableLike.scala:286)
	at scala.collection.TraversableLike.map$(TraversableLike.scala:279)
	at scala.collection.AbstractTraversable.map(Traversable.scala:108)
	at org.apache.spark.sql.execution.streaming.MicroBatchExecution.$anonfun$constructNextBatch$1(MicroBatchExecution.scala:477)
	at scala.runtime.java8.JFunction0$mcZ$sp.apply(JFunction0$mcZ$sp.java:23)
	at org.apache.spark.sql.execution.streaming.MicroBatchExecution.withProgressLocked(MicroBatchExecution.scala:802)
	at org.apache.spark.sql.execution.streaming.MicroBatchExecution.constructNextBatch(MicroBatchExecution.scala:473)
	at org.apache.spark.sql.execution.streaming.MicroBatchExecution.$anonfun$runActivatedStream$2(MicroBatchExecution.scala:266)
	at scala.runtime.java8.JFunction0$mcV$sp.apply(JFunction0$mcV$sp.java:23)
	at org.apache.spark.sql.execution.streaming.ProgressReporter.reportTimeTaken(ProgressReporter.scala:411)
	at org.apache.spark.sql.execution.streaming.ProgressReporter.reportTimeTaken$(ProgressReporter.scala:409)
	at org.apache.spark.sql.execution.streaming.StreamExecution.reportTimeTaken(StreamExecution.scala:67)
	at org.apache.spark.sql.execution.streaming.MicroBatchExecution.$anonfun$runActivatedStream$1(MicroBatchExecution.scala:247)
	at org.apache.spark.sql.execution.streaming.ProcessingTimeExecutor.execute(TriggerExecutor.scala:67)
	at org.apache.spark.sql.execution.streaming.MicroBatchExecution.runActivatedStream(MicroBatchExecution.scala:237)
	at org.apache.spark.sql.execution.streaming.StreamExecution.$anonfun$runStream$1(StreamExecution.scala:306)
	at scala.runtime.java8.JFunction0$mcV$sp.apply(JFunction0$mcV$sp.java:23)
	at org.apache.spark.sql.SparkSession.withActive(SparkSession.scala:827)
	at org.apache.spark.sql.execution.streaming.StreamExecution.org$apache$spark$sql$execution$streaming$StreamExecution$$runStream(StreamExecution.scala:284)
	at org.apache.spark.sql.execution.streaming.StreamExecution$$anon$1.run(StreamExecution.scala:207)
Caused by: org.apache.kafka.common.errors.TimeoutException: Timed out waiting for a node assignment. Call: metadata
2025-11-09 02:47:42 [stream execution thread for [id = 84bf112d-3f08-4ef1-b75d-21b78911cd22, runId = 22164d13-cefa-4cec-9e54-88a6b561e907]] INFO  o.a.s.s.e.s.MicroBatchExecution - Async log purge executor pool for query [id = 84bf112d-3f08-4ef1-b75d-21b78911cd22, runId = 22164d13-cefa-4cec-9e54-88a6b561e907] has been shutdown
2025-11-09 02:47:42 [stream execution thread for [id = 84bf112d-3f08-4ef1-b75d-21b78911cd22, runId = 22164d13-cefa-4cec-9e54-88a6b561e907]] INFO  o.a.s.s.e.s.MicroBatchExecution - Deleting checkpoint file:/private/var/folders/d1/0lfypfw93vx8vhhstp40dlv40000gn/T/temporary-98b3ea6e-6131-42b2-a14a-5542cf27b86f.
2025-11-09 02:47:42 [shutdown-hook-0] INFO  org.apache.spark.SparkContext - Invoking stop() from shutdown hook
2025-11-09 02:47:42 [shutdown-hook-0] INFO  org.apache.spark.SparkContext - SparkContext is stopping with exitCode 0.
2025-11-09 02:47:42 [shutdown-hook-0] INFO  o.s.jetty.server.AbstractConnector - Stopped Spark@14ef2482{HTTP/1.1, (http/1.1)}{0.0.0.0:4040}
2025-11-09 02:47:42 [shutdown-hook-0] INFO  org.apache.spark.ui.SparkUI - Stopped Spark web UI at http://127.0.0.1:4040
2025-11-09 02:47:42 [dispatcher-event-loop-3] INFO  o.a.s.MapOutputTrackerMasterEndpoint - MapOutputTrackerMasterEndpoint stopped!
2025-11-09 02:47:43 [shutdown-hook-0] INFO  o.a.spark.storage.memory.MemoryStore - MemoryStore cleared
2025-11-09 02:47:43 [shutdown-hook-0] INFO  o.apache.spark.storage.BlockManager - BlockManager stopped
2025-11-09 02:47:43 [shutdown-hook-0] INFO  o.a.spark.storage.BlockManagerMaster - BlockManagerMaster stopped
2025-11-09 02:47:43 [dispatcher-event-loop-7] INFO  o.a.s.s.OutputCommitCoordinator$OutputCommitCoordinatorEndpoint - OutputCommitCoordinator stopped!
2025-11-09 02:47:43 [shutdown-hook-0] INFO  org.apache.spark.SparkContext - Successfully stopped SparkContext
2025-11-09 02:47:43 [shutdown-hook-0] INFO  o.a.spark.util.ShutdownHookManager - Shutdown hook called
2025-11-09 02:47:43 [shutdown-hook-0] INFO  o.a.spark.util.ShutdownHookManager - Deleting directory /private/var/folders/d1/0lfypfw93vx8vhhstp40dlv40000gn/T/temporary-98b3ea6e-6131-42b2-a14a-5542cf27b86f
2025-11-09 02:47:43 [shutdown-hook-0] INFO  o.a.spark.util.ShutdownHookManager - Deleting directory /private/var/folders/d1/0lfypfw93vx8vhhstp40dlv40000gn/T/spark-dd880f51-ef32-448e-82af-34a64478b17b
2025-11-09 02:48:00 [stream execution thread for [id = fa71c45e-83b0-41a9-88f8-50348a5ba951, runId = 4f837f35-e769-4b1d-a9fe-05ae3b47ad52]] WARN  o.a.s.s.k.KafkaOffsetReaderAdmin - Error in attempt 3 getting Kafka offsets: 
java.util.concurrent.ExecutionException: org.apache.kafka.common.errors.TimeoutException: Timed out waiting for a node assignment. Call: metadata
	at java.base/java.util.concurrent.CompletableFuture.reportGet(CompletableFuture.java:395)
	at java.base/java.util.concurrent.CompletableFuture.get(CompletableFuture.java:2005)
	at org.apache.kafka.common.internals.KafkaFutureImpl.get(KafkaFutureImpl.java:165)
	at org.apache.spark.sql.kafka010.KafkaOffsetReaderAdmin.listOffsets(KafkaOffsetReaderAdmin.scala:88)
	at org.apache.spark.sql.kafka010.KafkaOffsetReaderAdmin.$anonfun$fetchLatestOffsets$1(KafkaOffsetReaderAdmin.scala:300)
	at org.apache.spark.sql.kafka010.KafkaOffsetReaderAdmin.$anonfun$partitionsAssignedToAdmin$1(KafkaOffsetReaderAdmin.scala:501)
	at org.apache.spark.sql.kafka010.KafkaOffsetReaderAdmin.withRetries(KafkaOffsetReaderAdmin.scala:518)
	at org.apache.spark.sql.kafka010.KafkaOffsetReaderAdmin.partitionsAssignedToAdmin(KafkaOffsetReaderAdmin.scala:498)
	at org.apache.spark.sql.kafka010.KafkaOffsetReaderAdmin.fetchLatestOffsets(KafkaOffsetReaderAdmin.scala:297)
	at org.apache.spark.sql.kafka010.KafkaMicroBatchStream.$anonfun$getOrCreateInitialPartitionOffsets$1(KafkaMicroBatchStream.scala:251)
	at scala.Option.getOrElse(Option.scala:189)
	at org.apache.spark.sql.kafka010.KafkaMicroBatchStream.getOrCreateInitialPartitionOffsets(KafkaMicroBatchStream.scala:246)
	at org.apache.spark.sql.kafka010.KafkaMicroBatchStream.initialOffset(KafkaMicroBatchStream.scala:98)
	at org.apache.spark.sql.execution.streaming.MicroBatchExecution.$anonfun$getStartOffset$2(MicroBatchExecution.scala:455)
	at scala.Option.getOrElse(Option.scala:189)
	at org.apache.spark.sql.execution.streaming.MicroBatchExecution.getStartOffset(MicroBatchExecution.scala:455)
	at org.apache.spark.sql.execution.streaming.MicroBatchExecution.$anonfun$constructNextBatch$4(MicroBatchExecution.scala:489)
	at org.apache.spark.sql.execution.streaming.ProgressReporter.reportTimeTaken(ProgressReporter.scala:411)
	at org.apache.spark.sql.execution.streaming.ProgressReporter.reportTimeTaken$(ProgressReporter.scala:409)
	at org.apache.spark.sql.execution.streaming.StreamExecution.reportTimeTaken(StreamExecution.scala:67)
	at org.apache.spark.sql.execution.streaming.MicroBatchExecution.$anonfun$constructNextBatch$2(MicroBatchExecution.scala:488)
	at scala.collection.TraversableLike.$anonfun$map$1(TraversableLike.scala:286)
	at scala.collection.Iterator.foreach(Iterator.scala:943)
	at scala.collection.Iterator.foreach$(Iterator.scala:943)
	at scala.collection.AbstractIterator.foreach(Iterator.scala:1431)
	at scala.collection.IterableLike.foreach(IterableLike.scala:74)
	at scala.collection.IterableLike.foreach$(IterableLike.scala:73)
	at scala.collection.AbstractIterable.foreach(Iterable.scala:56)
	at scala.collection.TraversableLike.map(TraversableLike.scala:286)
	at scala.collection.TraversableLike.map$(TraversableLike.scala:279)
	at scala.collection.AbstractTraversable.map(Traversable.scala:108)
	at org.apache.spark.sql.execution.streaming.MicroBatchExecution.$anonfun$constructNextBatch$1(MicroBatchExecution.scala:477)
	at scala.runtime.java8.JFunction0$mcZ$sp.apply(JFunction0$mcZ$sp.java:23)
	at org.apache.spark.sql.execution.streaming.MicroBatchExecution.withProgressLocked(MicroBatchExecution.scala:802)
	at org.apache.spark.sql.execution.streaming.MicroBatchExecution.constructNextBatch(MicroBatchExecution.scala:473)
	at org.apache.spark.sql.execution.streaming.MicroBatchExecution.$anonfun$runActivatedStream$2(MicroBatchExecution.scala:266)
	at scala.runtime.java8.JFunction0$mcV$sp.apply(JFunction0$mcV$sp.java:23)
	at org.apache.spark.sql.execution.streaming.ProgressReporter.reportTimeTaken(ProgressReporter.scala:411)
	at org.apache.spark.sql.execution.streaming.ProgressReporter.reportTimeTaken$(ProgressReporter.scala:409)
	at org.apache.spark.sql.execution.streaming.StreamExecution.reportTimeTaken(StreamExecution.scala:67)
	at org.apache.spark.sql.execution.streaming.MicroBatchExecution.$anonfun$runActivatedStream$1(MicroBatchExecution.scala:247)
	at org.apache.spark.sql.execution.streaming.ProcessingTimeExecutor.execute(TriggerExecutor.scala:67)
	at org.apache.spark.sql.execution.streaming.MicroBatchExecution.runActivatedStream(MicroBatchExecution.scala:237)
	at org.apache.spark.sql.execution.streaming.StreamExecution.$anonfun$runStream$1(StreamExecution.scala:306)
	at scala.runtime.java8.JFunction0$mcV$sp.apply(JFunction0$mcV$sp.java:23)
	at org.apache.spark.sql.SparkSession.withActive(SparkSession.scala:827)
	at org.apache.spark.sql.execution.streaming.StreamExecution.org$apache$spark$sql$execution$streaming$StreamExecution$$runStream(StreamExecution.scala:284)
	at org.apache.spark.sql.execution.streaming.StreamExecution$$anon$1.run(StreamExecution.scala:207)
Caused by: org.apache.kafka.common.errors.TimeoutException: Timed out waiting for a node assignment. Call: metadata
2025-11-09 02:48:01 [kafka-admin-client-thread | adminclient-3] INFO  o.a.kafka.common.utils.AppInfoParser - App info kafka.admin.client for adminclient-3 unregistered
2025-11-09 02:48:01 [kafka-admin-client-thread | adminclient-3] INFO  o.a.kafka.common.metrics.Metrics - Metrics scheduler closed
2025-11-09 02:48:01 [kafka-admin-client-thread | adminclient-3] INFO  o.a.kafka.common.metrics.Metrics - Closing reporter org.apache.kafka.common.metrics.JmxReporter
2025-11-09 02:48:01 [kafka-admin-client-thread | adminclient-3] INFO  o.a.kafka.common.metrics.Metrics - Metrics reporters closed
2025-11-09 02:48:01 [stream execution thread for [id = fa71c45e-83b0-41a9-88f8-50348a5ba951, runId = 4f837f35-e769-4b1d-a9fe-05ae3b47ad52]] ERROR o.a.s.s.e.s.MicroBatchExecution - Query [id = fa71c45e-83b0-41a9-88f8-50348a5ba951, runId = 4f837f35-e769-4b1d-a9fe-05ae3b47ad52] terminated with error
java.util.concurrent.ExecutionException: org.apache.kafka.common.errors.TimeoutException: Timed out waiting for a node assignment. Call: metadata
	at java.base/java.util.concurrent.CompletableFuture.reportGet(CompletableFuture.java:395)
	at java.base/java.util.concurrent.CompletableFuture.get(CompletableFuture.java:2005)
	at org.apache.kafka.common.internals.KafkaFutureImpl.get(KafkaFutureImpl.java:165)
	at org.apache.spark.sql.kafka010.KafkaOffsetReaderAdmin.listOffsets(KafkaOffsetReaderAdmin.scala:88)
	at org.apache.spark.sql.kafka010.KafkaOffsetReaderAdmin.$anonfun$fetchLatestOffsets$1(KafkaOffsetReaderAdmin.scala:300)
	at org.apache.spark.sql.kafka010.KafkaOffsetReaderAdmin.$anonfun$partitionsAssignedToAdmin$1(KafkaOffsetReaderAdmin.scala:501)
	at org.apache.spark.sql.kafka010.KafkaOffsetReaderAdmin.withRetries(KafkaOffsetReaderAdmin.scala:518)
	at org.apache.spark.sql.kafka010.KafkaOffsetReaderAdmin.partitionsAssignedToAdmin(KafkaOffsetReaderAdmin.scala:498)
	at org.apache.spark.sql.kafka010.KafkaOffsetReaderAdmin.fetchLatestOffsets(KafkaOffsetReaderAdmin.scala:297)
	at org.apache.spark.sql.kafka010.KafkaMicroBatchStream.$anonfun$getOrCreateInitialPartitionOffsets$1(KafkaMicroBatchStream.scala:251)
	at scala.Option.getOrElse(Option.scala:189)
	at org.apache.spark.sql.kafka010.KafkaMicroBatchStream.getOrCreateInitialPartitionOffsets(KafkaMicroBatchStream.scala:246)
	at org.apache.spark.sql.kafka010.KafkaMicroBatchStream.initialOffset(KafkaMicroBatchStream.scala:98)
	at org.apache.spark.sql.execution.streaming.MicroBatchExecution.$anonfun$getStartOffset$2(MicroBatchExecution.scala:455)
	at scala.Option.getOrElse(Option.scala:189)
	at org.apache.spark.sql.execution.streaming.MicroBatchExecution.getStartOffset(MicroBatchExecution.scala:455)
	at org.apache.spark.sql.execution.streaming.MicroBatchExecution.$anonfun$constructNextBatch$4(MicroBatchExecution.scala:489)
	at org.apache.spark.sql.execution.streaming.ProgressReporter.reportTimeTaken(ProgressReporter.scala:411)
	at org.apache.spark.sql.execution.streaming.ProgressReporter.reportTimeTaken$(ProgressReporter.scala:409)
	at org.apache.spark.sql.execution.streaming.StreamExecution.reportTimeTaken(StreamExecution.scala:67)
	at org.apache.spark.sql.execution.streaming.MicroBatchExecution.$anonfun$constructNextBatch$2(MicroBatchExecution.scala:488)
	at scala.collection.TraversableLike.$anonfun$map$1(TraversableLike.scala:286)
	at scala.collection.Iterator.foreach(Iterator.scala:943)
	at scala.collection.Iterator.foreach$(Iterator.scala:943)
	at scala.collection.AbstractIterator.foreach(Iterator.scala:1431)
	at scala.collection.IterableLike.foreach(IterableLike.scala:74)
	at scala.collection.IterableLike.foreach$(IterableLike.scala:73)
	at scala.collection.AbstractIterable.foreach(Iterable.scala:56)
	at scala.collection.TraversableLike.map(TraversableLike.scala:286)
	at scala.collection.TraversableLike.map$(TraversableLike.scala:279)
	at scala.collection.AbstractTraversable.map(Traversable.scala:108)
	at org.apache.spark.sql.execution.streaming.MicroBatchExecution.$anonfun$constructNextBatch$1(MicroBatchExecution.scala:477)
	at scala.runtime.java8.JFunction0$mcZ$sp.apply(JFunction0$mcZ$sp.java:23)
	at org.apache.spark.sql.execution.streaming.MicroBatchExecution.withProgressLocked(MicroBatchExecution.scala:802)
	at org.apache.spark.sql.execution.streaming.MicroBatchExecution.constructNextBatch(MicroBatchExecution.scala:473)
	at org.apache.spark.sql.execution.streaming.MicroBatchExecution.$anonfun$runActivatedStream$2(MicroBatchExecution.scala:266)
	at scala.runtime.java8.JFunction0$mcV$sp.apply(JFunction0$mcV$sp.java:23)
	at org.apache.spark.sql.execution.streaming.ProgressReporter.reportTimeTaken(ProgressReporter.scala:411)
	at org.apache.spark.sql.execution.streaming.ProgressReporter.reportTimeTaken$(ProgressReporter.scala:409)
	at org.apache.spark.sql.execution.streaming.StreamExecution.reportTimeTaken(StreamExecution.scala:67)
	at org.apache.spark.sql.execution.streaming.MicroBatchExecution.$anonfun$runActivatedStream$1(MicroBatchExecution.scala:247)
	at org.apache.spark.sql.execution.streaming.ProcessingTimeExecutor.execute(TriggerExecutor.scala:67)
	at org.apache.spark.sql.execution.streaming.MicroBatchExecution.runActivatedStream(MicroBatchExecution.scala:237)
	at org.apache.spark.sql.execution.streaming.StreamExecution.$anonfun$runStream$1(StreamExecution.scala:306)
	at scala.runtime.java8.JFunction0$mcV$sp.apply(JFunction0$mcV$sp.java:23)
	at org.apache.spark.sql.SparkSession.withActive(SparkSession.scala:827)
	at org.apache.spark.sql.execution.streaming.StreamExecution.org$apache$spark$sql$execution$streaming$StreamExecution$$runStream(StreamExecution.scala:284)
	at org.apache.spark.sql.execution.streaming.StreamExecution$$anon$1.run(StreamExecution.scala:207)
Caused by: org.apache.kafka.common.errors.TimeoutException: Timed out waiting for a node assignment. Call: metadata
2025-11-09 02:48:01 [stream execution thread for [id = fa71c45e-83b0-41a9-88f8-50348a5ba951, runId = 4f837f35-e769-4b1d-a9fe-05ae3b47ad52]] INFO  o.a.s.s.e.s.MicroBatchExecution - Async log purge executor pool for query [id = fa71c45e-83b0-41a9-88f8-50348a5ba951, runId = 4f837f35-e769-4b1d-a9fe-05ae3b47ad52] has been shutdown
2025-11-09 02:48:01 [stream execution thread for [id = fa71c45e-83b0-41a9-88f8-50348a5ba951, runId = 4f837f35-e769-4b1d-a9fe-05ae3b47ad52]] INFO  o.a.s.s.e.s.MicroBatchExecution - Deleting checkpoint file:/private/var/folders/d1/0lfypfw93vx8vhhstp40dlv40000gn/T/temporary-654cb63e-8e96-4ff8-bb58-4cc2031e32cf.
2025-11-09 02:48:01 [shutdown-hook-0] INFO  org.apache.spark.SparkContext - Invoking stop() from shutdown hook
2025-11-09 02:48:01 [shutdown-hook-0] INFO  org.apache.spark.SparkContext - SparkContext is stopping with exitCode 0.
2025-11-09 02:48:01 [shutdown-hook-0] INFO  o.s.jetty.server.AbstractConnector - Stopped Spark@659051b9{HTTP/1.1, (http/1.1)}{0.0.0.0:4041}
2025-11-09 02:48:01 [shutdown-hook-0] INFO  org.apache.spark.ui.SparkUI - Stopped Spark web UI at http://127.0.0.1:4041
2025-11-09 02:48:01 [dispatcher-event-loop-1] INFO  o.a.s.MapOutputTrackerMasterEndpoint - MapOutputTrackerMasterEndpoint stopped!
2025-11-09 02:48:01 [shutdown-hook-0] INFO  o.a.spark.storage.memory.MemoryStore - MemoryStore cleared
2025-11-09 02:48:01 [shutdown-hook-0] INFO  o.apache.spark.storage.BlockManager - BlockManager stopped
2025-11-09 02:48:01 [shutdown-hook-0] INFO  o.a.spark.storage.BlockManagerMaster - BlockManagerMaster stopped
2025-11-09 02:48:01 [dispatcher-event-loop-6] INFO  o.a.s.s.OutputCommitCoordinator$OutputCommitCoordinatorEndpoint - OutputCommitCoordinator stopped!
2025-11-09 02:48:01 [shutdown-hook-0] INFO  org.apache.spark.SparkContext - Successfully stopped SparkContext
2025-11-09 02:48:01 [shutdown-hook-0] INFO  o.a.spark.util.ShutdownHookManager - Shutdown hook called
2025-11-09 02:48:01 [shutdown-hook-0] INFO  o.a.spark.util.ShutdownHookManager - Deleting directory /private/var/folders/d1/0lfypfw93vx8vhhstp40dlv40000gn/T/temporary-654cb63e-8e96-4ff8-bb58-4cc2031e32cf
2025-11-09 02:48:01 [shutdown-hook-0] INFO  o.a.spark.util.ShutdownHookManager - Deleting directory /private/var/folders/d1/0lfypfw93vx8vhhstp40dlv40000gn/T/spark-d05e5235-1226-47f1-8224-d71634d473aa
2025-11-09 02:55:53 [main] WARN  org.apache.spark.util.Utils - Your hostname, Soumyas-MacBook-Air.local resolves to a loopback address: 127.0.0.1; using 192.168.1.6 instead (on interface en0)
2025-11-09 02:55:53 [main] WARN  org.apache.spark.util.Utils - Set SPARK_LOCAL_IP if you need to bind to another address
2025-11-09 02:55:54 [main] INFO  org.apache.spark.SparkContext - Running Spark version 3.4.1
2025-11-09 02:55:54 [main] WARN  o.a.hadoop.util.NativeCodeLoader - Unable to load native-hadoop library for your platform... using builtin-java classes where applicable
2025-11-09 02:55:54 [main] INFO  o.a.spark.resource.ResourceUtils - ==============================================================
2025-11-09 02:55:54 [main] INFO  o.a.spark.resource.ResourceUtils - No custom resources configured for spark.driver.
2025-11-09 02:55:54 [main] INFO  o.a.spark.resource.ResourceUtils - ==============================================================
2025-11-09 02:55:54 [main] INFO  org.apache.spark.SparkContext - Submitted application: FraudDetection
2025-11-09 02:55:54 [main] INFO  o.a.spark.resource.ResourceProfile - Default ResourceProfile created, executor resources: Map(cores -> name: cores, amount: 1, script: , vendor: , memory -> name: memory, amount: 1024, script: , vendor: , offHeap -> name: offHeap, amount: 0, script: , vendor: ), task resources: Map(cpus -> name: cpus, amount: 1.0)
2025-11-09 02:55:54 [main] INFO  o.a.spark.resource.ResourceProfile - Limiting resource is cpu
2025-11-09 02:55:54 [main] INFO  o.a.s.r.ResourceProfileManager - Added ResourceProfile id: 0
2025-11-09 02:55:54 [main] INFO  org.apache.spark.SecurityManager - Changing view acls to: soumyagupta
2025-11-09 02:55:54 [main] INFO  org.apache.spark.SecurityManager - Changing modify acls to: soumyagupta
2025-11-09 02:55:54 [main] INFO  org.apache.spark.SecurityManager - Changing view acls groups to: 
2025-11-09 02:55:54 [main] INFO  org.apache.spark.SecurityManager - Changing modify acls groups to: 
2025-11-09 02:55:54 [main] INFO  org.apache.spark.SecurityManager - SecurityManager: authentication disabled; ui acls disabled; users with view permissions: soumyagupta; groups with view permissions: EMPTY; users with modify permissions: soumyagupta; groups with modify permissions: EMPTY
2025-11-09 02:55:54 [main] INFO  org.apache.spark.util.Utils - Successfully started service 'sparkDriver' on port 51075.
2025-11-09 02:55:54 [main] INFO  org.apache.spark.SparkEnv - Registering MapOutputTracker
2025-11-09 02:55:54 [main] INFO  org.apache.spark.SparkEnv - Registering BlockManagerMaster
2025-11-09 02:55:54 [main] INFO  o.a.s.s.BlockManagerMasterEndpoint - Using org.apache.spark.storage.DefaultTopologyMapper for getting topology information
2025-11-09 02:55:54 [main] INFO  o.a.s.s.BlockManagerMasterEndpoint - BlockManagerMasterEndpoint up
2025-11-09 02:55:54 [main] INFO  org.apache.spark.SparkEnv - Registering BlockManagerMasterHeartbeat
2025-11-09 02:55:54 [main] INFO  o.a.spark.storage.DiskBlockManager - Created local directory at /private/var/folders/d1/0lfypfw93vx8vhhstp40dlv40000gn/T/blockmgr-7a6b6876-e13f-433d-842f-e757f8759ad0
2025-11-09 02:55:54 [main] INFO  o.a.spark.storage.memory.MemoryStore - MemoryStore started with capacity 1048.8 MiB
2025-11-09 02:55:54 [main] INFO  org.apache.spark.SparkEnv - Registering OutputCommitCoordinator
2025-11-09 02:55:54 [main] INFO  org.sparkproject.jetty.util.log - Logging initialized @1257ms to org.sparkproject.jetty.util.log.Slf4jLog
2025-11-09 02:55:54 [main] INFO  org.apache.spark.ui.JettyUtils - Start Jetty 0.0.0.0:4040 for SparkUI
2025-11-09 02:55:54 [main] INFO  o.sparkproject.jetty.server.Server - jetty-9.4.50.v20221201; built: 2022-12-01T22:07:03.915Z; git: da9a0b30691a45daf90a9f17b5defa2f1434f882; jvm 11.0.29+0
2025-11-09 02:55:54 [main] INFO  o.sparkproject.jetty.server.Server - Started @1319ms
2025-11-09 02:55:54 [main] INFO  o.s.jetty.server.AbstractConnector - Started ServerConnector@14ef2482{HTTP/1.1, (http/1.1)}{0.0.0.0:4040}
2025-11-09 02:55:54 [main] INFO  org.apache.spark.util.Utils - Successfully started service 'SparkUI' on port 4040.
2025-11-09 02:55:54 [main] INFO  o.s.j.server.handler.ContextHandler - Started o.s.j.s.ServletContextHandler@35d5ac51{/,null,AVAILABLE,@Spark}
2025-11-09 02:55:54 [main] INFO  org.apache.spark.executor.Executor - Starting executor ID driver on host 192.168.1.6
2025-11-09 02:55:54 [main] INFO  org.apache.spark.executor.Executor - Starting executor with user classpath (userClassPathFirst = false): ''
2025-11-09 02:55:54 [main] INFO  org.apache.spark.util.Utils - Successfully started service 'org.apache.spark.network.netty.NettyBlockTransferService' on port 51076.
2025-11-09 02:55:54 [main] INFO  o.a.s.n.n.NettyBlockTransferService - Server created on 127.0.0.1:51076
2025-11-09 02:55:54 [main] INFO  o.apache.spark.storage.BlockManager - Using org.apache.spark.storage.RandomBlockReplicationPolicy for block replication policy
2025-11-09 02:55:54 [main] INFO  o.a.spark.storage.BlockManagerMaster - Registering BlockManager BlockManagerId(driver, 127.0.0.1, 51076, None)
2025-11-09 02:55:54 [dispatcher-BlockManagerMaster] INFO  o.a.s.s.BlockManagerMasterEndpoint - Registering block manager 127.0.0.1:51076 with 1048.8 MiB RAM, BlockManagerId(driver, 127.0.0.1, 51076, None)
2025-11-09 02:55:54 [main] INFO  o.a.spark.storage.BlockManagerMaster - Registered BlockManager BlockManagerId(driver, 127.0.0.1, 51076, None)
2025-11-09 02:55:54 [main] INFO  o.apache.spark.storage.BlockManager - Initialized BlockManager: BlockManagerId(driver, 127.0.0.1, 51076, None)
2025-11-09 02:55:54 [main] INFO  o.s.j.server.handler.ContextHandler - Stopped o.s.j.s.ServletContextHandler@35d5ac51{/,null,STOPPED,@Spark}
2025-11-09 02:55:54 [main] INFO  o.s.j.server.handler.ContextHandler - Started o.s.j.s.ServletContextHandler@1835dc92{/jobs,null,AVAILABLE,@Spark}
2025-11-09 02:55:54 [main] INFO  o.s.j.server.handler.ContextHandler - Started o.s.j.s.ServletContextHandler@65a9ea3c{/jobs/json,null,AVAILABLE,@Spark}
2025-11-09 02:55:54 [main] INFO  o.s.j.server.handler.ContextHandler - Started o.s.j.s.ServletContextHandler@7e351d7{/jobs/job,null,AVAILABLE,@Spark}
2025-11-09 02:55:54 [main] INFO  o.s.j.server.handler.ContextHandler - Started o.s.j.s.ServletContextHandler@d902300{/jobs/job/json,null,AVAILABLE,@Spark}
2025-11-09 02:55:54 [main] INFO  o.s.j.server.handler.ContextHandler - Started o.s.j.s.ServletContextHandler@30c3ae63{/stages,null,AVAILABLE,@Spark}
2025-11-09 02:55:54 [main] INFO  o.s.j.server.handler.ContextHandler - Started o.s.j.s.ServletContextHandler@54e12f4c{/stages/json,null,AVAILABLE,@Spark}
2025-11-09 02:55:54 [main] INFO  o.s.j.server.handler.ContextHandler - Started o.s.j.s.ServletContextHandler@21263314{/stages/stage,null,AVAILABLE,@Spark}
2025-11-09 02:55:54 [main] INFO  o.s.j.server.handler.ContextHandler - Started o.s.j.s.ServletContextHandler@4a92c6a9{/stages/stage/json,null,AVAILABLE,@Spark}
2025-11-09 02:55:54 [main] INFO  o.s.j.server.handler.ContextHandler - Started o.s.j.s.ServletContextHandler@4cb702ce{/stages/pool,null,AVAILABLE,@Spark}
2025-11-09 02:55:54 [main] INFO  o.s.j.server.handler.ContextHandler - Started o.s.j.s.ServletContextHandler@64c781a9{/stages/pool/json,null,AVAILABLE,@Spark}
2025-11-09 02:55:54 [main] INFO  o.s.j.server.handler.ContextHandler - Started o.s.j.s.ServletContextHandler@5b88b8e{/storage,null,AVAILABLE,@Spark}
2025-11-09 02:55:54 [main] INFO  o.s.j.server.handler.ContextHandler - Started o.s.j.s.ServletContextHandler@b73433{/storage/json,null,AVAILABLE,@Spark}
2025-11-09 02:55:54 [main] INFO  o.s.j.server.handler.ContextHandler - Started o.s.j.s.ServletContextHandler@5a545b0f{/storage/rdd,null,AVAILABLE,@Spark}
2025-11-09 02:55:54 [main] INFO  o.s.j.server.handler.ContextHandler - Started o.s.j.s.ServletContextHandler@124dac75{/storage/rdd/json,null,AVAILABLE,@Spark}
2025-11-09 02:55:54 [main] INFO  o.s.j.server.handler.ContextHandler - Started o.s.j.s.ServletContextHandler@7b61bf11{/environment,null,AVAILABLE,@Spark}
2025-11-09 02:55:54 [main] INFO  o.s.j.server.handler.ContextHandler - Started o.s.j.s.ServletContextHandler@3ff54f3d{/environment/json,null,AVAILABLE,@Spark}
2025-11-09 02:55:54 [main] INFO  o.s.j.server.handler.ContextHandler - Started o.s.j.s.ServletContextHandler@62a68bcb{/executors,null,AVAILABLE,@Spark}
2025-11-09 02:55:54 [main] INFO  o.s.j.server.handler.ContextHandler - Started o.s.j.s.ServletContextHandler@14924f41{/executors/json,null,AVAILABLE,@Spark}
2025-11-09 02:55:54 [main] INFO  o.s.j.server.handler.ContextHandler - Started o.s.j.s.ServletContextHandler@1f939a0f{/executors/threadDump,null,AVAILABLE,@Spark}
2025-11-09 02:55:54 [main] INFO  o.s.j.server.handler.ContextHandler - Started o.s.j.s.ServletContextHandler@430b2699{/executors/threadDump/json,null,AVAILABLE,@Spark}
2025-11-09 02:55:54 [main] INFO  o.s.j.server.handler.ContextHandler - Started o.s.j.s.ServletContextHandler@6413d7e7{/static,null,AVAILABLE,@Spark}
2025-11-09 02:55:54 [main] INFO  o.s.j.server.handler.ContextHandler - Started o.s.j.s.ServletContextHandler@7d986d83{/,null,AVAILABLE,@Spark}
2025-11-09 02:55:54 [main] INFO  o.s.j.server.handler.ContextHandler - Started o.s.j.s.ServletContextHandler@3a7e365{/api,null,AVAILABLE,@Spark}
2025-11-09 02:55:54 [main] INFO  o.s.j.server.handler.ContextHandler - Started o.s.j.s.ServletContextHandler@68e02f33{/jobs/job/kill,null,AVAILABLE,@Spark}
2025-11-09 02:55:54 [main] INFO  o.s.j.server.handler.ContextHandler - Started o.s.j.s.ServletContextHandler@d48e998{/stages/stage/kill,null,AVAILABLE,@Spark}
2025-11-09 02:55:54 [main] INFO  o.s.j.server.handler.ContextHandler - Started o.s.j.s.ServletContextHandler@27a09971{/metrics/json,null,AVAILABLE,@Spark}
2025-11-09 02:55:54 [main] INFO  o.a.spark.sql.internal.SharedState - Setting hive.metastore.warehouse.dir ('null') to the value of spark.sql.warehouse.dir.
2025-11-09 02:55:54 [main] INFO  o.a.spark.sql.internal.SharedState - Warehouse path is 'file:/Users/soumyagupta/IdeaProjects/fraud-detection/spark-warehouse'.
2025-11-09 02:55:54 [main] INFO  o.s.j.server.handler.ContextHandler - Started o.s.j.s.ServletContextHandler@29013ef2{/SQL,null,AVAILABLE,@Spark}
2025-11-09 02:55:54 [main] INFO  o.s.j.server.handler.ContextHandler - Started o.s.j.s.ServletContextHandler@5b2b8d86{/SQL/json,null,AVAILABLE,@Spark}
2025-11-09 02:55:54 [main] INFO  o.s.j.server.handler.ContextHandler - Started o.s.j.s.ServletContextHandler@19827608{/SQL/execution,null,AVAILABLE,@Spark}
2025-11-09 02:55:54 [main] INFO  o.s.j.server.handler.ContextHandler - Started o.s.j.s.ServletContextHandler@14b528b6{/SQL/execution/json,null,AVAILABLE,@Spark}
2025-11-09 02:55:54 [main] INFO  o.s.j.server.handler.ContextHandler - Started o.s.j.s.ServletContextHandler@fbe70d8{/static/sql,null,AVAILABLE,@Spark}
2025-11-09 02:55:56 [main] INFO  o.a.s.s.e.s.s.StateStoreCoordinatorRef - Registered StateStoreCoordinator endpoint
2025-11-09 02:55:56 [main] INFO  o.s.j.server.handler.ContextHandler - Started o.s.j.s.ServletContextHandler@33e6bd36{/StreamingQuery,null,AVAILABLE,@Spark}
2025-11-09 02:55:56 [main] INFO  o.s.j.server.handler.ContextHandler - Started o.s.j.s.ServletContextHandler@2db6ba81{/StreamingQuery/json,null,AVAILABLE,@Spark}
2025-11-09 02:55:56 [main] INFO  o.s.j.server.handler.ContextHandler - Started o.s.j.s.ServletContextHandler@8ce4320{/StreamingQuery/statistics,null,AVAILABLE,@Spark}
2025-11-09 02:55:56 [main] INFO  o.s.j.server.handler.ContextHandler - Started o.s.j.s.ServletContextHandler@3c538e62{/StreamingQuery/statistics/json,null,AVAILABLE,@Spark}
2025-11-09 02:55:56 [main] INFO  o.s.j.server.handler.ContextHandler - Started o.s.j.s.ServletContextHandler@2a9565d7{/static/sql,null,AVAILABLE,@Spark}
2025-11-09 02:55:56 [main] WARN  o.a.s.s.e.s.ResolveWriteToStream - Temporary checkpoint location created which is deleted normally when the query didn't fail: /private/var/folders/d1/0lfypfw93vx8vhhstp40dlv40000gn/T/temporary-a7d613dc-675c-403b-aa0b-436c0b6aa4ab. If it's required to delete it under any circumstances, please set spark.sql.streaming.forceDeleteTempCheckpointLocation to true. Important to know deleting temp checkpoint folder is best effort.
2025-11-09 02:55:56 [main] INFO  o.a.s.s.e.s.ResolveWriteToStream - Checkpoint root /private/var/folders/d1/0lfypfw93vx8vhhstp40dlv40000gn/T/temporary-a7d613dc-675c-403b-aa0b-436c0b6aa4ab resolved to file:/private/var/folders/d1/0lfypfw93vx8vhhstp40dlv40000gn/T/temporary-a7d613dc-675c-403b-aa0b-436c0b6aa4ab.
2025-11-09 02:55:56 [main] WARN  o.a.s.s.e.s.ResolveWriteToStream - spark.sql.adaptive.enabled is not supported in streaming DataFrames/Datasets and will be disabled.
2025-11-09 02:55:56 [main] INFO  o.a.s.s.e.s.CheckpointFileManager - Writing atomically to file:/private/var/folders/d1/0lfypfw93vx8vhhstp40dlv40000gn/T/temporary-a7d613dc-675c-403b-aa0b-436c0b6aa4ab/metadata using temp file file:/private/var/folders/d1/0lfypfw93vx8vhhstp40dlv40000gn/T/temporary-a7d613dc-675c-403b-aa0b-436c0b6aa4ab/.metadata.a6deb2f7-72bf-493b-b80f-f2942b8dd511.tmp
2025-11-09 02:55:56 [main] INFO  o.a.s.s.e.s.CheckpointFileManager - Renamed temp file file:/private/var/folders/d1/0lfypfw93vx8vhhstp40dlv40000gn/T/temporary-a7d613dc-675c-403b-aa0b-436c0b6aa4ab/.metadata.a6deb2f7-72bf-493b-b80f-f2942b8dd511.tmp to file:/private/var/folders/d1/0lfypfw93vx8vhhstp40dlv40000gn/T/temporary-a7d613dc-675c-403b-aa0b-436c0b6aa4ab/metadata
2025-11-09 02:55:56 [main] INFO  o.a.s.s.e.s.MicroBatchExecution - Starting [id = 0c1126c8-97aa-457f-bc84-f6d9e1cd7ca6, runId = e1f6eff0-185c-40f1-a7a3-af47b4b5b8cb]. Use file:/private/var/folders/d1/0lfypfw93vx8vhhstp40dlv40000gn/T/temporary-a7d613dc-675c-403b-aa0b-436c0b6aa4ab to store the query checkpoint.
2025-11-09 02:55:56 [stream execution thread for [id = 0c1126c8-97aa-457f-bc84-f6d9e1cd7ca6, runId = e1f6eff0-185c-40f1-a7a3-af47b4b5b8cb]] INFO  o.a.s.s.e.s.MicroBatchExecution - Reading table [org.apache.spark.sql.kafka010.KafkaSourceProvider$KafkaTable@2b59bffc] from DataSourceV2 named 'kafka' [org.apache.spark.sql.kafka010.KafkaSourceProvider@214f3516]
2025-11-09 02:55:56 [stream execution thread for [id = 0c1126c8-97aa-457f-bc84-f6d9e1cd7ca6, runId = e1f6eff0-185c-40f1-a7a3-af47b4b5b8cb]] INFO  o.a.s.s.e.streaming.OffsetSeqLog - BatchIds found from listing: 
2025-11-09 02:55:56 [stream execution thread for [id = 0c1126c8-97aa-457f-bc84-f6d9e1cd7ca6, runId = e1f6eff0-185c-40f1-a7a3-af47b4b5b8cb]] INFO  o.a.s.s.e.streaming.OffsetSeqLog - BatchIds found from listing: 
2025-11-09 02:55:56 [stream execution thread for [id = 0c1126c8-97aa-457f-bc84-f6d9e1cd7ca6, runId = e1f6eff0-185c-40f1-a7a3-af47b4b5b8cb]] INFO  o.a.s.s.e.s.MicroBatchExecution - Starting new streaming query.
2025-11-09 02:55:56 [stream execution thread for [id = 0c1126c8-97aa-457f-bc84-f6d9e1cd7ca6, runId = e1f6eff0-185c-40f1-a7a3-af47b4b5b8cb]] INFO  o.a.s.s.e.s.MicroBatchExecution - Stream started from {}
2025-11-09 02:55:56 [stream execution thread for [id = 0c1126c8-97aa-457f-bc84-f6d9e1cd7ca6, runId = e1f6eff0-185c-40f1-a7a3-af47b4b5b8cb]] INFO  o.a.k.c.admin.AdminClientConfig - AdminClientConfig values: 
	auto.include.jmx.reporter = true
	bootstrap.servers = [localhost:9092]
	client.dns.lookup = use_all_dns_ips
	client.id = 
	connections.max.idle.ms = 300000
	default.api.timeout.ms = 60000
	metadata.max.age.ms = 300000
	metric.reporters = []
	metrics.num.samples = 2
	metrics.recording.level = INFO
	metrics.sample.window.ms = 30000
	receive.buffer.bytes = 65536
	reconnect.backoff.max.ms = 1000
	reconnect.backoff.ms = 50
	request.timeout.ms = 30000
	retries = 2147483647
	retry.backoff.ms = 100
	sasl.client.callback.handler.class = null
	sasl.jaas.config = [hidden]
	sasl.kerberos.kinit.cmd = /usr/bin/kinit
	sasl.kerberos.min.time.before.relogin = 60000
	sasl.kerberos.service.name = null
	sasl.kerberos.ticket.renew.jitter = 0.05
	sasl.kerberos.ticket.renew.window.factor = 0.8
	sasl.login.callback.handler.class = null
	sasl.login.class = null
	sasl.login.connect.timeout.ms = null
	sasl.login.read.timeout.ms = null
	sasl.login.refresh.buffer.seconds = 300
	sasl.login.refresh.min.period.seconds = 60
	sasl.login.refresh.window.factor = 0.8
	sasl.login.refresh.window.jitter = 0.05
	sasl.login.retry.backoff.max.ms = 10000
	sasl.login.retry.backoff.ms = 100
	sasl.mechanism = PLAIN
	sasl.oauthbearer.clock.skew.seconds = 30
	sasl.oauthbearer.expected.audience = null
	sasl.oauthbearer.expected.issuer = null
	sasl.oauthbearer.jwks.endpoint.refresh.ms = 3600000
	sasl.oauthbearer.jwks.endpoint.retry.backoff.max.ms = 10000
	sasl.oauthbearer.jwks.endpoint.retry.backoff.ms = 100
	sasl.oauthbearer.jwks.endpoint.url = null
	sasl.oauthbearer.scope.claim.name = scope
	sasl.oauthbearer.sub.claim.name = sub
	sasl.oauthbearer.token.endpoint.url = null
	security.protocol = PLAINTEXT
	security.providers = null
	send.buffer.bytes = 131072
	socket.connection.setup.timeout.max.ms = 30000
	socket.connection.setup.timeout.ms = 10000
	ssl.cipher.suites = null
	ssl.enabled.protocols = [TLSv1.2, TLSv1.3]
	ssl.endpoint.identification.algorithm = https
	ssl.engine.factory.class = null
	ssl.key.password = null
	ssl.keymanager.algorithm = SunX509
	ssl.keystore.certificate.chain = null
	ssl.keystore.key = null
	ssl.keystore.location = null
	ssl.keystore.password = null
	ssl.keystore.type = JKS
	ssl.protocol = TLSv1.3
	ssl.provider = null
	ssl.secure.random.implementation = null
	ssl.trustmanager.algorithm = PKIX
	ssl.truststore.certificates = null
	ssl.truststore.location = null
	ssl.truststore.password = null
	ssl.truststore.type = JKS

2025-11-09 02:55:56 [stream execution thread for [id = 0c1126c8-97aa-457f-bc84-f6d9e1cd7ca6, runId = e1f6eff0-185c-40f1-a7a3-af47b4b5b8cb]] INFO  o.a.k.c.admin.AdminClientConfig - These configurations '[key.deserializer, value.deserializer, enable.auto.commit, max.poll.records, sasl.jaas.config, auto.offset.reset]' were supplied but are not used yet.
2025-11-09 02:55:56 [stream execution thread for [id = 0c1126c8-97aa-457f-bc84-f6d9e1cd7ca6, runId = e1f6eff0-185c-40f1-a7a3-af47b4b5b8cb]] INFO  o.a.kafka.common.utils.AppInfoParser - Kafka version: 3.5.1
2025-11-09 02:55:56 [stream execution thread for [id = 0c1126c8-97aa-457f-bc84-f6d9e1cd7ca6, runId = e1f6eff0-185c-40f1-a7a3-af47b4b5b8cb]] INFO  o.a.kafka.common.utils.AppInfoParser - Kafka commitId: 2c6fb6c54472e90a
2025-11-09 02:55:56 [stream execution thread for [id = 0c1126c8-97aa-457f-bc84-f6d9e1cd7ca6, runId = e1f6eff0-185c-40f1-a7a3-af47b4b5b8cb]] INFO  o.a.kafka.common.utils.AppInfoParser - Kafka startTimeMs: 1762637156669
2025-11-09 02:56:18 [main] INFO  o.a.k.c.producer.ProducerConfig - ProducerConfig values: 
	acks = -1
	auto.include.jmx.reporter = true
	batch.size = 16384
	bootstrap.servers = [localhost:9092]
	buffer.memory = 33554432
	client.dns.lookup = use_all_dns_ips
	client.id = producer-1
	compression.type = none
	connections.max.idle.ms = 540000
	delivery.timeout.ms = 120000
	enable.idempotence = true
	interceptor.classes = []
	key.serializer = class org.apache.kafka.common.serialization.StringSerializer
	linger.ms = 0
	max.block.ms = 60000
	max.in.flight.requests.per.connection = 5
	max.request.size = 1048576
	metadata.max.age.ms = 300000
	metadata.max.idle.ms = 300000
	metric.reporters = []
	metrics.num.samples = 2
	metrics.recording.level = INFO
	metrics.sample.window.ms = 30000
	partitioner.adaptive.partitioning.enable = true
	partitioner.availability.timeout.ms = 0
	partitioner.class = null
	partitioner.ignore.keys = false
	receive.buffer.bytes = 32768
	reconnect.backoff.max.ms = 1000
	reconnect.backoff.ms = 50
	request.timeout.ms = 30000
	retries = 2147483647
	retry.backoff.ms = 100
	sasl.client.callback.handler.class = null
	sasl.jaas.config = null
	sasl.kerberos.kinit.cmd = /usr/bin/kinit
	sasl.kerberos.min.time.before.relogin = 60000
	sasl.kerberos.service.name = null
	sasl.kerberos.ticket.renew.jitter = 0.05
	sasl.kerberos.ticket.renew.window.factor = 0.8
	sasl.login.callback.handler.class = null
	sasl.login.class = null
	sasl.login.connect.timeout.ms = null
	sasl.login.read.timeout.ms = null
	sasl.login.refresh.buffer.seconds = 300
	sasl.login.refresh.min.period.seconds = 60
	sasl.login.refresh.window.factor = 0.8
	sasl.login.refresh.window.jitter = 0.05
	sasl.login.retry.backoff.max.ms = 10000
	sasl.login.retry.backoff.ms = 100
	sasl.mechanism = GSSAPI
	sasl.oauthbearer.clock.skew.seconds = 30
	sasl.oauthbearer.expected.audience = null
	sasl.oauthbearer.expected.issuer = null
	sasl.oauthbearer.jwks.endpoint.refresh.ms = 3600000
	sasl.oauthbearer.jwks.endpoint.retry.backoff.max.ms = 10000
	sasl.oauthbearer.jwks.endpoint.retry.backoff.ms = 100
	sasl.oauthbearer.jwks.endpoint.url = null
	sasl.oauthbearer.scope.claim.name = scope
	sasl.oauthbearer.sub.claim.name = sub
	sasl.oauthbearer.token.endpoint.url = null
	security.protocol = PLAINTEXT
	security.providers = null
	send.buffer.bytes = 131072
	socket.connection.setup.timeout.max.ms = 30000
	socket.connection.setup.timeout.ms = 10000
	ssl.cipher.suites = null
	ssl.enabled.protocols = [TLSv1.2, TLSv1.3]
	ssl.endpoint.identification.algorithm = https
	ssl.engine.factory.class = null
	ssl.key.password = null
	ssl.keymanager.algorithm = SunX509
	ssl.keystore.certificate.chain = null
	ssl.keystore.key = null
	ssl.keystore.location = null
	ssl.keystore.password = null
	ssl.keystore.type = JKS
	ssl.protocol = TLSv1.3
	ssl.provider = null
	ssl.secure.random.implementation = null
	ssl.trustmanager.algorithm = PKIX
	ssl.truststore.certificates = null
	ssl.truststore.location = null
	ssl.truststore.password = null
	ssl.truststore.type = JKS
	transaction.timeout.ms = 60000
	transactional.id = null
	value.serializer = class org.apache.kafka.common.serialization.StringSerializer

2025-11-09 02:56:18 [main] INFO  o.a.k.clients.producer.KafkaProducer - [Producer clientId=producer-1] Instantiated an idempotent producer.
2025-11-09 02:56:18 [main] INFO  o.a.kafka.common.utils.AppInfoParser - Kafka version: 3.5.1
2025-11-09 02:56:18 [main] INFO  o.a.kafka.common.utils.AppInfoParser - Kafka commitId: 2c6fb6c54472e90a
2025-11-09 02:56:18 [main] INFO  o.a.kafka.common.utils.AppInfoParser - Kafka startTimeMs: 1762637178915
2025-11-09 02:56:19 [kafka-producer-network-thread | producer-1] INFO  org.apache.kafka.clients.Metadata - [Producer clientId=producer-1] Cluster ID: rap-C161RluK3-dyEwJAhw
2025-11-09 02:56:19 [kafka-producer-network-thread | producer-1] INFO  o.a.k.c.p.i.TransactionManager - [Producer clientId=producer-1] ProducerId set to 1002 with epoch 0
2025-11-09 02:56:56 [stream execution thread for [id = 0c1126c8-97aa-457f-bc84-f6d9e1cd7ca6, runId = e1f6eff0-185c-40f1-a7a3-af47b4b5b8cb]] WARN  o.a.s.s.k.KafkaOffsetReaderAdmin - Error in attempt 1 getting Kafka offsets: 
java.util.concurrent.ExecutionException: org.apache.kafka.common.errors.TimeoutException: Timed out waiting for a node assignment. Call: metadata
	at java.base/java.util.concurrent.CompletableFuture.reportGet(CompletableFuture.java:395)
	at java.base/java.util.concurrent.CompletableFuture.get(CompletableFuture.java:2005)
	at org.apache.kafka.common.internals.KafkaFutureImpl.get(KafkaFutureImpl.java:165)
	at org.apache.spark.sql.kafka010.KafkaOffsetReaderAdmin.listOffsets(KafkaOffsetReaderAdmin.scala:88)
	at org.apache.spark.sql.kafka010.KafkaOffsetReaderAdmin.$anonfun$fetchLatestOffsets$1(KafkaOffsetReaderAdmin.scala:300)
	at org.apache.spark.sql.kafka010.KafkaOffsetReaderAdmin.$anonfun$partitionsAssignedToAdmin$1(KafkaOffsetReaderAdmin.scala:501)
	at org.apache.spark.sql.kafka010.KafkaOffsetReaderAdmin.withRetries(KafkaOffsetReaderAdmin.scala:518)
	at org.apache.spark.sql.kafka010.KafkaOffsetReaderAdmin.partitionsAssignedToAdmin(KafkaOffsetReaderAdmin.scala:498)
	at org.apache.spark.sql.kafka010.KafkaOffsetReaderAdmin.fetchLatestOffsets(KafkaOffsetReaderAdmin.scala:297)
	at org.apache.spark.sql.kafka010.KafkaMicroBatchStream.$anonfun$getOrCreateInitialPartitionOffsets$1(KafkaMicroBatchStream.scala:251)
	at scala.Option.getOrElse(Option.scala:189)
	at org.apache.spark.sql.kafka010.KafkaMicroBatchStream.getOrCreateInitialPartitionOffsets(KafkaMicroBatchStream.scala:246)
	at org.apache.spark.sql.kafka010.KafkaMicroBatchStream.initialOffset(KafkaMicroBatchStream.scala:98)
	at org.apache.spark.sql.execution.streaming.MicroBatchExecution.$anonfun$getStartOffset$2(MicroBatchExecution.scala:455)
	at scala.Option.getOrElse(Option.scala:189)
	at org.apache.spark.sql.execution.streaming.MicroBatchExecution.getStartOffset(MicroBatchExecution.scala:455)
	at org.apache.spark.sql.execution.streaming.MicroBatchExecution.$anonfun$constructNextBatch$4(MicroBatchExecution.scala:489)
	at org.apache.spark.sql.execution.streaming.ProgressReporter.reportTimeTaken(ProgressReporter.scala:411)
	at org.apache.spark.sql.execution.streaming.ProgressReporter.reportTimeTaken$(ProgressReporter.scala:409)
	at org.apache.spark.sql.execution.streaming.StreamExecution.reportTimeTaken(StreamExecution.scala:67)
	at org.apache.spark.sql.execution.streaming.MicroBatchExecution.$anonfun$constructNextBatch$2(MicroBatchExecution.scala:488)
	at scala.collection.TraversableLike.$anonfun$map$1(TraversableLike.scala:286)
	at scala.collection.Iterator.foreach(Iterator.scala:943)
	at scala.collection.Iterator.foreach$(Iterator.scala:943)
	at scala.collection.AbstractIterator.foreach(Iterator.scala:1431)
	at scala.collection.IterableLike.foreach(IterableLike.scala:74)
	at scala.collection.IterableLike.foreach$(IterableLike.scala:73)
	at scala.collection.AbstractIterable.foreach(Iterable.scala:56)
	at scala.collection.TraversableLike.map(TraversableLike.scala:286)
	at scala.collection.TraversableLike.map$(TraversableLike.scala:279)
	at scala.collection.AbstractTraversable.map(Traversable.scala:108)
	at org.apache.spark.sql.execution.streaming.MicroBatchExecution.$anonfun$constructNextBatch$1(MicroBatchExecution.scala:477)
	at scala.runtime.java8.JFunction0$mcZ$sp.apply(JFunction0$mcZ$sp.java:23)
	at org.apache.spark.sql.execution.streaming.MicroBatchExecution.withProgressLocked(MicroBatchExecution.scala:802)
	at org.apache.spark.sql.execution.streaming.MicroBatchExecution.constructNextBatch(MicroBatchExecution.scala:473)
	at org.apache.spark.sql.execution.streaming.MicroBatchExecution.$anonfun$runActivatedStream$2(MicroBatchExecution.scala:266)
	at scala.runtime.java8.JFunction0$mcV$sp.apply(JFunction0$mcV$sp.java:23)
	at org.apache.spark.sql.execution.streaming.ProgressReporter.reportTimeTaken(ProgressReporter.scala:411)
	at org.apache.spark.sql.execution.streaming.ProgressReporter.reportTimeTaken$(ProgressReporter.scala:409)
	at org.apache.spark.sql.execution.streaming.StreamExecution.reportTimeTaken(StreamExecution.scala:67)
	at org.apache.spark.sql.execution.streaming.MicroBatchExecution.$anonfun$runActivatedStream$1(MicroBatchExecution.scala:247)
	at org.apache.spark.sql.execution.streaming.ProcessingTimeExecutor.execute(TriggerExecutor.scala:67)
	at org.apache.spark.sql.execution.streaming.MicroBatchExecution.runActivatedStream(MicroBatchExecution.scala:237)
	at org.apache.spark.sql.execution.streaming.StreamExecution.$anonfun$runStream$1(StreamExecution.scala:306)
	at scala.runtime.java8.JFunction0$mcV$sp.apply(JFunction0$mcV$sp.java:23)
	at org.apache.spark.sql.SparkSession.withActive(SparkSession.scala:827)
	at org.apache.spark.sql.execution.streaming.StreamExecution.org$apache$spark$sql$execution$streaming$StreamExecution$$runStream(StreamExecution.scala:284)
	at org.apache.spark.sql.execution.streaming.StreamExecution$$anon$1.run(StreamExecution.scala:207)
Caused by: org.apache.kafka.common.errors.TimeoutException: Timed out waiting for a node assignment. Call: metadata
2025-11-09 02:56:57 [kafka-admin-client-thread | adminclient-1] INFO  o.a.kafka.common.utils.AppInfoParser - App info kafka.admin.client for adminclient-1 unregistered
2025-11-09 02:56:57 [kafka-admin-client-thread | adminclient-1] INFO  o.a.kafka.common.metrics.Metrics - Metrics scheduler closed
2025-11-09 02:56:57 [kafka-admin-client-thread | adminclient-1] INFO  o.a.kafka.common.metrics.Metrics - Closing reporter org.apache.kafka.common.metrics.JmxReporter
2025-11-09 02:56:57 [kafka-admin-client-thread | adminclient-1] INFO  o.a.kafka.common.metrics.Metrics - Metrics reporters closed
2025-11-09 02:56:57 [stream execution thread for [id = 0c1126c8-97aa-457f-bc84-f6d9e1cd7ca6, runId = e1f6eff0-185c-40f1-a7a3-af47b4b5b8cb]] INFO  o.a.k.c.admin.AdminClientConfig - AdminClientConfig values: 
	auto.include.jmx.reporter = true
	bootstrap.servers = [localhost:9092]
	client.dns.lookup = use_all_dns_ips
	client.id = 
	connections.max.idle.ms = 300000
	default.api.timeout.ms = 60000
	metadata.max.age.ms = 300000
	metric.reporters = []
	metrics.num.samples = 2
	metrics.recording.level = INFO
	metrics.sample.window.ms = 30000
	receive.buffer.bytes = 65536
	reconnect.backoff.max.ms = 1000
	reconnect.backoff.ms = 50
	request.timeout.ms = 30000
	retries = 2147483647
	retry.backoff.ms = 100
	sasl.client.callback.handler.class = null
	sasl.jaas.config = [hidden]
	sasl.kerberos.kinit.cmd = /usr/bin/kinit
	sasl.kerberos.min.time.before.relogin = 60000
	sasl.kerberos.service.name = null
	sasl.kerberos.ticket.renew.jitter = 0.05
	sasl.kerberos.ticket.renew.window.factor = 0.8
	sasl.login.callback.handler.class = null
	sasl.login.class = null
	sasl.login.connect.timeout.ms = null
	sasl.login.read.timeout.ms = null
	sasl.login.refresh.buffer.seconds = 300
	sasl.login.refresh.min.period.seconds = 60
	sasl.login.refresh.window.factor = 0.8
	sasl.login.refresh.window.jitter = 0.05
	sasl.login.retry.backoff.max.ms = 10000
	sasl.login.retry.backoff.ms = 100
	sasl.mechanism = PLAIN
	sasl.oauthbearer.clock.skew.seconds = 30
	sasl.oauthbearer.expected.audience = null
	sasl.oauthbearer.expected.issuer = null
	sasl.oauthbearer.jwks.endpoint.refresh.ms = 3600000
	sasl.oauthbearer.jwks.endpoint.retry.backoff.max.ms = 10000
	sasl.oauthbearer.jwks.endpoint.retry.backoff.ms = 100
	sasl.oauthbearer.jwks.endpoint.url = null
	sasl.oauthbearer.scope.claim.name = scope
	sasl.oauthbearer.sub.claim.name = sub
	sasl.oauthbearer.token.endpoint.url = null
	security.protocol = PLAINTEXT
	security.providers = null
	send.buffer.bytes = 131072
	socket.connection.setup.timeout.max.ms = 30000
	socket.connection.setup.timeout.ms = 10000
	ssl.cipher.suites = null
	ssl.enabled.protocols = [TLSv1.2, TLSv1.3]
	ssl.endpoint.identification.algorithm = https
	ssl.engine.factory.class = null
	ssl.key.password = null
	ssl.keymanager.algorithm = SunX509
	ssl.keystore.certificate.chain = null
	ssl.keystore.key = null
	ssl.keystore.location = null
	ssl.keystore.password = null
	ssl.keystore.type = JKS
	ssl.protocol = TLSv1.3
	ssl.provider = null
	ssl.secure.random.implementation = null
	ssl.trustmanager.algorithm = PKIX
	ssl.truststore.certificates = null
	ssl.truststore.location = null
	ssl.truststore.password = null
	ssl.truststore.type = JKS

2025-11-09 02:56:57 [stream execution thread for [id = 0c1126c8-97aa-457f-bc84-f6d9e1cd7ca6, runId = e1f6eff0-185c-40f1-a7a3-af47b4b5b8cb]] INFO  o.a.k.c.admin.AdminClientConfig - These configurations '[key.deserializer, value.deserializer, enable.auto.commit, max.poll.records, sasl.jaas.config, auto.offset.reset]' were supplied but are not used yet.
2025-11-09 02:56:57 [stream execution thread for [id = 0c1126c8-97aa-457f-bc84-f6d9e1cd7ca6, runId = e1f6eff0-185c-40f1-a7a3-af47b4b5b8cb]] INFO  o.a.kafka.common.utils.AppInfoParser - Kafka version: 3.5.1
2025-11-09 02:56:57 [stream execution thread for [id = 0c1126c8-97aa-457f-bc84-f6d9e1cd7ca6, runId = e1f6eff0-185c-40f1-a7a3-af47b4b5b8cb]] INFO  o.a.kafka.common.utils.AppInfoParser - Kafka commitId: 2c6fb6c54472e90a
2025-11-09 02:56:57 [stream execution thread for [id = 0c1126c8-97aa-457f-bc84-f6d9e1cd7ca6, runId = e1f6eff0-185c-40f1-a7a3-af47b4b5b8cb]] INFO  o.a.kafka.common.utils.AppInfoParser - Kafka startTimeMs: 1762637217893
2025-11-09 02:57:57 [stream execution thread for [id = 0c1126c8-97aa-457f-bc84-f6d9e1cd7ca6, runId = e1f6eff0-185c-40f1-a7a3-af47b4b5b8cb]] WARN  o.a.s.s.k.KafkaOffsetReaderAdmin - Error in attempt 2 getting Kafka offsets: 
java.util.concurrent.ExecutionException: org.apache.kafka.common.errors.TimeoutException: Timed out waiting for a node assignment. Call: metadata
	at java.base/java.util.concurrent.CompletableFuture.reportGet(CompletableFuture.java:395)
	at java.base/java.util.concurrent.CompletableFuture.get(CompletableFuture.java:2005)
	at org.apache.kafka.common.internals.KafkaFutureImpl.get(KafkaFutureImpl.java:165)
	at org.apache.spark.sql.kafka010.KafkaOffsetReaderAdmin.listOffsets(KafkaOffsetReaderAdmin.scala:88)
	at org.apache.spark.sql.kafka010.KafkaOffsetReaderAdmin.$anonfun$fetchLatestOffsets$1(KafkaOffsetReaderAdmin.scala:300)
	at org.apache.spark.sql.kafka010.KafkaOffsetReaderAdmin.$anonfun$partitionsAssignedToAdmin$1(KafkaOffsetReaderAdmin.scala:501)
	at org.apache.spark.sql.kafka010.KafkaOffsetReaderAdmin.withRetries(KafkaOffsetReaderAdmin.scala:518)
	at org.apache.spark.sql.kafka010.KafkaOffsetReaderAdmin.partitionsAssignedToAdmin(KafkaOffsetReaderAdmin.scala:498)
	at org.apache.spark.sql.kafka010.KafkaOffsetReaderAdmin.fetchLatestOffsets(KafkaOffsetReaderAdmin.scala:297)
	at org.apache.spark.sql.kafka010.KafkaMicroBatchStream.$anonfun$getOrCreateInitialPartitionOffsets$1(KafkaMicroBatchStream.scala:251)
	at scala.Option.getOrElse(Option.scala:189)
	at org.apache.spark.sql.kafka010.KafkaMicroBatchStream.getOrCreateInitialPartitionOffsets(KafkaMicroBatchStream.scala:246)
	at org.apache.spark.sql.kafka010.KafkaMicroBatchStream.initialOffset(KafkaMicroBatchStream.scala:98)
	at org.apache.spark.sql.execution.streaming.MicroBatchExecution.$anonfun$getStartOffset$2(MicroBatchExecution.scala:455)
	at scala.Option.getOrElse(Option.scala:189)
	at org.apache.spark.sql.execution.streaming.MicroBatchExecution.getStartOffset(MicroBatchExecution.scala:455)
	at org.apache.spark.sql.execution.streaming.MicroBatchExecution.$anonfun$constructNextBatch$4(MicroBatchExecution.scala:489)
	at org.apache.spark.sql.execution.streaming.ProgressReporter.reportTimeTaken(ProgressReporter.scala:411)
	at org.apache.spark.sql.execution.streaming.ProgressReporter.reportTimeTaken$(ProgressReporter.scala:409)
	at org.apache.spark.sql.execution.streaming.StreamExecution.reportTimeTaken(StreamExecution.scala:67)
	at org.apache.spark.sql.execution.streaming.MicroBatchExecution.$anonfun$constructNextBatch$2(MicroBatchExecution.scala:488)
	at scala.collection.TraversableLike.$anonfun$map$1(TraversableLike.scala:286)
	at scala.collection.Iterator.foreach(Iterator.scala:943)
	at scala.collection.Iterator.foreach$(Iterator.scala:943)
	at scala.collection.AbstractIterator.foreach(Iterator.scala:1431)
	at scala.collection.IterableLike.foreach(IterableLike.scala:74)
	at scala.collection.IterableLike.foreach$(IterableLike.scala:73)
	at scala.collection.AbstractIterable.foreach(Iterable.scala:56)
	at scala.collection.TraversableLike.map(TraversableLike.scala:286)
	at scala.collection.TraversableLike.map$(TraversableLike.scala:279)
	at scala.collection.AbstractTraversable.map(Traversable.scala:108)
	at org.apache.spark.sql.execution.streaming.MicroBatchExecution.$anonfun$constructNextBatch$1(MicroBatchExecution.scala:477)
	at scala.runtime.java8.JFunction0$mcZ$sp.apply(JFunction0$mcZ$sp.java:23)
	at org.apache.spark.sql.execution.streaming.MicroBatchExecution.withProgressLocked(MicroBatchExecution.scala:802)
	at org.apache.spark.sql.execution.streaming.MicroBatchExecution.constructNextBatch(MicroBatchExecution.scala:473)
	at org.apache.spark.sql.execution.streaming.MicroBatchExecution.$anonfun$runActivatedStream$2(MicroBatchExecution.scala:266)
	at scala.runtime.java8.JFunction0$mcV$sp.apply(JFunction0$mcV$sp.java:23)
	at org.apache.spark.sql.execution.streaming.ProgressReporter.reportTimeTaken(ProgressReporter.scala:411)
	at org.apache.spark.sql.execution.streaming.ProgressReporter.reportTimeTaken$(ProgressReporter.scala:409)
	at org.apache.spark.sql.execution.streaming.StreamExecution.reportTimeTaken(StreamExecution.scala:67)
	at org.apache.spark.sql.execution.streaming.MicroBatchExecution.$anonfun$runActivatedStream$1(MicroBatchExecution.scala:247)
	at org.apache.spark.sql.execution.streaming.ProcessingTimeExecutor.execute(TriggerExecutor.scala:67)
	at org.apache.spark.sql.execution.streaming.MicroBatchExecution.runActivatedStream(MicroBatchExecution.scala:237)
	at org.apache.spark.sql.execution.streaming.StreamExecution.$anonfun$runStream$1(StreamExecution.scala:306)
	at scala.runtime.java8.JFunction0$mcV$sp.apply(JFunction0$mcV$sp.java:23)
	at org.apache.spark.sql.SparkSession.withActive(SparkSession.scala:827)
	at org.apache.spark.sql.execution.streaming.StreamExecution.org$apache$spark$sql$execution$streaming$StreamExecution$$runStream(StreamExecution.scala:284)
	at org.apache.spark.sql.execution.streaming.StreamExecution$$anon$1.run(StreamExecution.scala:207)
Caused by: org.apache.kafka.common.errors.TimeoutException: Timed out waiting for a node assignment. Call: metadata
2025-11-09 02:57:58 [kafka-admin-client-thread | adminclient-2] INFO  o.a.kafka.common.utils.AppInfoParser - App info kafka.admin.client for adminclient-2 unregistered
2025-11-09 02:57:58 [kafka-admin-client-thread | adminclient-2] INFO  o.a.kafka.common.metrics.Metrics - Metrics scheduler closed
2025-11-09 02:57:58 [kafka-admin-client-thread | adminclient-2] INFO  o.a.kafka.common.metrics.Metrics - Closing reporter org.apache.kafka.common.metrics.JmxReporter
2025-11-09 02:57:58 [kafka-admin-client-thread | adminclient-2] INFO  o.a.kafka.common.metrics.Metrics - Metrics reporters closed
2025-11-09 02:57:58 [stream execution thread for [id = 0c1126c8-97aa-457f-bc84-f6d9e1cd7ca6, runId = e1f6eff0-185c-40f1-a7a3-af47b4b5b8cb]] INFO  o.a.k.c.admin.AdminClientConfig - AdminClientConfig values: 
	auto.include.jmx.reporter = true
	bootstrap.servers = [localhost:9092]
	client.dns.lookup = use_all_dns_ips
	client.id = 
	connections.max.idle.ms = 300000
	default.api.timeout.ms = 60000
	metadata.max.age.ms = 300000
	metric.reporters = []
	metrics.num.samples = 2
	metrics.recording.level = INFO
	metrics.sample.window.ms = 30000
	receive.buffer.bytes = 65536
	reconnect.backoff.max.ms = 1000
	reconnect.backoff.ms = 50
	request.timeout.ms = 30000
	retries = 2147483647
	retry.backoff.ms = 100
	sasl.client.callback.handler.class = null
	sasl.jaas.config = [hidden]
	sasl.kerberos.kinit.cmd = /usr/bin/kinit
	sasl.kerberos.min.time.before.relogin = 60000
	sasl.kerberos.service.name = null
	sasl.kerberos.ticket.renew.jitter = 0.05
	sasl.kerberos.ticket.renew.window.factor = 0.8
	sasl.login.callback.handler.class = null
	sasl.login.class = null
	sasl.login.connect.timeout.ms = null
	sasl.login.read.timeout.ms = null
	sasl.login.refresh.buffer.seconds = 300
	sasl.login.refresh.min.period.seconds = 60
	sasl.login.refresh.window.factor = 0.8
	sasl.login.refresh.window.jitter = 0.05
	sasl.login.retry.backoff.max.ms = 10000
	sasl.login.retry.backoff.ms = 100
	sasl.mechanism = PLAIN
	sasl.oauthbearer.clock.skew.seconds = 30
	sasl.oauthbearer.expected.audience = null
	sasl.oauthbearer.expected.issuer = null
	sasl.oauthbearer.jwks.endpoint.refresh.ms = 3600000
	sasl.oauthbearer.jwks.endpoint.retry.backoff.max.ms = 10000
	sasl.oauthbearer.jwks.endpoint.retry.backoff.ms = 100
	sasl.oauthbearer.jwks.endpoint.url = null
	sasl.oauthbearer.scope.claim.name = scope
	sasl.oauthbearer.sub.claim.name = sub
	sasl.oauthbearer.token.endpoint.url = null
	security.protocol = PLAINTEXT
	security.providers = null
	send.buffer.bytes = 131072
	socket.connection.setup.timeout.max.ms = 30000
	socket.connection.setup.timeout.ms = 10000
	ssl.cipher.suites = null
	ssl.enabled.protocols = [TLSv1.2, TLSv1.3]
	ssl.endpoint.identification.algorithm = https
	ssl.engine.factory.class = null
	ssl.key.password = null
	ssl.keymanager.algorithm = SunX509
	ssl.keystore.certificate.chain = null
	ssl.keystore.key = null
	ssl.keystore.location = null
	ssl.keystore.password = null
	ssl.keystore.type = JKS
	ssl.protocol = TLSv1.3
	ssl.provider = null
	ssl.secure.random.implementation = null
	ssl.trustmanager.algorithm = PKIX
	ssl.truststore.certificates = null
	ssl.truststore.location = null
	ssl.truststore.password = null
	ssl.truststore.type = JKS

2025-11-09 02:57:58 [stream execution thread for [id = 0c1126c8-97aa-457f-bc84-f6d9e1cd7ca6, runId = e1f6eff0-185c-40f1-a7a3-af47b4b5b8cb]] INFO  o.a.k.c.admin.AdminClientConfig - These configurations '[key.deserializer, value.deserializer, enable.auto.commit, max.poll.records, sasl.jaas.config, auto.offset.reset]' were supplied but are not used yet.
2025-11-09 02:57:58 [stream execution thread for [id = 0c1126c8-97aa-457f-bc84-f6d9e1cd7ca6, runId = e1f6eff0-185c-40f1-a7a3-af47b4b5b8cb]] INFO  o.a.kafka.common.utils.AppInfoParser - Kafka version: 3.5.1
2025-11-09 02:57:58 [stream execution thread for [id = 0c1126c8-97aa-457f-bc84-f6d9e1cd7ca6, runId = e1f6eff0-185c-40f1-a7a3-af47b4b5b8cb]] INFO  o.a.kafka.common.utils.AppInfoParser - Kafka commitId: 2c6fb6c54472e90a
2025-11-09 02:57:58 [stream execution thread for [id = 0c1126c8-97aa-457f-bc84-f6d9e1cd7ca6, runId = e1f6eff0-185c-40f1-a7a3-af47b4b5b8cb]] INFO  o.a.kafka.common.utils.AppInfoParser - Kafka startTimeMs: 1762637278949
2025-11-09 02:58:58 [stream execution thread for [id = 0c1126c8-97aa-457f-bc84-f6d9e1cd7ca6, runId = e1f6eff0-185c-40f1-a7a3-af47b4b5b8cb]] WARN  o.a.s.s.k.KafkaOffsetReaderAdmin - Error in attempt 3 getting Kafka offsets: 
java.util.concurrent.ExecutionException: org.apache.kafka.common.errors.TimeoutException: Timed out waiting for a node assignment. Call: metadata
	at java.base/java.util.concurrent.CompletableFuture.reportGet(CompletableFuture.java:395)
	at java.base/java.util.concurrent.CompletableFuture.get(CompletableFuture.java:2005)
	at org.apache.kafka.common.internals.KafkaFutureImpl.get(KafkaFutureImpl.java:165)
	at org.apache.spark.sql.kafka010.KafkaOffsetReaderAdmin.listOffsets(KafkaOffsetReaderAdmin.scala:88)
	at org.apache.spark.sql.kafka010.KafkaOffsetReaderAdmin.$anonfun$fetchLatestOffsets$1(KafkaOffsetReaderAdmin.scala:300)
	at org.apache.spark.sql.kafka010.KafkaOffsetReaderAdmin.$anonfun$partitionsAssignedToAdmin$1(KafkaOffsetReaderAdmin.scala:501)
	at org.apache.spark.sql.kafka010.KafkaOffsetReaderAdmin.withRetries(KafkaOffsetReaderAdmin.scala:518)
	at org.apache.spark.sql.kafka010.KafkaOffsetReaderAdmin.partitionsAssignedToAdmin(KafkaOffsetReaderAdmin.scala:498)
	at org.apache.spark.sql.kafka010.KafkaOffsetReaderAdmin.fetchLatestOffsets(KafkaOffsetReaderAdmin.scala:297)
	at org.apache.spark.sql.kafka010.KafkaMicroBatchStream.$anonfun$getOrCreateInitialPartitionOffsets$1(KafkaMicroBatchStream.scala:251)
	at scala.Option.getOrElse(Option.scala:189)
	at org.apache.spark.sql.kafka010.KafkaMicroBatchStream.getOrCreateInitialPartitionOffsets(KafkaMicroBatchStream.scala:246)
	at org.apache.spark.sql.kafka010.KafkaMicroBatchStream.initialOffset(KafkaMicroBatchStream.scala:98)
	at org.apache.spark.sql.execution.streaming.MicroBatchExecution.$anonfun$getStartOffset$2(MicroBatchExecution.scala:455)
	at scala.Option.getOrElse(Option.scala:189)
	at org.apache.spark.sql.execution.streaming.MicroBatchExecution.getStartOffset(MicroBatchExecution.scala:455)
	at org.apache.spark.sql.execution.streaming.MicroBatchExecution.$anonfun$constructNextBatch$4(MicroBatchExecution.scala:489)
	at org.apache.spark.sql.execution.streaming.ProgressReporter.reportTimeTaken(ProgressReporter.scala:411)
	at org.apache.spark.sql.execution.streaming.ProgressReporter.reportTimeTaken$(ProgressReporter.scala:409)
	at org.apache.spark.sql.execution.streaming.StreamExecution.reportTimeTaken(StreamExecution.scala:67)
	at org.apache.spark.sql.execution.streaming.MicroBatchExecution.$anonfun$constructNextBatch$2(MicroBatchExecution.scala:488)
	at scala.collection.TraversableLike.$anonfun$map$1(TraversableLike.scala:286)
	at scala.collection.Iterator.foreach(Iterator.scala:943)
	at scala.collection.Iterator.foreach$(Iterator.scala:943)
	at scala.collection.AbstractIterator.foreach(Iterator.scala:1431)
	at scala.collection.IterableLike.foreach(IterableLike.scala:74)
	at scala.collection.IterableLike.foreach$(IterableLike.scala:73)
	at scala.collection.AbstractIterable.foreach(Iterable.scala:56)
	at scala.collection.TraversableLike.map(TraversableLike.scala:286)
	at scala.collection.TraversableLike.map$(TraversableLike.scala:279)
	at scala.collection.AbstractTraversable.map(Traversable.scala:108)
	at org.apache.spark.sql.execution.streaming.MicroBatchExecution.$anonfun$constructNextBatch$1(MicroBatchExecution.scala:477)
	at scala.runtime.java8.JFunction0$mcZ$sp.apply(JFunction0$mcZ$sp.java:23)
	at org.apache.spark.sql.execution.streaming.MicroBatchExecution.withProgressLocked(MicroBatchExecution.scala:802)
	at org.apache.spark.sql.execution.streaming.MicroBatchExecution.constructNextBatch(MicroBatchExecution.scala:473)
	at org.apache.spark.sql.execution.streaming.MicroBatchExecution.$anonfun$runActivatedStream$2(MicroBatchExecution.scala:266)
	at scala.runtime.java8.JFunction0$mcV$sp.apply(JFunction0$mcV$sp.java:23)
	at org.apache.spark.sql.execution.streaming.ProgressReporter.reportTimeTaken(ProgressReporter.scala:411)
	at org.apache.spark.sql.execution.streaming.ProgressReporter.reportTimeTaken$(ProgressReporter.scala:409)
	at org.apache.spark.sql.execution.streaming.StreamExecution.reportTimeTaken(StreamExecution.scala:67)
	at org.apache.spark.sql.execution.streaming.MicroBatchExecution.$anonfun$runActivatedStream$1(MicroBatchExecution.scala:247)
	at org.apache.spark.sql.execution.streaming.ProcessingTimeExecutor.execute(TriggerExecutor.scala:67)
	at org.apache.spark.sql.execution.streaming.MicroBatchExecution.runActivatedStream(MicroBatchExecution.scala:237)
	at org.apache.spark.sql.execution.streaming.StreamExecution.$anonfun$runStream$1(StreamExecution.scala:306)
	at scala.runtime.java8.JFunction0$mcV$sp.apply(JFunction0$mcV$sp.java:23)
	at org.apache.spark.sql.SparkSession.withActive(SparkSession.scala:827)
	at org.apache.spark.sql.execution.streaming.StreamExecution.org$apache$spark$sql$execution$streaming$StreamExecution$$runStream(StreamExecution.scala:284)
	at org.apache.spark.sql.execution.streaming.StreamExecution$$anon$1.run(StreamExecution.scala:207)
Caused by: org.apache.kafka.common.errors.TimeoutException: Timed out waiting for a node assignment. Call: metadata
2025-11-09 02:58:59 [kafka-admin-client-thread | adminclient-3] INFO  o.a.kafka.common.utils.AppInfoParser - App info kafka.admin.client for adminclient-3 unregistered
2025-11-09 02:58:59 [kafka-admin-client-thread | adminclient-3] INFO  o.a.kafka.common.metrics.Metrics - Metrics scheduler closed
2025-11-09 02:58:59 [kafka-admin-client-thread | adminclient-3] INFO  o.a.kafka.common.metrics.Metrics - Closing reporter org.apache.kafka.common.metrics.JmxReporter
2025-11-09 02:58:59 [kafka-admin-client-thread | adminclient-3] INFO  o.a.kafka.common.metrics.Metrics - Metrics reporters closed
2025-11-09 02:59:00 [stream execution thread for [id = 0c1126c8-97aa-457f-bc84-f6d9e1cd7ca6, runId = e1f6eff0-185c-40f1-a7a3-af47b4b5b8cb]] ERROR o.a.s.s.e.s.MicroBatchExecution - Query [id = 0c1126c8-97aa-457f-bc84-f6d9e1cd7ca6, runId = e1f6eff0-185c-40f1-a7a3-af47b4b5b8cb] terminated with error
java.util.concurrent.ExecutionException: org.apache.kafka.common.errors.TimeoutException: Timed out waiting for a node assignment. Call: metadata
	at java.base/java.util.concurrent.CompletableFuture.reportGet(CompletableFuture.java:395)
	at java.base/java.util.concurrent.CompletableFuture.get(CompletableFuture.java:2005)
	at org.apache.kafka.common.internals.KafkaFutureImpl.get(KafkaFutureImpl.java:165)
	at org.apache.spark.sql.kafka010.KafkaOffsetReaderAdmin.listOffsets(KafkaOffsetReaderAdmin.scala:88)
	at org.apache.spark.sql.kafka010.KafkaOffsetReaderAdmin.$anonfun$fetchLatestOffsets$1(KafkaOffsetReaderAdmin.scala:300)
	at org.apache.spark.sql.kafka010.KafkaOffsetReaderAdmin.$anonfun$partitionsAssignedToAdmin$1(KafkaOffsetReaderAdmin.scala:501)
	at org.apache.spark.sql.kafka010.KafkaOffsetReaderAdmin.withRetries(KafkaOffsetReaderAdmin.scala:518)
	at org.apache.spark.sql.kafka010.KafkaOffsetReaderAdmin.partitionsAssignedToAdmin(KafkaOffsetReaderAdmin.scala:498)
	at org.apache.spark.sql.kafka010.KafkaOffsetReaderAdmin.fetchLatestOffsets(KafkaOffsetReaderAdmin.scala:297)
	at org.apache.spark.sql.kafka010.KafkaMicroBatchStream.$anonfun$getOrCreateInitialPartitionOffsets$1(KafkaMicroBatchStream.scala:251)
	at scala.Option.getOrElse(Option.scala:189)
	at org.apache.spark.sql.kafka010.KafkaMicroBatchStream.getOrCreateInitialPartitionOffsets(KafkaMicroBatchStream.scala:246)
	at org.apache.spark.sql.kafka010.KafkaMicroBatchStream.initialOffset(KafkaMicroBatchStream.scala:98)
	at org.apache.spark.sql.execution.streaming.MicroBatchExecution.$anonfun$getStartOffset$2(MicroBatchExecution.scala:455)
	at scala.Option.getOrElse(Option.scala:189)
	at org.apache.spark.sql.execution.streaming.MicroBatchExecution.getStartOffset(MicroBatchExecution.scala:455)
	at org.apache.spark.sql.execution.streaming.MicroBatchExecution.$anonfun$constructNextBatch$4(MicroBatchExecution.scala:489)
	at org.apache.spark.sql.execution.streaming.ProgressReporter.reportTimeTaken(ProgressReporter.scala:411)
	at org.apache.spark.sql.execution.streaming.ProgressReporter.reportTimeTaken$(ProgressReporter.scala:409)
	at org.apache.spark.sql.execution.streaming.StreamExecution.reportTimeTaken(StreamExecution.scala:67)
	at org.apache.spark.sql.execution.streaming.MicroBatchExecution.$anonfun$constructNextBatch$2(MicroBatchExecution.scala:488)
	at scala.collection.TraversableLike.$anonfun$map$1(TraversableLike.scala:286)
	at scala.collection.Iterator.foreach(Iterator.scala:943)
	at scala.collection.Iterator.foreach$(Iterator.scala:943)
	at scala.collection.AbstractIterator.foreach(Iterator.scala:1431)
	at scala.collection.IterableLike.foreach(IterableLike.scala:74)
	at scala.collection.IterableLike.foreach$(IterableLike.scala:73)
	at scala.collection.AbstractIterable.foreach(Iterable.scala:56)
	at scala.collection.TraversableLike.map(TraversableLike.scala:286)
	at scala.collection.TraversableLike.map$(TraversableLike.scala:279)
	at scala.collection.AbstractTraversable.map(Traversable.scala:108)
	at org.apache.spark.sql.execution.streaming.MicroBatchExecution.$anonfun$constructNextBatch$1(MicroBatchExecution.scala:477)
	at scala.runtime.java8.JFunction0$mcZ$sp.apply(JFunction0$mcZ$sp.java:23)
	at org.apache.spark.sql.execution.streaming.MicroBatchExecution.withProgressLocked(MicroBatchExecution.scala:802)
	at org.apache.spark.sql.execution.streaming.MicroBatchExecution.constructNextBatch(MicroBatchExecution.scala:473)
	at org.apache.spark.sql.execution.streaming.MicroBatchExecution.$anonfun$runActivatedStream$2(MicroBatchExecution.scala:266)
	at scala.runtime.java8.JFunction0$mcV$sp.apply(JFunction0$mcV$sp.java:23)
	at org.apache.spark.sql.execution.streaming.ProgressReporter.reportTimeTaken(ProgressReporter.scala:411)
	at org.apache.spark.sql.execution.streaming.ProgressReporter.reportTimeTaken$(ProgressReporter.scala:409)
	at org.apache.spark.sql.execution.streaming.StreamExecution.reportTimeTaken(StreamExecution.scala:67)
	at org.apache.spark.sql.execution.streaming.MicroBatchExecution.$anonfun$runActivatedStream$1(MicroBatchExecution.scala:247)
	at org.apache.spark.sql.execution.streaming.ProcessingTimeExecutor.execute(TriggerExecutor.scala:67)
	at org.apache.spark.sql.execution.streaming.MicroBatchExecution.runActivatedStream(MicroBatchExecution.scala:237)
	at org.apache.spark.sql.execution.streaming.StreamExecution.$anonfun$runStream$1(StreamExecution.scala:306)
	at scala.runtime.java8.JFunction0$mcV$sp.apply(JFunction0$mcV$sp.java:23)
	at org.apache.spark.sql.SparkSession.withActive(SparkSession.scala:827)
	at org.apache.spark.sql.execution.streaming.StreamExecution.org$apache$spark$sql$execution$streaming$StreamExecution$$runStream(StreamExecution.scala:284)
	at org.apache.spark.sql.execution.streaming.StreamExecution$$anon$1.run(StreamExecution.scala:207)
Caused by: org.apache.kafka.common.errors.TimeoutException: Timed out waiting for a node assignment. Call: metadata
2025-11-09 02:59:00 [stream execution thread for [id = 0c1126c8-97aa-457f-bc84-f6d9e1cd7ca6, runId = e1f6eff0-185c-40f1-a7a3-af47b4b5b8cb]] INFO  o.a.s.s.e.s.MicroBatchExecution - Async log purge executor pool for query [id = 0c1126c8-97aa-457f-bc84-f6d9e1cd7ca6, runId = e1f6eff0-185c-40f1-a7a3-af47b4b5b8cb] has been shutdown
2025-11-09 02:59:00 [stream execution thread for [id = 0c1126c8-97aa-457f-bc84-f6d9e1cd7ca6, runId = e1f6eff0-185c-40f1-a7a3-af47b4b5b8cb]] INFO  o.a.s.s.e.s.MicroBatchExecution - Deleting checkpoint file:/private/var/folders/d1/0lfypfw93vx8vhhstp40dlv40000gn/T/temporary-a7d613dc-675c-403b-aa0b-436c0b6aa4ab.
2025-11-09 02:59:00 [shutdown-hook-0] INFO  org.apache.spark.SparkContext - Invoking stop() from shutdown hook
2025-11-09 02:59:00 [shutdown-hook-0] INFO  org.apache.spark.SparkContext - SparkContext is stopping with exitCode 0.
2025-11-09 02:59:00 [shutdown-hook-0] INFO  o.s.jetty.server.AbstractConnector - Stopped Spark@14ef2482{HTTP/1.1, (http/1.1)}{0.0.0.0:4040}
2025-11-09 02:59:00 [shutdown-hook-0] INFO  org.apache.spark.ui.SparkUI - Stopped Spark web UI at http://127.0.0.1:4040
2025-11-09 02:59:00 [dispatcher-event-loop-1] INFO  o.a.s.MapOutputTrackerMasterEndpoint - MapOutputTrackerMasterEndpoint stopped!
2025-11-09 02:59:00 [shutdown-hook-0] INFO  o.a.spark.storage.memory.MemoryStore - MemoryStore cleared
2025-11-09 02:59:00 [shutdown-hook-0] INFO  o.apache.spark.storage.BlockManager - BlockManager stopped
2025-11-09 02:59:00 [shutdown-hook-0] INFO  o.a.spark.storage.BlockManagerMaster - BlockManagerMaster stopped
2025-11-09 02:59:00 [dispatcher-event-loop-6] INFO  o.a.s.s.OutputCommitCoordinator$OutputCommitCoordinatorEndpoint - OutputCommitCoordinator stopped!
2025-11-09 02:59:00 [shutdown-hook-0] INFO  org.apache.spark.SparkContext - Successfully stopped SparkContext
2025-11-09 02:59:00 [shutdown-hook-0] INFO  o.a.spark.util.ShutdownHookManager - Shutdown hook called
2025-11-09 02:59:00 [shutdown-hook-0] INFO  o.a.spark.util.ShutdownHookManager - Deleting directory /private/var/folders/d1/0lfypfw93vx8vhhstp40dlv40000gn/T/spark-e93c4a06-8b4d-426b-988c-40cf7e856b49
2025-11-09 02:59:00 [shutdown-hook-0] INFO  o.a.spark.util.ShutdownHookManager - Deleting directory /private/var/folders/d1/0lfypfw93vx8vhhstp40dlv40000gn/T/temporary-a7d613dc-675c-403b-aa0b-436c0b6aa4ab
2025-11-09 02:59:40 [main] INFO  o.a.k.c.producer.ProducerConfig - ProducerConfig values: 
	acks = -1
	auto.include.jmx.reporter = true
	batch.size = 16384
	bootstrap.servers = [localhost:9092]
	buffer.memory = 33554432
	client.dns.lookup = use_all_dns_ips
	client.id = producer-1
	compression.type = none
	connections.max.idle.ms = 540000
	delivery.timeout.ms = 120000
	enable.idempotence = true
	interceptor.classes = []
	key.serializer = class org.apache.kafka.common.serialization.StringSerializer
	linger.ms = 0
	max.block.ms = 60000
	max.in.flight.requests.per.connection = 5
	max.request.size = 1048576
	metadata.max.age.ms = 300000
	metadata.max.idle.ms = 300000
	metric.reporters = []
	metrics.num.samples = 2
	metrics.recording.level = INFO
	metrics.sample.window.ms = 30000
	partitioner.adaptive.partitioning.enable = true
	partitioner.availability.timeout.ms = 0
	partitioner.class = null
	partitioner.ignore.keys = false
	receive.buffer.bytes = 32768
	reconnect.backoff.max.ms = 1000
	reconnect.backoff.ms = 50
	request.timeout.ms = 30000
	retries = 2147483647
	retry.backoff.ms = 100
	sasl.client.callback.handler.class = null
	sasl.jaas.config = null
	sasl.kerberos.kinit.cmd = /usr/bin/kinit
	sasl.kerberos.min.time.before.relogin = 60000
	sasl.kerberos.service.name = null
	sasl.kerberos.ticket.renew.jitter = 0.05
	sasl.kerberos.ticket.renew.window.factor = 0.8
	sasl.login.callback.handler.class = null
	sasl.login.class = null
	sasl.login.connect.timeout.ms = null
	sasl.login.read.timeout.ms = null
	sasl.login.refresh.buffer.seconds = 300
	sasl.login.refresh.min.period.seconds = 60
	sasl.login.refresh.window.factor = 0.8
	sasl.login.refresh.window.jitter = 0.05
	sasl.login.retry.backoff.max.ms = 10000
	sasl.login.retry.backoff.ms = 100
	sasl.mechanism = GSSAPI
	sasl.oauthbearer.clock.skew.seconds = 30
	sasl.oauthbearer.expected.audience = null
	sasl.oauthbearer.expected.issuer = null
	sasl.oauthbearer.jwks.endpoint.refresh.ms = 3600000
	sasl.oauthbearer.jwks.endpoint.retry.backoff.max.ms = 10000
	sasl.oauthbearer.jwks.endpoint.retry.backoff.ms = 100
	sasl.oauthbearer.jwks.endpoint.url = null
	sasl.oauthbearer.scope.claim.name = scope
	sasl.oauthbearer.sub.claim.name = sub
	sasl.oauthbearer.token.endpoint.url = null
	security.protocol = PLAINTEXT
	security.providers = null
	send.buffer.bytes = 131072
	socket.connection.setup.timeout.max.ms = 30000
	socket.connection.setup.timeout.ms = 10000
	ssl.cipher.suites = null
	ssl.enabled.protocols = [TLSv1.2, TLSv1.3]
	ssl.endpoint.identification.algorithm = https
	ssl.engine.factory.class = null
	ssl.key.password = null
	ssl.keymanager.algorithm = SunX509
	ssl.keystore.certificate.chain = null
	ssl.keystore.key = null
	ssl.keystore.location = null
	ssl.keystore.password = null
	ssl.keystore.type = JKS
	ssl.protocol = TLSv1.3
	ssl.provider = null
	ssl.secure.random.implementation = null
	ssl.trustmanager.algorithm = PKIX
	ssl.truststore.certificates = null
	ssl.truststore.location = null
	ssl.truststore.password = null
	ssl.truststore.type = JKS
	transaction.timeout.ms = 60000
	transactional.id = null
	value.serializer = class org.apache.kafka.common.serialization.StringSerializer

2025-11-09 02:59:40 [main] INFO  o.a.k.clients.producer.KafkaProducer - [Producer clientId=producer-1] Instantiated an idempotent producer.
2025-11-09 02:59:40 [main] INFO  o.a.kafka.common.utils.AppInfoParser - Kafka version: 3.5.1
2025-11-09 02:59:40 [main] INFO  o.a.kafka.common.utils.AppInfoParser - Kafka commitId: 2c6fb6c54472e90a
2025-11-09 02:59:40 [main] INFO  o.a.kafka.common.utils.AppInfoParser - Kafka startTimeMs: 1762637380694
2025-11-09 02:59:40 [kafka-producer-network-thread | producer-1] INFO  org.apache.kafka.clients.Metadata - [Producer clientId=producer-1] Cluster ID: rap-C161RluK3-dyEwJAhw
2025-11-09 02:59:40 [kafka-producer-network-thread | producer-1] INFO  o.a.k.c.p.i.TransactionManager - [Producer clientId=producer-1] ProducerId set to 1003 with epoch 0
2025-11-09 03:06:08 [main] INFO  o.a.k.c.producer.ProducerConfig - ProducerConfig values: 
	acks = -1
	auto.include.jmx.reporter = true
	batch.size = 16384
	bootstrap.servers = [localhost:9092]
	buffer.memory = 33554432
	client.dns.lookup = use_all_dns_ips
	client.id = producer-1
	compression.type = none
	connections.max.idle.ms = 540000
	delivery.timeout.ms = 120000
	enable.idempotence = true
	interceptor.classes = []
	key.serializer = class org.apache.kafka.common.serialization.StringSerializer
	linger.ms = 0
	max.block.ms = 60000
	max.in.flight.requests.per.connection = 5
	max.request.size = 1048576
	metadata.max.age.ms = 300000
	metadata.max.idle.ms = 300000
	metric.reporters = []
	metrics.num.samples = 2
	metrics.recording.level = INFO
	metrics.sample.window.ms = 30000
	partitioner.adaptive.partitioning.enable = true
	partitioner.availability.timeout.ms = 0
	partitioner.class = null
	partitioner.ignore.keys = false
	receive.buffer.bytes = 32768
	reconnect.backoff.max.ms = 1000
	reconnect.backoff.ms = 50
	request.timeout.ms = 30000
	retries = 2147483647
	retry.backoff.ms = 100
	sasl.client.callback.handler.class = null
	sasl.jaas.config = null
	sasl.kerberos.kinit.cmd = /usr/bin/kinit
	sasl.kerberos.min.time.before.relogin = 60000
	sasl.kerberos.service.name = null
	sasl.kerberos.ticket.renew.jitter = 0.05
	sasl.kerberos.ticket.renew.window.factor = 0.8
	sasl.login.callback.handler.class = null
	sasl.login.class = null
	sasl.login.connect.timeout.ms = null
	sasl.login.read.timeout.ms = null
	sasl.login.refresh.buffer.seconds = 300
	sasl.login.refresh.min.period.seconds = 60
	sasl.login.refresh.window.factor = 0.8
	sasl.login.refresh.window.jitter = 0.05
	sasl.login.retry.backoff.max.ms = 10000
	sasl.login.retry.backoff.ms = 100
	sasl.mechanism = GSSAPI
	sasl.oauthbearer.clock.skew.seconds = 30
	sasl.oauthbearer.expected.audience = null
	sasl.oauthbearer.expected.issuer = null
	sasl.oauthbearer.jwks.endpoint.refresh.ms = 3600000
	sasl.oauthbearer.jwks.endpoint.retry.backoff.max.ms = 10000
	sasl.oauthbearer.jwks.endpoint.retry.backoff.ms = 100
	sasl.oauthbearer.jwks.endpoint.url = null
	sasl.oauthbearer.scope.claim.name = scope
	sasl.oauthbearer.sub.claim.name = sub
	sasl.oauthbearer.token.endpoint.url = null
	security.protocol = PLAINTEXT
	security.providers = null
	send.buffer.bytes = 131072
	socket.connection.setup.timeout.max.ms = 30000
	socket.connection.setup.timeout.ms = 10000
	ssl.cipher.suites = null
	ssl.enabled.protocols = [TLSv1.2, TLSv1.3]
	ssl.endpoint.identification.algorithm = https
	ssl.engine.factory.class = null
	ssl.key.password = null
	ssl.keymanager.algorithm = SunX509
	ssl.keystore.certificate.chain = null
	ssl.keystore.key = null
	ssl.keystore.location = null
	ssl.keystore.password = null
	ssl.keystore.type = JKS
	ssl.protocol = TLSv1.3
	ssl.provider = null
	ssl.secure.random.implementation = null
	ssl.trustmanager.algorithm = PKIX
	ssl.truststore.certificates = null
	ssl.truststore.location = null
	ssl.truststore.password = null
	ssl.truststore.type = JKS
	transaction.timeout.ms = 60000
	transactional.id = null
	value.serializer = class org.apache.kafka.common.serialization.StringSerializer

2025-11-09 03:06:08 [main] INFO  o.a.k.clients.producer.KafkaProducer - [Producer clientId=producer-1] Instantiated an idempotent producer.
2025-11-09 03:06:08 [main] INFO  o.a.kafka.common.utils.AppInfoParser - Kafka version: 3.5.1
2025-11-09 03:06:08 [main] INFO  o.a.kafka.common.utils.AppInfoParser - Kafka commitId: 2c6fb6c54472e90a
2025-11-09 03:06:08 [main] INFO  o.a.kafka.common.utils.AppInfoParser - Kafka startTimeMs: 1762637768444
2025-11-09 03:06:08 [kafka-producer-network-thread | producer-1] INFO  org.apache.kafka.clients.Metadata - [Producer clientId=producer-1] Cluster ID: rap-C161RluK3-dyEwJAhw
2025-11-09 03:06:08 [kafka-producer-network-thread | producer-1] INFO  o.a.k.c.p.i.TransactionManager - [Producer clientId=producer-1] ProducerId set to 1004 with epoch 0
2025-11-09 03:11:04 [main] INFO  o.a.k.c.producer.ProducerConfig - ProducerConfig values: 
	acks = -1
	auto.include.jmx.reporter = true
	batch.size = 16384
	bootstrap.servers = [localhost:9092]
	buffer.memory = 33554432
	client.dns.lookup = use_all_dns_ips
	client.id = producer-1
	compression.type = none
	connections.max.idle.ms = 540000
	delivery.timeout.ms = 120000
	enable.idempotence = true
	interceptor.classes = []
	key.serializer = class org.apache.kafka.common.serialization.StringSerializer
	linger.ms = 10
	max.block.ms = 60000
	max.in.flight.requests.per.connection = 5
	max.request.size = 1048576
	metadata.max.age.ms = 300000
	metadata.max.idle.ms = 300000
	metric.reporters = []
	metrics.num.samples = 2
	metrics.recording.level = INFO
	metrics.sample.window.ms = 30000
	partitioner.adaptive.partitioning.enable = true
	partitioner.availability.timeout.ms = 0
	partitioner.class = null
	partitioner.ignore.keys = false
	receive.buffer.bytes = 32768
	reconnect.backoff.max.ms = 1000
	reconnect.backoff.ms = 50
	request.timeout.ms = 30000
	retries = 3
	retry.backoff.ms = 100
	sasl.client.callback.handler.class = null
	sasl.jaas.config = null
	sasl.kerberos.kinit.cmd = /usr/bin/kinit
	sasl.kerberos.min.time.before.relogin = 60000
	sasl.kerberos.service.name = null
	sasl.kerberos.ticket.renew.jitter = 0.05
	sasl.kerberos.ticket.renew.window.factor = 0.8
	sasl.login.callback.handler.class = null
	sasl.login.class = null
	sasl.login.connect.timeout.ms = null
	sasl.login.read.timeout.ms = null
	sasl.login.refresh.buffer.seconds = 300
	sasl.login.refresh.min.period.seconds = 60
	sasl.login.refresh.window.factor = 0.8
	sasl.login.refresh.window.jitter = 0.05
	sasl.login.retry.backoff.max.ms = 10000
	sasl.login.retry.backoff.ms = 100
	sasl.mechanism = GSSAPI
	sasl.oauthbearer.clock.skew.seconds = 30
	sasl.oauthbearer.expected.audience = null
	sasl.oauthbearer.expected.issuer = null
	sasl.oauthbearer.jwks.endpoint.refresh.ms = 3600000
	sasl.oauthbearer.jwks.endpoint.retry.backoff.max.ms = 10000
	sasl.oauthbearer.jwks.endpoint.retry.backoff.ms = 100
	sasl.oauthbearer.jwks.endpoint.url = null
	sasl.oauthbearer.scope.claim.name = scope
	sasl.oauthbearer.sub.claim.name = sub
	sasl.oauthbearer.token.endpoint.url = null
	security.protocol = PLAINTEXT
	security.providers = null
	send.buffer.bytes = 131072
	socket.connection.setup.timeout.max.ms = 30000
	socket.connection.setup.timeout.ms = 10000
	ssl.cipher.suites = null
	ssl.enabled.protocols = [TLSv1.2, TLSv1.3]
	ssl.endpoint.identification.algorithm = https
	ssl.engine.factory.class = null
	ssl.key.password = null
	ssl.keymanager.algorithm = SunX509
	ssl.keystore.certificate.chain = null
	ssl.keystore.key = null
	ssl.keystore.location = null
	ssl.keystore.password = null
	ssl.keystore.type = JKS
	ssl.protocol = TLSv1.3
	ssl.provider = null
	ssl.secure.random.implementation = null
	ssl.trustmanager.algorithm = PKIX
	ssl.truststore.certificates = null
	ssl.truststore.location = null
	ssl.truststore.password = null
	ssl.truststore.type = JKS
	transaction.timeout.ms = 60000
	transactional.id = null
	value.serializer = class org.apache.kafka.common.serialization.StringSerializer

2025-11-09 03:11:04 [main] INFO  o.a.k.clients.producer.KafkaProducer - [Producer clientId=producer-1] Instantiated an idempotent producer.
2025-11-09 03:11:04 [main] INFO  o.a.kafka.common.utils.AppInfoParser - Kafka version: 3.5.1
2025-11-09 03:11:04 [main] INFO  o.a.kafka.common.utils.AppInfoParser - Kafka commitId: 2c6fb6c54472e90a
2025-11-09 03:11:04 [main] INFO  o.a.kafka.common.utils.AppInfoParser - Kafka startTimeMs: 1762638064382
2025-11-09 03:11:04 [kafka-producer-network-thread | producer-1] INFO  org.apache.kafka.clients.Metadata - [Producer clientId=producer-1] Cluster ID: rap-C161RluK3-dyEwJAhw
2025-11-09 03:11:04 [kafka-producer-network-thread | producer-1] INFO  o.a.k.c.p.i.TransactionManager - [Producer clientId=producer-1] ProducerId set to 1005 with epoch 0
2025-11-09 03:15:52 [kafka-producer-network-thread | producer-1] INFO  o.apache.kafka.clients.NetworkClient - [Producer clientId=producer-1] Node -1 disconnected.
2025-11-09 03:15:52 [kafka-producer-network-thread | producer-1] INFO  o.apache.kafka.clients.NetworkClient - [Producer clientId=producer-1] Node 1002 disconnected.
2025-11-09 03:15:52 [kafka-producer-network-thread | producer-1] INFO  o.apache.kafka.clients.NetworkClient - [Producer clientId=producer-1] Node 1002 disconnected.
2025-11-09 03:15:52 [kafka-producer-network-thread | producer-1] INFO  o.apache.kafka.clients.NetworkClient - [Producer clientId=producer-1] Cancelled in-flight API_VERSIONS request with correlation id 2718 due to node 1002 being disconnected (elapsed time since creation: 4ms, elapsed time since send: 4ms, request timeout: 30000ms)
2025-11-09 03:15:52 [kafka-producer-network-thread | producer-1] INFO  o.apache.kafka.clients.NetworkClient - [Producer clientId=producer-1] Node 1002 disconnected.
2025-11-09 03:15:52 [kafka-producer-network-thread | producer-1] INFO  o.apache.kafka.clients.NetworkClient - [Producer clientId=producer-1] Cancelled in-flight API_VERSIONS request with correlation id 2719 due to node 1002 being disconnected (elapsed time since creation: 4ms, elapsed time since send: 4ms, request timeout: 30000ms)
2025-11-09 03:15:53 [kafka-producer-network-thread | producer-1] INFO  o.apache.kafka.clients.NetworkClient - [Producer clientId=producer-1] Node 1002 disconnected.
2025-11-09 03:15:53 [kafka-producer-network-thread | producer-1] INFO  o.apache.kafka.clients.NetworkClient - [Producer clientId=producer-1] Cancelled in-flight API_VERSIONS request with correlation id 2720 due to node 1002 being disconnected (elapsed time since creation: 6ms, elapsed time since send: 6ms, request timeout: 30000ms)
2025-11-09 03:15:53 [kafka-producer-network-thread | producer-1] INFO  o.apache.kafka.clients.NetworkClient - [Producer clientId=producer-1] Node 1002 disconnected.
2025-11-09 03:15:53 [kafka-producer-network-thread | producer-1] INFO  o.apache.kafka.clients.NetworkClient - [Producer clientId=producer-1] Cancelled in-flight API_VERSIONS request with correlation id 2721 due to node 1002 being disconnected (elapsed time since creation: 4ms, elapsed time since send: 4ms, request timeout: 30000ms)
2025-11-09 03:15:54 [kafka-producer-network-thread | producer-1] INFO  o.apache.kafka.clients.NetworkClient - [Producer clientId=producer-1] Node 1002 disconnected.
2025-11-09 03:15:54 [kafka-producer-network-thread | producer-1] INFO  o.apache.kafka.clients.NetworkClient - [Producer clientId=producer-1] Cancelled in-flight API_VERSIONS request with correlation id 2722 due to node 1002 being disconnected (elapsed time since creation: 6ms, elapsed time since send: 6ms, request timeout: 30000ms)
2025-11-09 03:15:55 [kafka-producer-network-thread | producer-1] INFO  o.apache.kafka.clients.NetworkClient - [Producer clientId=producer-1] Node 1002 disconnected.
2025-11-09 03:15:55 [kafka-producer-network-thread | producer-1] INFO  o.apache.kafka.clients.NetworkClient - [Producer clientId=producer-1] Cancelled in-flight API_VERSIONS request with correlation id 2723 due to node 1002 being disconnected (elapsed time since creation: 5ms, elapsed time since send: 5ms, request timeout: 30000ms)
2025-11-09 03:15:56 [kafka-producer-network-thread | producer-1] INFO  o.apache.kafka.clients.NetworkClient - [Producer clientId=producer-1] Node 1002 disconnected.
2025-11-09 03:15:56 [kafka-producer-network-thread | producer-1] WARN  o.apache.kafka.clients.NetworkClient - [Producer clientId=producer-1] Connection to node 1002 (localhost/127.0.0.1:9092) could not be established. Broker may not be available.
2025-11-09 03:15:57 [kafka-producer-network-thread | producer-1] INFO  o.apache.kafka.clients.NetworkClient - [Producer clientId=producer-1] Node 1002 disconnected.
2025-11-09 03:15:57 [kafka-producer-network-thread | producer-1] WARN  o.apache.kafka.clients.NetworkClient - [Producer clientId=producer-1] Connection to node 1002 (localhost/127.0.0.1:9092) could not be established. Broker may not be available.
2025-11-09 03:15:58 [kafka-producer-network-thread | producer-1] INFO  o.apache.kafka.clients.NetworkClient - [Producer clientId=producer-1] Node 1002 disconnected.
2025-11-09 03:15:58 [kafka-producer-network-thread | producer-1] WARN  o.apache.kafka.clients.NetworkClient - [Producer clientId=producer-1] Connection to node 1002 (localhost/127.0.0.1:9092) could not be established. Broker may not be available.
2025-11-09 03:15:59 [kafka-producer-network-thread | producer-1] INFO  o.apache.kafka.clients.NetworkClient - [Producer clientId=producer-1] Node 1002 disconnected.
2025-11-09 03:15:59 [kafka-producer-network-thread | producer-1] WARN  o.apache.kafka.clients.NetworkClient - [Producer clientId=producer-1] Connection to node 1002 (localhost/127.0.0.1:9092) could not be established. Broker may not be available.
2025-11-09 03:16:01 [kafka-producer-network-thread | producer-1] INFO  o.apache.kafka.clients.NetworkClient - [Producer clientId=producer-1] Node 1002 disconnected.
2025-11-09 03:16:01 [kafka-producer-network-thread | producer-1] WARN  o.apache.kafka.clients.NetworkClient - [Producer clientId=producer-1] Connection to node 1002 (localhost/127.0.0.1:9092) could not be established. Broker may not be available.
2025-11-09 03:16:02 [kafka-producer-network-thread | producer-1] INFO  o.apache.kafka.clients.NetworkClient - [Producer clientId=producer-1] Node 1002 disconnected.
2025-11-09 03:16:02 [kafka-producer-network-thread | producer-1] WARN  o.apache.kafka.clients.NetworkClient - [Producer clientId=producer-1] Connection to node 1002 (localhost/127.0.0.1:9092) could not be established. Broker may not be available.
2025-11-09 03:16:03 [kafka-producer-network-thread | producer-1] INFO  o.apache.kafka.clients.NetworkClient - [Producer clientId=producer-1] Node 1002 disconnected.
2025-11-09 03:16:03 [kafka-producer-network-thread | producer-1] WARN  o.apache.kafka.clients.NetworkClient - [Producer clientId=producer-1] Connection to node 1002 (localhost/127.0.0.1:9092) could not be established. Broker may not be available.
2025-11-09 03:16:04 [kafka-producer-network-thread | producer-1] INFO  o.apache.kafka.clients.NetworkClient - [Producer clientId=producer-1] Node 1002 disconnected.
2025-11-09 03:16:04 [kafka-producer-network-thread | producer-1] WARN  o.apache.kafka.clients.NetworkClient - [Producer clientId=producer-1] Connection to node 1002 (localhost/127.0.0.1:9092) could not be established. Broker may not be available.
2025-11-09 03:16:05 [kafka-producer-network-thread | producer-1] INFO  o.apache.kafka.clients.NetworkClient - [Producer clientId=producer-1] Node 1002 disconnected.
2025-11-09 03:16:05 [kafka-producer-network-thread | producer-1] WARN  o.apache.kafka.clients.NetworkClient - [Producer clientId=producer-1] Connection to node 1002 (localhost/127.0.0.1:9092) could not be established. Broker may not be available.
2025-11-09 03:16:06 [kafka-producer-network-thread | producer-1] INFO  o.apache.kafka.clients.NetworkClient - [Producer clientId=producer-1] Node 1002 disconnected.
2025-11-09 03:16:06 [kafka-producer-network-thread | producer-1] WARN  o.apache.kafka.clients.NetworkClient - [Producer clientId=producer-1] Connection to node 1002 (localhost/127.0.0.1:9092) could not be established. Broker may not be available.
2025-11-09 03:16:07 [kafka-producer-network-thread | producer-1] INFO  o.apache.kafka.clients.NetworkClient - [Producer clientId=producer-1] Node 1002 disconnected.
2025-11-09 03:16:07 [kafka-producer-network-thread | producer-1] WARN  o.apache.kafka.clients.NetworkClient - [Producer clientId=producer-1] Connection to node 1002 (localhost/127.0.0.1:9092) could not be established. Broker may not be available.
2025-11-09 03:16:08 [kafka-producer-network-thread | producer-1] INFO  o.apache.kafka.clients.NetworkClient - [Producer clientId=producer-1] Node 1002 disconnected.
2025-11-09 03:16:08 [kafka-producer-network-thread | producer-1] WARN  o.apache.kafka.clients.NetworkClient - [Producer clientId=producer-1] Connection to node 1002 (localhost/127.0.0.1:9092) could not be established. Broker may not be available.
2025-11-09 03:16:09 [kafka-producer-network-thread | producer-1] INFO  o.apache.kafka.clients.NetworkClient - [Producer clientId=producer-1] Node 1002 disconnected.
2025-11-09 03:16:09 [kafka-producer-network-thread | producer-1] WARN  o.apache.kafka.clients.NetworkClient - [Producer clientId=producer-1] Connection to node 1002 (localhost/127.0.0.1:9092) could not be established. Broker may not be available.
2025-11-09 03:16:10 [kafka-producer-network-thread | producer-1] INFO  o.apache.kafka.clients.NetworkClient - [Producer clientId=producer-1] Node 1002 disconnected.
2025-11-09 03:16:10 [kafka-producer-network-thread | producer-1] WARN  o.apache.kafka.clients.NetworkClient - [Producer clientId=producer-1] Connection to node 1002 (localhost/127.0.0.1:9092) could not be established. Broker may not be available.
2025-11-09 03:16:11 [kafka-producer-network-thread | producer-1] INFO  o.apache.kafka.clients.NetworkClient - [Producer clientId=producer-1] Node 1002 disconnected.
2025-11-09 03:16:11 [kafka-producer-network-thread | producer-1] WARN  o.apache.kafka.clients.NetworkClient - [Producer clientId=producer-1] Connection to node 1002 (localhost/127.0.0.1:9092) could not be established. Broker may not be available.
2025-11-09 03:16:12 [kafka-producer-network-thread | producer-1] INFO  o.apache.kafka.clients.NetworkClient - [Producer clientId=producer-1] Node 1002 disconnected.
2025-11-09 03:16:12 [kafka-producer-network-thread | producer-1] WARN  o.apache.kafka.clients.NetworkClient - [Producer clientId=producer-1] Connection to node 1002 (localhost/127.0.0.1:9092) could not be established. Broker may not be available.
2025-11-09 03:16:13 [kafka-producer-network-thread | producer-1] INFO  o.apache.kafka.clients.NetworkClient - [Producer clientId=producer-1] Node 1002 disconnected.
2025-11-09 03:16:13 [kafka-producer-network-thread | producer-1] WARN  o.apache.kafka.clients.NetworkClient - [Producer clientId=producer-1] Connection to node 1002 (localhost/127.0.0.1:9092) could not be established. Broker may not be available.
2025-11-09 03:16:14 [kafka-producer-network-thread | producer-1] INFO  o.apache.kafka.clients.NetworkClient - [Producer clientId=producer-1] Node 1002 disconnected.
2025-11-09 03:16:14 [kafka-producer-network-thread | producer-1] WARN  o.apache.kafka.clients.NetworkClient - [Producer clientId=producer-1] Connection to node 1002 (localhost/127.0.0.1:9092) could not be established. Broker may not be available.
2025-11-09 03:16:15 [kafka-producer-network-thread | producer-1] INFO  o.apache.kafka.clients.NetworkClient - [Producer clientId=producer-1] Node 1002 disconnected.
2025-11-09 03:16:15 [kafka-producer-network-thread | producer-1] WARN  o.apache.kafka.clients.NetworkClient - [Producer clientId=producer-1] Connection to node 1002 (localhost/127.0.0.1:9092) could not be established. Broker may not be available.
2025-11-09 03:16:16 [kafka-producer-network-thread | producer-1] INFO  o.apache.kafka.clients.NetworkClient - [Producer clientId=producer-1] Node 1002 disconnected.
2025-11-09 03:16:16 [kafka-producer-network-thread | producer-1] WARN  o.apache.kafka.clients.NetworkClient - [Producer clientId=producer-1] Connection to node 1002 (localhost/127.0.0.1:9092) could not be established. Broker may not be available.
2025-11-09 03:16:17 [kafka-producer-network-thread | producer-1] INFO  o.apache.kafka.clients.NetworkClient - [Producer clientId=producer-1] Node 1002 disconnected.
2025-11-09 03:16:17 [kafka-producer-network-thread | producer-1] WARN  o.apache.kafka.clients.NetworkClient - [Producer clientId=producer-1] Connection to node 1002 (localhost/127.0.0.1:9092) could not be established. Broker may not be available.
2025-11-09 03:16:18 [kafka-producer-network-thread | producer-1] INFO  o.apache.kafka.clients.NetworkClient - [Producer clientId=producer-1] Node 1002 disconnected.
2025-11-09 03:16:18 [kafka-producer-network-thread | producer-1] WARN  o.apache.kafka.clients.NetworkClient - [Producer clientId=producer-1] Connection to node 1002 (localhost/127.0.0.1:9092) could not be established. Broker may not be available.
2025-11-09 03:16:19 [kafka-producer-network-thread | producer-1] INFO  o.apache.kafka.clients.NetworkClient - [Producer clientId=producer-1] Node 1002 disconnected.
2025-11-09 03:16:19 [kafka-producer-network-thread | producer-1] WARN  o.apache.kafka.clients.NetworkClient - [Producer clientId=producer-1] Connection to node 1002 (localhost/127.0.0.1:9092) could not be established. Broker may not be available.
2025-11-09 03:16:20 [kafka-producer-network-thread | producer-1] INFO  o.apache.kafka.clients.NetworkClient - [Producer clientId=producer-1] Node 1002 disconnected.
2025-11-09 03:16:20 [kafka-producer-network-thread | producer-1] WARN  o.apache.kafka.clients.NetworkClient - [Producer clientId=producer-1] Connection to node 1002 (localhost/127.0.0.1:9092) could not be established. Broker may not be available.
2025-11-09 03:16:21 [kafka-producer-network-thread | producer-1] INFO  o.apache.kafka.clients.NetworkClient - [Producer clientId=producer-1] Node 1002 disconnected.
2025-11-09 03:16:21 [kafka-producer-network-thread | producer-1] WARN  o.apache.kafka.clients.NetworkClient - [Producer clientId=producer-1] Connection to node 1002 (localhost/127.0.0.1:9092) could not be established. Broker may not be available.
2025-11-09 03:16:22 [kafka-producer-network-thread | producer-1] INFO  o.apache.kafka.clients.NetworkClient - [Producer clientId=producer-1] Node 1002 disconnected.
2025-11-09 03:16:22 [kafka-producer-network-thread | producer-1] WARN  o.apache.kafka.clients.NetworkClient - [Producer clientId=producer-1] Connection to node 1002 (localhost/127.0.0.1:9092) could not be established. Broker may not be available.
2025-11-09 03:16:23 [kafka-producer-network-thread | producer-1] INFO  o.apache.kafka.clients.NetworkClient - [Producer clientId=producer-1] Node 1002 disconnected.
2025-11-09 03:16:23 [kafka-producer-network-thread | producer-1] WARN  o.apache.kafka.clients.NetworkClient - [Producer clientId=producer-1] Connection to node 1002 (localhost/127.0.0.1:9092) could not be established. Broker may not be available.
2025-11-09 03:16:24 [kafka-producer-network-thread | producer-1] INFO  o.apache.kafka.clients.NetworkClient - [Producer clientId=producer-1] Node 1002 disconnected.
2025-11-09 03:16:24 [kafka-producer-network-thread | producer-1] WARN  o.apache.kafka.clients.NetworkClient - [Producer clientId=producer-1] Connection to node 1002 (localhost/127.0.0.1:9092) could not be established. Broker may not be available.
2025-11-09 03:16:25 [kafka-producer-network-thread | producer-1] INFO  o.apache.kafka.clients.NetworkClient - [Producer clientId=producer-1] Node 1002 disconnected.
2025-11-09 03:16:25 [kafka-producer-network-thread | producer-1] WARN  o.apache.kafka.clients.NetworkClient - [Producer clientId=producer-1] Connection to node 1002 (localhost/127.0.0.1:9092) could not be established. Broker may not be available.
2025-11-09 03:16:26 [kafka-producer-network-thread | producer-1] INFO  o.apache.kafka.clients.NetworkClient - [Producer clientId=producer-1] Node 1002 disconnected.
2025-11-09 03:16:26 [kafka-producer-network-thread | producer-1] WARN  o.apache.kafka.clients.NetworkClient - [Producer clientId=producer-1] Connection to node 1002 (localhost/127.0.0.1:9092) could not be established. Broker may not be available.
2025-11-09 03:16:27 [kafka-producer-network-thread | producer-1] INFO  o.apache.kafka.clients.NetworkClient - [Producer clientId=producer-1] Node 1002 disconnected.
2025-11-09 03:16:27 [kafka-producer-network-thread | producer-1] WARN  o.apache.kafka.clients.NetworkClient - [Producer clientId=producer-1] Connection to node 1002 (localhost/127.0.0.1:9092) could not be established. Broker may not be available.
2025-11-09 03:16:28 [kafka-producer-network-thread | producer-1] INFO  o.apache.kafka.clients.NetworkClient - [Producer clientId=producer-1] Node 1002 disconnected.
2025-11-09 03:16:28 [kafka-producer-network-thread | producer-1] WARN  o.apache.kafka.clients.NetworkClient - [Producer clientId=producer-1] Connection to node 1002 (localhost/127.0.0.1:9092) could not be established. Broker may not be available.
2025-11-09 03:16:29 [kafka-producer-network-thread | producer-1] INFO  o.apache.kafka.clients.NetworkClient - [Producer clientId=producer-1] Node 1002 disconnected.
2025-11-09 03:16:29 [kafka-producer-network-thread | producer-1] WARN  o.apache.kafka.clients.NetworkClient - [Producer clientId=producer-1] Connection to node 1002 (localhost/127.0.0.1:9092) could not be established. Broker may not be available.
2025-11-09 03:16:30 [kafka-producer-network-thread | producer-1] INFO  o.apache.kafka.clients.NetworkClient - [Producer clientId=producer-1] Node 1002 disconnected.
2025-11-09 03:16:30 [kafka-producer-network-thread | producer-1] WARN  o.apache.kafka.clients.NetworkClient - [Producer clientId=producer-1] Connection to node 1002 (localhost/127.0.0.1:9092) could not be established. Broker may not be available.
2025-11-09 03:16:31 [kafka-producer-network-thread | producer-1] INFO  o.apache.kafka.clients.NetworkClient - [Producer clientId=producer-1] Node 1002 disconnected.
2025-11-09 03:16:31 [kafka-producer-network-thread | producer-1] WARN  o.apache.kafka.clients.NetworkClient - [Producer clientId=producer-1] Connection to node 1002 (localhost/127.0.0.1:9092) could not be established. Broker may not be available.
2025-11-09 03:16:32 [kafka-producer-network-thread | producer-1] INFO  o.apache.kafka.clients.NetworkClient - [Producer clientId=producer-1] Node 1002 disconnected.
2025-11-09 03:16:32 [kafka-producer-network-thread | producer-1] WARN  o.apache.kafka.clients.NetworkClient - [Producer clientId=producer-1] Connection to node 1002 (localhost/127.0.0.1:9092) could not be established. Broker may not be available.
2025-11-09 03:16:33 [kafka-producer-network-thread | producer-1] INFO  o.apache.kafka.clients.NetworkClient - [Producer clientId=producer-1] Node 1002 disconnected.
2025-11-09 03:16:33 [kafka-producer-network-thread | producer-1] WARN  o.apache.kafka.clients.NetworkClient - [Producer clientId=producer-1] Connection to node 1002 (localhost/127.0.0.1:9092) could not be established. Broker may not be available.
2025-11-09 03:16:34 [kafka-producer-network-thread | producer-1] INFO  o.apache.kafka.clients.NetworkClient - [Producer clientId=producer-1] Node 1002 disconnected.
2025-11-09 03:16:34 [kafka-producer-network-thread | producer-1] WARN  o.apache.kafka.clients.NetworkClient - [Producer clientId=producer-1] Connection to node 1002 (localhost/127.0.0.1:9092) could not be established. Broker may not be available.
2025-11-09 03:16:35 [kafka-producer-network-thread | producer-1] INFO  o.apache.kafka.clients.NetworkClient - [Producer clientId=producer-1] Node 1002 disconnected.
2025-11-09 03:16:35 [kafka-producer-network-thread | producer-1] WARN  o.apache.kafka.clients.NetworkClient - [Producer clientId=producer-1] Connection to node 1002 (localhost/127.0.0.1:9092) could not be established. Broker may not be available.
2025-11-09 03:16:36 [kafka-producer-network-thread | producer-1] INFO  o.apache.kafka.clients.NetworkClient - [Producer clientId=producer-1] Node 1002 disconnected.
2025-11-09 03:16:36 [kafka-producer-network-thread | producer-1] WARN  o.apache.kafka.clients.NetworkClient - [Producer clientId=producer-1] Connection to node 1002 (localhost/127.0.0.1:9092) could not be established. Broker may not be available.
2025-11-09 03:16:37 [kafka-producer-network-thread | producer-1] INFO  o.apache.kafka.clients.NetworkClient - [Producer clientId=producer-1] Node 1002 disconnected.
2025-11-09 03:16:37 [kafka-producer-network-thread | producer-1] WARN  o.apache.kafka.clients.NetworkClient - [Producer clientId=producer-1] Connection to node 1002 (localhost/127.0.0.1:9092) could not be established. Broker may not be available.
2025-11-09 03:16:38 [kafka-producer-network-thread | producer-1] INFO  o.apache.kafka.clients.NetworkClient - [Producer clientId=producer-1] Node 1002 disconnected.
2025-11-09 03:16:38 [kafka-producer-network-thread | producer-1] WARN  o.apache.kafka.clients.NetworkClient - [Producer clientId=producer-1] Connection to node 1002 (localhost/127.0.0.1:9092) could not be established. Broker may not be available.
2025-11-09 03:16:39 [kafka-producer-network-thread | producer-1] INFO  o.apache.kafka.clients.NetworkClient - [Producer clientId=producer-1] Node 1002 disconnected.
2025-11-09 03:16:39 [kafka-producer-network-thread | producer-1] WARN  o.apache.kafka.clients.NetworkClient - [Producer clientId=producer-1] Connection to node 1002 (localhost/127.0.0.1:9092) could not be established. Broker may not be available.
2025-11-09 03:16:40 [kafka-producer-network-thread | producer-1] INFO  o.apache.kafka.clients.NetworkClient - [Producer clientId=producer-1] Node 1002 disconnected.
2025-11-09 03:16:40 [kafka-producer-network-thread | producer-1] WARN  o.apache.kafka.clients.NetworkClient - [Producer clientId=producer-1] Connection to node 1002 (localhost/127.0.0.1:9092) could not be established. Broker may not be available.
2025-11-09 03:16:41 [kafka-producer-network-thread | producer-1] INFO  o.apache.kafka.clients.NetworkClient - [Producer clientId=producer-1] Node 1002 disconnected.
2025-11-09 03:16:41 [kafka-producer-network-thread | producer-1] WARN  o.apache.kafka.clients.NetworkClient - [Producer clientId=producer-1] Connection to node 1002 (localhost/127.0.0.1:9092) could not be established. Broker may not be available.
2025-11-09 03:16:42 [kafka-producer-network-thread | producer-1] INFO  o.apache.kafka.clients.NetworkClient - [Producer clientId=producer-1] Node 1002 disconnected.
2025-11-09 03:16:42 [kafka-producer-network-thread | producer-1] WARN  o.apache.kafka.clients.NetworkClient - [Producer clientId=producer-1] Connection to node 1002 (localhost/127.0.0.1:9092) could not be established. Broker may not be available.
2025-11-09 03:16:44 [kafka-producer-network-thread | producer-1] INFO  o.apache.kafka.clients.NetworkClient - [Producer clientId=producer-1] Node 1002 disconnected.
2025-11-09 03:16:44 [kafka-producer-network-thread | producer-1] WARN  o.apache.kafka.clients.NetworkClient - [Producer clientId=producer-1] Connection to node 1002 (localhost/127.0.0.1:9092) could not be established. Broker may not be available.
2025-11-09 03:16:45 [kafka-producer-network-thread | producer-1] INFO  o.apache.kafka.clients.NetworkClient - [Producer clientId=producer-1] Node 1002 disconnected.
2025-11-09 03:16:45 [kafka-producer-network-thread | producer-1] WARN  o.apache.kafka.clients.NetworkClient - [Producer clientId=producer-1] Connection to node 1002 (localhost/127.0.0.1:9092) could not be established. Broker may not be available.
2025-11-09 03:16:46 [kafka-producer-network-thread | producer-1] INFO  o.apache.kafka.clients.NetworkClient - [Producer clientId=producer-1] Node 1002 disconnected.
2025-11-09 03:16:46 [kafka-producer-network-thread | producer-1] WARN  o.apache.kafka.clients.NetworkClient - [Producer clientId=producer-1] Connection to node 1002 (localhost/127.0.0.1:9092) could not be established. Broker may not be available.
2025-11-09 03:16:46 [kafka-producer-network-thread | producer-1] INFO  o.apache.kafka.clients.NetworkClient - [Producer clientId=producer-1] Node 1002 disconnected.
2025-11-09 03:16:46 [kafka-producer-network-thread | producer-1] WARN  o.apache.kafka.clients.NetworkClient - [Producer clientId=producer-1] Connection to node 1002 (localhost/127.0.0.1:9092) could not be established. Broker may not be available.
2025-11-09 03:16:47 [kafka-producer-network-thread | producer-1] INFO  o.apache.kafka.clients.NetworkClient - [Producer clientId=producer-1] Node 1002 disconnected.
2025-11-09 03:16:47 [kafka-producer-network-thread | producer-1] WARN  o.apache.kafka.clients.NetworkClient - [Producer clientId=producer-1] Connection to node 1002 (localhost/127.0.0.1:9092) could not be established. Broker may not be available.
2025-11-09 03:16:48 [kafka-producer-network-thread | producer-1] INFO  o.apache.kafka.clients.NetworkClient - [Producer clientId=producer-1] Node 1002 disconnected.
2025-11-09 03:16:48 [kafka-producer-network-thread | producer-1] WARN  o.apache.kafka.clients.NetworkClient - [Producer clientId=producer-1] Connection to node 1002 (localhost/127.0.0.1:9092) could not be established. Broker may not be available.
2025-11-09 03:16:50 [kafka-producer-network-thread | producer-1] INFO  o.apache.kafka.clients.NetworkClient - [Producer clientId=producer-1] Node 1002 disconnected.
2025-11-09 03:16:50 [kafka-producer-network-thread | producer-1] WARN  o.apache.kafka.clients.NetworkClient - [Producer clientId=producer-1] Connection to node 1002 (localhost/127.0.0.1:9092) could not be established. Broker may not be available.
2025-11-09 03:16:51 [kafka-producer-network-thread | producer-1] INFO  o.apache.kafka.clients.NetworkClient - [Producer clientId=producer-1] Node 1002 disconnected.
2025-11-09 03:16:51 [kafka-producer-network-thread | producer-1] WARN  o.apache.kafka.clients.NetworkClient - [Producer clientId=producer-1] Connection to node 1002 (localhost/127.0.0.1:9092) could not be established. Broker may not be available.
2025-11-09 03:16:52 [kafka-producer-network-thread | producer-1] INFO  o.apache.kafka.clients.NetworkClient - [Producer clientId=producer-1] Node 1002 disconnected.
2025-11-09 03:16:52 [kafka-producer-network-thread | producer-1] WARN  o.apache.kafka.clients.NetworkClient - [Producer clientId=producer-1] Connection to node 1002 (localhost/127.0.0.1:9092) could not be established. Broker may not be available.
2025-11-09 03:16:53 [kafka-producer-network-thread | producer-1] INFO  o.apache.kafka.clients.NetworkClient - [Producer clientId=producer-1] Node 1002 disconnected.
2025-11-09 03:16:53 [kafka-producer-network-thread | producer-1] WARN  o.apache.kafka.clients.NetworkClient - [Producer clientId=producer-1] Connection to node 1002 (localhost/127.0.0.1:9092) could not be established. Broker may not be available.
2025-11-09 03:16:54 [kafka-producer-network-thread | producer-1] INFO  o.apache.kafka.clients.NetworkClient - [Producer clientId=producer-1] Node 1002 disconnected.
2025-11-09 03:16:54 [kafka-producer-network-thread | producer-1] WARN  o.apache.kafka.clients.NetworkClient - [Producer clientId=producer-1] Connection to node 1002 (localhost/127.0.0.1:9092) could not be established. Broker may not be available.
2025-11-09 03:16:55 [kafka-producer-network-thread | producer-1] INFO  o.apache.kafka.clients.NetworkClient - [Producer clientId=producer-1] Node 1002 disconnected.
2025-11-09 03:16:55 [kafka-producer-network-thread | producer-1] WARN  o.apache.kafka.clients.NetworkClient - [Producer clientId=producer-1] Connection to node 1002 (localhost/127.0.0.1:9092) could not be established. Broker may not be available.
2025-11-09 03:16:56 [kafka-producer-network-thread | producer-1] INFO  o.apache.kafka.clients.NetworkClient - [Producer clientId=producer-1] Node 1002 disconnected.
2025-11-09 03:16:56 [kafka-producer-network-thread | producer-1] WARN  o.apache.kafka.clients.NetworkClient - [Producer clientId=producer-1] Connection to node 1002 (localhost/127.0.0.1:9092) could not be established. Broker may not be available.
2025-11-09 03:16:57 [kafka-producer-network-thread | producer-1] INFO  o.apache.kafka.clients.NetworkClient - [Producer clientId=producer-1] Node 1002 disconnected.
2025-11-09 03:16:57 [kafka-producer-network-thread | producer-1] WARN  o.apache.kafka.clients.NetworkClient - [Producer clientId=producer-1] Connection to node 1002 (localhost/127.0.0.1:9092) could not be established. Broker may not be available.
2025-11-09 03:16:58 [kafka-producer-network-thread | producer-1] INFO  o.apache.kafka.clients.NetworkClient - [Producer clientId=producer-1] Node 1002 disconnected.
2025-11-09 03:16:58 [kafka-producer-network-thread | producer-1] WARN  o.apache.kafka.clients.NetworkClient - [Producer clientId=producer-1] Connection to node 1002 (localhost/127.0.0.1:9092) could not be established. Broker may not be available.
2025-11-09 03:16:59 [kafka-producer-network-thread | producer-1] INFO  o.apache.kafka.clients.NetworkClient - [Producer clientId=producer-1] Node 1002 disconnected.
2025-11-09 03:16:59 [kafka-producer-network-thread | producer-1] WARN  o.apache.kafka.clients.NetworkClient - [Producer clientId=producer-1] Connection to node 1002 (localhost/127.0.0.1:9092) could not be established. Broker may not be available.
2025-11-09 03:17:00 [kafka-producer-network-thread | producer-1] INFO  o.apache.kafka.clients.NetworkClient - [Producer clientId=producer-1] Node 1002 disconnected.
2025-11-09 03:17:00 [kafka-producer-network-thread | producer-1] WARN  o.apache.kafka.clients.NetworkClient - [Producer clientId=producer-1] Connection to node 1002 (localhost/127.0.0.1:9092) could not be established. Broker may not be available.
2025-11-09 03:17:01 [kafka-producer-network-thread | producer-1] INFO  o.apache.kafka.clients.NetworkClient - [Producer clientId=producer-1] Node 1002 disconnected.
2025-11-09 03:17:01 [kafka-producer-network-thread | producer-1] WARN  o.apache.kafka.clients.NetworkClient - [Producer clientId=producer-1] Connection to node 1002 (localhost/127.0.0.1:9092) could not be established. Broker may not be available.
2025-11-09 03:17:02 [kafka-producer-network-thread | producer-1] INFO  o.apache.kafka.clients.NetworkClient - [Producer clientId=producer-1] Node 1002 disconnected.
2025-11-09 03:17:02 [kafka-producer-network-thread | producer-1] WARN  o.apache.kafka.clients.NetworkClient - [Producer clientId=producer-1] Connection to node 1002 (localhost/127.0.0.1:9092) could not be established. Broker may not be available.
2025-11-09 03:17:03 [kafka-producer-network-thread | producer-1] INFO  o.apache.kafka.clients.NetworkClient - [Producer clientId=producer-1] Node 1002 disconnected.
2025-11-09 03:17:03 [kafka-producer-network-thread | producer-1] WARN  o.apache.kafka.clients.NetworkClient - [Producer clientId=producer-1] Connection to node 1002 (localhost/127.0.0.1:9092) could not be established. Broker may not be available.
2025-11-09 03:17:04 [kafka-producer-network-thread | producer-1] INFO  o.apache.kafka.clients.NetworkClient - [Producer clientId=producer-1] Node 1002 disconnected.
2025-11-09 03:17:04 [kafka-producer-network-thread | producer-1] WARN  o.apache.kafka.clients.NetworkClient - [Producer clientId=producer-1] Connection to node 1002 (localhost/127.0.0.1:9092) could not be established. Broker may not be available.
2025-11-09 03:17:05 [kafka-producer-network-thread | producer-1] INFO  o.apache.kafka.clients.NetworkClient - [Producer clientId=producer-1] Node 1002 disconnected.
2025-11-09 03:17:05 [kafka-producer-network-thread | producer-1] WARN  o.apache.kafka.clients.NetworkClient - [Producer clientId=producer-1] Connection to node 1002 (localhost/127.0.0.1:9092) could not be established. Broker may not be available.
2025-11-09 03:17:06 [kafka-producer-network-thread | producer-1] INFO  o.apache.kafka.clients.NetworkClient - [Producer clientId=producer-1] Node 1002 disconnected.
2025-11-09 03:17:06 [kafka-producer-network-thread | producer-1] WARN  o.apache.kafka.clients.NetworkClient - [Producer clientId=producer-1] Connection to node 1002 (localhost/127.0.0.1:9092) could not be established. Broker may not be available.
2025-11-09 03:17:07 [kafka-producer-network-thread | producer-1] INFO  o.apache.kafka.clients.NetworkClient - [Producer clientId=producer-1] Node 1002 disconnected.
2025-11-09 03:17:07 [kafka-producer-network-thread | producer-1] WARN  o.apache.kafka.clients.NetworkClient - [Producer clientId=producer-1] Connection to node 1002 (localhost/127.0.0.1:9092) could not be established. Broker may not be available.
2025-11-09 03:17:08 [kafka-producer-network-thread | producer-1] INFO  o.apache.kafka.clients.NetworkClient - [Producer clientId=producer-1] Node 1002 disconnected.
2025-11-09 03:17:08 [kafka-producer-network-thread | producer-1] WARN  o.apache.kafka.clients.NetworkClient - [Producer clientId=producer-1] Connection to node 1002 (localhost/127.0.0.1:9092) could not be established. Broker may not be available.
2025-11-09 03:17:09 [kafka-producer-network-thread | producer-1] INFO  o.apache.kafka.clients.NetworkClient - [Producer clientId=producer-1] Node 1002 disconnected.
2025-11-09 03:17:09 [kafka-producer-network-thread | producer-1] WARN  o.apache.kafka.clients.NetworkClient - [Producer clientId=producer-1] Connection to node 1002 (localhost/127.0.0.1:9092) could not be established. Broker may not be available.
2025-11-09 03:17:10 [kafka-producer-network-thread | producer-1] INFO  o.apache.kafka.clients.NetworkClient - [Producer clientId=producer-1] Node 1002 disconnected.
2025-11-09 03:17:10 [kafka-producer-network-thread | producer-1] WARN  o.apache.kafka.clients.NetworkClient - [Producer clientId=producer-1] Connection to node 1002 (localhost/127.0.0.1:9092) could not be established. Broker may not be available.
2025-11-09 03:17:11 [kafka-producer-network-thread | producer-1] INFO  o.apache.kafka.clients.NetworkClient - [Producer clientId=producer-1] Node 1002 disconnected.
2025-11-09 03:17:11 [kafka-producer-network-thread | producer-1] WARN  o.apache.kafka.clients.NetworkClient - [Producer clientId=producer-1] Connection to node 1002 (localhost/127.0.0.1:9092) could not be established. Broker may not be available.
2025-11-09 03:17:12 [kafka-producer-network-thread | producer-1] INFO  o.apache.kafka.clients.NetworkClient - [Producer clientId=producer-1] Node 1002 disconnected.
2025-11-09 03:17:12 [kafka-producer-network-thread | producer-1] WARN  o.apache.kafka.clients.NetworkClient - [Producer clientId=producer-1] Connection to node 1002 (localhost/127.0.0.1:9092) could not be established. Broker may not be available.
2025-11-09 03:17:13 [kafka-producer-network-thread | producer-1] INFO  o.apache.kafka.clients.NetworkClient - [Producer clientId=producer-1] Node 1002 disconnected.
2025-11-09 03:17:13 [kafka-producer-network-thread | producer-1] WARN  o.apache.kafka.clients.NetworkClient - [Producer clientId=producer-1] Connection to node 1002 (localhost/127.0.0.1:9092) could not be established. Broker may not be available.
2025-11-09 03:17:14 [kafka-producer-network-thread | producer-1] INFO  o.apache.kafka.clients.NetworkClient - [Producer clientId=producer-1] Node 1002 disconnected.
2025-11-09 03:17:14 [kafka-producer-network-thread | producer-1] WARN  o.apache.kafka.clients.NetworkClient - [Producer clientId=producer-1] Connection to node 1002 (localhost/127.0.0.1:9092) could not be established. Broker may not be available.
2025-11-09 03:17:15 [kafka-producer-network-thread | producer-1] INFO  o.apache.kafka.clients.NetworkClient - [Producer clientId=producer-1] Node 1002 disconnected.
2025-11-09 03:17:15 [kafka-producer-network-thread | producer-1] WARN  o.apache.kafka.clients.NetworkClient - [Producer clientId=producer-1] Connection to node 1002 (localhost/127.0.0.1:9092) could not be established. Broker may not be available.
2025-11-09 03:17:16 [kafka-producer-network-thread | producer-1] INFO  o.apache.kafka.clients.NetworkClient - [Producer clientId=producer-1] Node 1002 disconnected.
2025-11-09 03:17:16 [kafka-producer-network-thread | producer-1] WARN  o.apache.kafka.clients.NetworkClient - [Producer clientId=producer-1] Connection to node 1002 (localhost/127.0.0.1:9092) could not be established. Broker may not be available.
2025-11-09 03:17:17 [kafka-producer-network-thread | producer-1] INFO  o.apache.kafka.clients.NetworkClient - [Producer clientId=producer-1] Node 1002 disconnected.
2025-11-09 03:17:17 [kafka-producer-network-thread | producer-1] WARN  o.apache.kafka.clients.NetworkClient - [Producer clientId=producer-1] Connection to node 1002 (localhost/127.0.0.1:9092) could not be established. Broker may not be available.
2025-11-09 03:17:18 [kafka-producer-network-thread | producer-1] INFO  o.apache.kafka.clients.NetworkClient - [Producer clientId=producer-1] Node 1002 disconnected.
2025-11-09 03:17:18 [kafka-producer-network-thread | producer-1] WARN  o.apache.kafka.clients.NetworkClient - [Producer clientId=producer-1] Connection to node 1002 (localhost/127.0.0.1:9092) could not be established. Broker may not be available.
2025-11-09 03:17:19 [kafka-producer-network-thread | producer-1] INFO  o.apache.kafka.clients.NetworkClient - [Producer clientId=producer-1] Node 1002 disconnected.
2025-11-09 03:17:19 [kafka-producer-network-thread | producer-1] WARN  o.apache.kafka.clients.NetworkClient - [Producer clientId=producer-1] Connection to node 1002 (localhost/127.0.0.1:9092) could not be established. Broker may not be available.
2025-11-09 03:17:20 [kafka-producer-network-thread | producer-1] INFO  o.apache.kafka.clients.NetworkClient - [Producer clientId=producer-1] Node 1002 disconnected.
2025-11-09 03:17:20 [kafka-producer-network-thread | producer-1] WARN  o.apache.kafka.clients.NetworkClient - [Producer clientId=producer-1] Connection to node 1002 (localhost/127.0.0.1:9092) could not be established. Broker may not be available.
2025-11-09 03:17:21 [kafka-producer-network-thread | producer-1] INFO  o.apache.kafka.clients.NetworkClient - [Producer clientId=producer-1] Node 1002 disconnected.
2025-11-09 03:17:21 [kafka-producer-network-thread | producer-1] WARN  o.apache.kafka.clients.NetworkClient - [Producer clientId=producer-1] Connection to node 1002 (localhost/127.0.0.1:9092) could not be established. Broker may not be available.
2025-11-09 03:17:22 [kafka-producer-network-thread | producer-1] INFO  o.apache.kafka.clients.NetworkClient - [Producer clientId=producer-1] Node 1002 disconnected.
2025-11-09 03:17:22 [kafka-producer-network-thread | producer-1] WARN  o.apache.kafka.clients.NetworkClient - [Producer clientId=producer-1] Connection to node 1002 (localhost/127.0.0.1:9092) could not be established. Broker may not be available.
2025-11-09 03:17:23 [kafka-producer-network-thread | producer-1] INFO  o.apache.kafka.clients.NetworkClient - [Producer clientId=producer-1] Node 1002 disconnected.
2025-11-09 03:17:23 [kafka-producer-network-thread | producer-1] WARN  o.apache.kafka.clients.NetworkClient - [Producer clientId=producer-1] Connection to node 1002 (localhost/127.0.0.1:9092) could not be established. Broker may not be available.
2025-11-09 03:17:24 [kafka-producer-network-thread | producer-1] INFO  o.apache.kafka.clients.NetworkClient - [Producer clientId=producer-1] Node 1002 disconnected.
2025-11-09 03:17:24 [kafka-producer-network-thread | producer-1] WARN  o.apache.kafka.clients.NetworkClient - [Producer clientId=producer-1] Connection to node 1002 (localhost/127.0.0.1:9092) could not be established. Broker may not be available.
2025-11-09 03:17:25 [kafka-producer-network-thread | producer-1] INFO  o.apache.kafka.clients.NetworkClient - [Producer clientId=producer-1] Node 1002 disconnected.
2025-11-09 03:17:25 [kafka-producer-network-thread | producer-1] WARN  o.apache.kafka.clients.NetworkClient - [Producer clientId=producer-1] Connection to node 1002 (localhost/127.0.0.1:9092) could not be established. Broker may not be available.
2025-11-09 03:17:26 [kafka-producer-network-thread | producer-1] INFO  o.apache.kafka.clients.NetworkClient - [Producer clientId=producer-1] Node 1002 disconnected.
2025-11-09 03:17:26 [kafka-producer-network-thread | producer-1] WARN  o.apache.kafka.clients.NetworkClient - [Producer clientId=producer-1] Connection to node 1002 (localhost/127.0.0.1:9092) could not be established. Broker may not be available.
2025-11-09 03:17:27 [kafka-producer-network-thread | producer-1] INFO  o.apache.kafka.clients.NetworkClient - [Producer clientId=producer-1] Node 1002 disconnected.
2025-11-09 03:17:27 [kafka-producer-network-thread | producer-1] WARN  o.apache.kafka.clients.NetworkClient - [Producer clientId=producer-1] Connection to node 1002 (localhost/127.0.0.1:9092) could not be established. Broker may not be available.
2025-11-09 03:17:28 [kafka-producer-network-thread | producer-1] INFO  o.apache.kafka.clients.NetworkClient - [Producer clientId=producer-1] Node 1002 disconnected.
2025-11-09 03:17:28 [kafka-producer-network-thread | producer-1] WARN  o.apache.kafka.clients.NetworkClient - [Producer clientId=producer-1] Connection to node 1002 (localhost/127.0.0.1:9092) could not be established. Broker may not be available.
2025-11-09 03:17:28 [shutdownHook1] INFO  o.a.k.clients.producer.KafkaProducer - [Producer clientId=producer-1] Closing the Kafka producer with timeoutMillis = 9223372036854775807 ms.
2025-11-09 03:17:29 [kafka-producer-network-thread | producer-1] INFO  o.apache.kafka.clients.NetworkClient - [Producer clientId=producer-1] Node 1002 disconnected.
2025-11-09 03:17:29 [kafka-producer-network-thread | producer-1] WARN  o.apache.kafka.clients.NetworkClient - [Producer clientId=producer-1] Connection to node 1002 (localhost/127.0.0.1:9092) could not be established. Broker may not be available.
2025-11-09 03:17:31 [kafka-producer-network-thread | producer-1] INFO  o.apache.kafka.clients.NetworkClient - [Producer clientId=producer-1] Node 1002 disconnected.
2025-11-09 03:17:31 [kafka-producer-network-thread | producer-1] WARN  o.apache.kafka.clients.NetworkClient - [Producer clientId=producer-1] Connection to node 1002 (localhost/127.0.0.1:9092) could not be established. Broker may not be available.
2025-11-09 03:17:32 [kafka-producer-network-thread | producer-1] INFO  o.apache.kafka.clients.NetworkClient - [Producer clientId=producer-1] Node 1002 disconnected.
2025-11-09 03:17:32 [kafka-producer-network-thread | producer-1] WARN  o.apache.kafka.clients.NetworkClient - [Producer clientId=producer-1] Connection to node 1002 (localhost/127.0.0.1:9092) could not be established. Broker may not be available.
2025-11-09 03:17:33 [kafka-producer-network-thread | producer-1] INFO  o.apache.kafka.clients.NetworkClient - [Producer clientId=producer-1] Node 1002 disconnected.
2025-11-09 03:17:33 [kafka-producer-network-thread | producer-1] WARN  o.apache.kafka.clients.NetworkClient - [Producer clientId=producer-1] Connection to node 1002 (localhost/127.0.0.1:9092) could not be established. Broker may not be available.
2025-11-09 03:17:34 [kafka-producer-network-thread | producer-1] INFO  o.apache.kafka.clients.NetworkClient - [Producer clientId=producer-1] Node 1002 disconnected.
2025-11-09 03:17:34 [kafka-producer-network-thread | producer-1] WARN  o.apache.kafka.clients.NetworkClient - [Producer clientId=producer-1] Connection to node 1002 (localhost/127.0.0.1:9092) could not be established. Broker may not be available.
2025-11-09 03:17:35 [kafka-producer-network-thread | producer-1] INFO  o.apache.kafka.clients.NetworkClient - [Producer clientId=producer-1] Node 1002 disconnected.
2025-11-09 03:17:35 [kafka-producer-network-thread | producer-1] WARN  o.apache.kafka.clients.NetworkClient - [Producer clientId=producer-1] Connection to node 1002 (localhost/127.0.0.1:9092) could not be established. Broker may not be available.
2025-11-09 03:17:36 [kafka-producer-network-thread | producer-1] INFO  o.apache.kafka.clients.NetworkClient - [Producer clientId=producer-1] Node 1002 disconnected.
2025-11-09 03:17:36 [kafka-producer-network-thread | producer-1] WARN  o.apache.kafka.clients.NetworkClient - [Producer clientId=producer-1] Connection to node 1002 (localhost/127.0.0.1:9092) could not be established. Broker may not be available.
2025-11-09 03:17:37 [kafka-producer-network-thread | producer-1] INFO  o.apache.kafka.clients.NetworkClient - [Producer clientId=producer-1] Node 1002 disconnected.
2025-11-09 03:17:37 [kafka-producer-network-thread | producer-1] WARN  o.apache.kafka.clients.NetworkClient - [Producer clientId=producer-1] Connection to node 1002 (localhost/127.0.0.1:9092) could not be established. Broker may not be available.
2025-11-09 03:17:38 [kafka-producer-network-thread | producer-1] INFO  o.apache.kafka.clients.NetworkClient - [Producer clientId=producer-1] Node 1002 disconnected.
2025-11-09 03:17:38 [kafka-producer-network-thread | producer-1] WARN  o.apache.kafka.clients.NetworkClient - [Producer clientId=producer-1] Connection to node 1002 (localhost/127.0.0.1:9092) could not be established. Broker may not be available.
2025-11-09 03:17:39 [kafka-producer-network-thread | producer-1] INFO  o.apache.kafka.clients.NetworkClient - [Producer clientId=producer-1] Node 1002 disconnected.
2025-11-09 03:17:39 [kafka-producer-network-thread | producer-1] WARN  o.apache.kafka.clients.NetworkClient - [Producer clientId=producer-1] Connection to node 1002 (localhost/127.0.0.1:9092) could not be established. Broker may not be available.
2025-11-09 03:17:40 [kafka-producer-network-thread | producer-1] INFO  o.apache.kafka.clients.NetworkClient - [Producer clientId=producer-1] Node 1002 disconnected.
2025-11-09 03:17:40 [kafka-producer-network-thread | producer-1] WARN  o.apache.kafka.clients.NetworkClient - [Producer clientId=producer-1] Connection to node 1002 (localhost/127.0.0.1:9092) could not be established. Broker may not be available.
2025-11-09 03:17:41 [kafka-producer-network-thread | producer-1] INFO  o.apache.kafka.clients.NetworkClient - [Producer clientId=producer-1] Node 1002 disconnected.
2025-11-09 03:17:41 [kafka-producer-network-thread | producer-1] WARN  o.apache.kafka.clients.NetworkClient - [Producer clientId=producer-1] Connection to node 1002 (localhost/127.0.0.1:9092) could not be established. Broker may not be available.
2025-11-09 03:17:42 [kafka-producer-network-thread | producer-1] INFO  o.apache.kafka.clients.NetworkClient - [Producer clientId=producer-1] Node 1002 disconnected.
2025-11-09 03:17:42 [kafka-producer-network-thread | producer-1] WARN  o.apache.kafka.clients.NetworkClient - [Producer clientId=producer-1] Connection to node 1002 (localhost/127.0.0.1:9092) could not be established. Broker may not be available.
2025-11-09 03:17:43 [kafka-producer-network-thread | producer-1] INFO  o.apache.kafka.clients.NetworkClient - [Producer clientId=producer-1] Node 1002 disconnected.
2025-11-09 03:17:43 [kafka-producer-network-thread | producer-1] WARN  o.apache.kafka.clients.NetworkClient - [Producer clientId=producer-1] Connection to node 1002 (localhost/127.0.0.1:9092) could not be established. Broker may not be available.
2025-11-09 03:17:44 [kafka-producer-network-thread | producer-1] INFO  o.apache.kafka.clients.NetworkClient - [Producer clientId=producer-1] Node 1002 disconnected.
2025-11-09 03:17:44 [kafka-producer-network-thread | producer-1] WARN  o.apache.kafka.clients.NetworkClient - [Producer clientId=producer-1] Connection to node 1002 (localhost/127.0.0.1:9092) could not be established. Broker may not be available.
2025-11-09 03:17:45 [kafka-producer-network-thread | producer-1] INFO  o.apache.kafka.clients.NetworkClient - [Producer clientId=producer-1] Node 1002 disconnected.
2025-11-09 03:17:45 [kafka-producer-network-thread | producer-1] WARN  o.apache.kafka.clients.NetworkClient - [Producer clientId=producer-1] Connection to node 1002 (localhost/127.0.0.1:9092) could not be established. Broker may not be available.
2025-11-09 03:17:46 [kafka-producer-network-thread | producer-1] INFO  o.apache.kafka.clients.NetworkClient - [Producer clientId=producer-1] Node 1002 disconnected.
2025-11-09 03:17:46 [kafka-producer-network-thread | producer-1] WARN  o.apache.kafka.clients.NetworkClient - [Producer clientId=producer-1] Connection to node 1002 (localhost/127.0.0.1:9092) could not be established. Broker may not be available.
2025-11-09 03:17:47 [kafka-producer-network-thread | producer-1] INFO  o.apache.kafka.clients.NetworkClient - [Producer clientId=producer-1] Node 1002 disconnected.
2025-11-09 03:17:47 [kafka-producer-network-thread | producer-1] WARN  o.apache.kafka.clients.NetworkClient - [Producer clientId=producer-1] Connection to node 1002 (localhost/127.0.0.1:9092) could not be established. Broker may not be available.
2025-11-09 03:17:48 [kafka-producer-network-thread | producer-1] INFO  o.apache.kafka.clients.NetworkClient - [Producer clientId=producer-1] Node 1002 disconnected.
2025-11-09 03:17:48 [kafka-producer-network-thread | producer-1] WARN  o.apache.kafka.clients.NetworkClient - [Producer clientId=producer-1] Connection to node 1002 (localhost/127.0.0.1:9092) could not be established. Broker may not be available.
2025-11-09 03:17:49 [kafka-producer-network-thread | producer-1] INFO  o.apache.kafka.clients.NetworkClient - [Producer clientId=producer-1] Node 1002 disconnected.
2025-11-09 03:17:49 [kafka-producer-network-thread | producer-1] WARN  o.apache.kafka.clients.NetworkClient - [Producer clientId=producer-1] Connection to node 1002 (localhost/127.0.0.1:9092) could not be established. Broker may not be available.
2025-11-09 03:17:50 [kafka-producer-network-thread | producer-1] INFO  o.apache.kafka.clients.NetworkClient - [Producer clientId=producer-1] Node 1002 disconnected.
2025-11-09 03:17:50 [kafka-producer-network-thread | producer-1] WARN  o.apache.kafka.clients.NetworkClient - [Producer clientId=producer-1] Connection to node 1002 (localhost/127.0.0.1:9092) could not be established. Broker may not be available.
2025-11-09 03:17:51 [kafka-producer-network-thread | producer-1] INFO  o.apache.kafka.clients.NetworkClient - [Producer clientId=producer-1] Node 1002 disconnected.
2025-11-09 03:17:51 [kafka-producer-network-thread | producer-1] WARN  o.apache.kafka.clients.NetworkClient - [Producer clientId=producer-1] Connection to node 1002 (localhost/127.0.0.1:9092) could not be established. Broker may not be available.
2025-11-09 03:17:52 [kafka-producer-network-thread | producer-1] INFO  o.apache.kafka.clients.NetworkClient - [Producer clientId=producer-1] Node 1002 disconnected.
2025-11-09 03:17:52 [kafka-producer-network-thread | producer-1] WARN  o.apache.kafka.clients.NetworkClient - [Producer clientId=producer-1] Connection to node 1002 (localhost/127.0.0.1:9092) could not be established. Broker may not be available.
2025-11-09 03:17:53 [kafka-producer-network-thread | producer-1] INFO  o.apache.kafka.clients.NetworkClient - [Producer clientId=producer-1] Node 1002 disconnected.
2025-11-09 03:17:53 [kafka-producer-network-thread | producer-1] WARN  o.apache.kafka.clients.NetworkClient - [Producer clientId=producer-1] Connection to node 1002 (localhost/127.0.0.1:9092) could not be established. Broker may not be available.
2025-11-09 03:17:54 [kafka-producer-network-thread | producer-1] INFO  o.apache.kafka.clients.NetworkClient - [Producer clientId=producer-1] Node 1002 disconnected.
2025-11-09 03:17:54 [kafka-producer-network-thread | producer-1] WARN  o.apache.kafka.clients.NetworkClient - [Producer clientId=producer-1] Connection to node 1002 (localhost/127.0.0.1:9092) could not be established. Broker may not be available.
2025-11-09 03:17:55 [kafka-producer-network-thread | producer-1] INFO  o.apache.kafka.clients.NetworkClient - [Producer clientId=producer-1] Node 1002 disconnected.
2025-11-09 03:17:55 [kafka-producer-network-thread | producer-1] WARN  o.apache.kafka.clients.NetworkClient - [Producer clientId=producer-1] Connection to node 1002 (localhost/127.0.0.1:9092) could not be established. Broker may not be available.
2025-11-09 03:17:56 [kafka-producer-network-thread | producer-1] INFO  o.apache.kafka.clients.NetworkClient - [Producer clientId=producer-1] Node 1002 disconnected.
2025-11-09 03:17:56 [kafka-producer-network-thread | producer-1] WARN  o.apache.kafka.clients.NetworkClient - [Producer clientId=producer-1] Connection to node 1002 (localhost/127.0.0.1:9092) could not be established. Broker may not be available.
2025-11-09 03:17:57 [kafka-producer-network-thread | producer-1] INFO  o.apache.kafka.clients.NetworkClient - [Producer clientId=producer-1] Node 1002 disconnected.
2025-11-09 03:17:57 [kafka-producer-network-thread | producer-1] WARN  o.apache.kafka.clients.NetworkClient - [Producer clientId=producer-1] Connection to node 1002 (localhost/127.0.0.1:9092) could not be established. Broker may not be available.
2025-11-09 03:17:58 [kafka-producer-network-thread | producer-1] INFO  o.apache.kafka.clients.NetworkClient - [Producer clientId=producer-1] Node 1002 disconnected.
2025-11-09 03:17:58 [kafka-producer-network-thread | producer-1] WARN  o.apache.kafka.clients.NetworkClient - [Producer clientId=producer-1] Connection to node 1002 (localhost/127.0.0.1:9092) could not be established. Broker may not be available.
2025-11-09 03:17:59 [kafka-producer-network-thread | producer-1] INFO  o.apache.kafka.clients.NetworkClient - [Producer clientId=producer-1] Node 1002 disconnected.
2025-11-09 03:17:59 [kafka-producer-network-thread | producer-1] WARN  o.apache.kafka.clients.NetworkClient - [Producer clientId=producer-1] Connection to node 1002 (localhost/127.0.0.1:9092) could not be established. Broker may not be available.
2025-11-09 03:18:00 [kafka-producer-network-thread | producer-1] INFO  o.apache.kafka.clients.NetworkClient - [Producer clientId=producer-1] Node 1002 disconnected.
2025-11-09 03:18:00 [kafka-producer-network-thread | producer-1] WARN  o.apache.kafka.clients.NetworkClient - [Producer clientId=producer-1] Connection to node 1002 (localhost/127.0.0.1:9092) could not be established. Broker may not be available.
2025-11-09 03:18:01 [kafka-producer-network-thread | producer-1] INFO  o.apache.kafka.clients.NetworkClient - [Producer clientId=producer-1] Node 1002 disconnected.
2025-11-09 03:18:01 [kafka-producer-network-thread | producer-1] WARN  o.apache.kafka.clients.NetworkClient - [Producer clientId=producer-1] Connection to node 1002 (localhost/127.0.0.1:9092) could not be established. Broker may not be available.
2025-11-09 03:18:02 [kafka-producer-network-thread | producer-1] INFO  o.apache.kafka.clients.NetworkClient - [Producer clientId=producer-1] Node 1002 disconnected.
2025-11-09 03:18:02 [kafka-producer-network-thread | producer-1] WARN  o.apache.kafka.clients.NetworkClient - [Producer clientId=producer-1] Connection to node 1002 (localhost/127.0.0.1:9092) could not be established. Broker may not be available.
2025-11-09 03:18:03 [kafka-producer-network-thread | producer-1] INFO  o.apache.kafka.clients.NetworkClient - [Producer clientId=producer-1] Node 1002 disconnected.
2025-11-09 03:18:03 [kafka-producer-network-thread | producer-1] WARN  o.apache.kafka.clients.NetworkClient - [Producer clientId=producer-1] Connection to node 1002 (localhost/127.0.0.1:9092) could not be established. Broker may not be available.
2025-11-09 03:18:04 [kafka-producer-network-thread | producer-1] INFO  o.apache.kafka.clients.NetworkClient - [Producer clientId=producer-1] Node 1002 disconnected.
2025-11-09 03:18:04 [kafka-producer-network-thread | producer-1] WARN  o.apache.kafka.clients.NetworkClient - [Producer clientId=producer-1] Connection to node 1002 (localhost/127.0.0.1:9092) could not be established. Broker may not be available.
2025-11-09 03:18:05 [kafka-producer-network-thread | producer-1] INFO  o.apache.kafka.clients.NetworkClient - [Producer clientId=producer-1] Node 1002 disconnected.
2025-11-09 03:18:05 [kafka-producer-network-thread | producer-1] INFO  o.apache.kafka.clients.NetworkClient - [Producer clientId=producer-1] Cancelled in-flight API_VERSIONS request with correlation id 2724 due to node 1002 being disconnected (elapsed time since creation: 2ms, elapsed time since send: 2ms, request timeout: 30000ms)
2025-11-09 03:18:06 [kafka-producer-network-thread | producer-1] INFO  o.apache.kafka.clients.NetworkClient - [Producer clientId=producer-1] Node 1002 disconnected.
2025-11-09 03:18:06 [kafka-producer-network-thread | producer-1] INFO  o.apache.kafka.clients.NetworkClient - [Producer clientId=producer-1] Cancelled in-flight API_VERSIONS request with correlation id 2725 due to node 1002 being disconnected (elapsed time since creation: 2ms, elapsed time since send: 2ms, request timeout: 30000ms)
2025-11-09 03:18:07 [kafka-producer-network-thread | producer-1] INFO  o.apache.kafka.clients.NetworkClient - [Producer clientId=producer-1] Node 1002 disconnected.
2025-11-09 03:18:07 [kafka-producer-network-thread | producer-1] INFO  o.apache.kafka.clients.NetworkClient - [Producer clientId=producer-1] Cancelled in-flight API_VERSIONS request with correlation id 2726 due to node 1002 being disconnected (elapsed time since creation: 1ms, elapsed time since send: 1ms, request timeout: 30000ms)
2025-11-09 03:18:08 [kafka-producer-network-thread | producer-1] WARN  o.apache.kafka.clients.NetworkClient - [Producer clientId=producer-1] Error while fetching metadata with correlation id 2728 : {transactions=LEADER_NOT_AVAILABLE}
2025-11-09 03:18:08 [kafka-producer-network-thread | producer-1] INFO  org.apache.kafka.clients.Metadata - [Producer clientId=producer-1] Cluster ID: mtUCKzAxR3-wTZnL_mm4Eg
2025-11-09 03:18:08 [kafka-producer-network-thread | producer-1] INFO  org.apache.kafka.clients.Metadata - [Producer clientId=producer-1] Resetting the last seen epoch of partition transactions-0 to 0 since the associated topicId changed from null to GsHGisu6QrqF2lKcLSBJzA
2025-11-09 03:19:15 [shutdownHook1] INFO  o.a.kafka.common.metrics.Metrics - Metrics scheduler closed
2025-11-09 03:19:15 [shutdownHook1] INFO  o.a.kafka.common.metrics.Metrics - Closing reporter org.apache.kafka.common.metrics.JmxReporter
2025-11-09 03:19:15 [shutdownHook1] INFO  o.a.kafka.common.metrics.Metrics - Metrics reporters closed
2025-11-09 03:19:15 [shutdownHook1] INFO  o.a.kafka.common.utils.AppInfoParser - App info kafka.producer for producer-1 unregistered
2025-11-09 03:20:03 [main] INFO  o.a.k.c.producer.ProducerConfig - ProducerConfig values: 
	acks = -1
	auto.include.jmx.reporter = true
	batch.size = 16384
	bootstrap.servers = [localhost:9092]
	buffer.memory = 33554432
	client.dns.lookup = use_all_dns_ips
	client.id = producer-1
	compression.type = none
	connections.max.idle.ms = 540000
	delivery.timeout.ms = 120000
	enable.idempotence = true
	interceptor.classes = []
	key.serializer = class org.apache.kafka.common.serialization.StringSerializer
	linger.ms = 10
	max.block.ms = 60000
	max.in.flight.requests.per.connection = 5
	max.request.size = 1048576
	metadata.max.age.ms = 300000
	metadata.max.idle.ms = 300000
	metric.reporters = []
	metrics.num.samples = 2
	metrics.recording.level = INFO
	metrics.sample.window.ms = 30000
	partitioner.adaptive.partitioning.enable = true
	partitioner.availability.timeout.ms = 0
	partitioner.class = null
	partitioner.ignore.keys = false
	receive.buffer.bytes = 32768
	reconnect.backoff.max.ms = 1000
	reconnect.backoff.ms = 50
	request.timeout.ms = 30000
	retries = 3
	retry.backoff.ms = 100
	sasl.client.callback.handler.class = null
	sasl.jaas.config = null
	sasl.kerberos.kinit.cmd = /usr/bin/kinit
	sasl.kerberos.min.time.before.relogin = 60000
	sasl.kerberos.service.name = null
	sasl.kerberos.ticket.renew.jitter = 0.05
	sasl.kerberos.ticket.renew.window.factor = 0.8
	sasl.login.callback.handler.class = null
	sasl.login.class = null
	sasl.login.connect.timeout.ms = null
	sasl.login.read.timeout.ms = null
	sasl.login.refresh.buffer.seconds = 300
	sasl.login.refresh.min.period.seconds = 60
	sasl.login.refresh.window.factor = 0.8
	sasl.login.refresh.window.jitter = 0.05
	sasl.login.retry.backoff.max.ms = 10000
	sasl.login.retry.backoff.ms = 100
	sasl.mechanism = GSSAPI
	sasl.oauthbearer.clock.skew.seconds = 30
	sasl.oauthbearer.expected.audience = null
	sasl.oauthbearer.expected.issuer = null
	sasl.oauthbearer.jwks.endpoint.refresh.ms = 3600000
	sasl.oauthbearer.jwks.endpoint.retry.backoff.max.ms = 10000
	sasl.oauthbearer.jwks.endpoint.retry.backoff.ms = 100
	sasl.oauthbearer.jwks.endpoint.url = null
	sasl.oauthbearer.scope.claim.name = scope
	sasl.oauthbearer.sub.claim.name = sub
	sasl.oauthbearer.token.endpoint.url = null
	security.protocol = PLAINTEXT
	security.providers = null
	send.buffer.bytes = 131072
	socket.connection.setup.timeout.max.ms = 30000
	socket.connection.setup.timeout.ms = 10000
	ssl.cipher.suites = null
	ssl.enabled.protocols = [TLSv1.2, TLSv1.3]
	ssl.endpoint.identification.algorithm = https
	ssl.engine.factory.class = null
	ssl.key.password = null
	ssl.keymanager.algorithm = SunX509
	ssl.keystore.certificate.chain = null
	ssl.keystore.key = null
	ssl.keystore.location = null
	ssl.keystore.password = null
	ssl.keystore.type = JKS
	ssl.protocol = TLSv1.3
	ssl.provider = null
	ssl.secure.random.implementation = null
	ssl.trustmanager.algorithm = PKIX
	ssl.truststore.certificates = null
	ssl.truststore.location = null
	ssl.truststore.password = null
	ssl.truststore.type = JKS
	transaction.timeout.ms = 60000
	transactional.id = null
	value.serializer = class org.apache.kafka.common.serialization.StringSerializer

2025-11-09 03:20:03 [main] INFO  o.a.k.clients.producer.KafkaProducer - [Producer clientId=producer-1] Instantiated an idempotent producer.
2025-11-09 03:20:03 [main] INFO  o.a.kafka.common.utils.AppInfoParser - Kafka version: 3.5.1
2025-11-09 03:20:03 [main] INFO  o.a.kafka.common.utils.AppInfoParser - Kafka commitId: 2c6fb6c54472e90a
2025-11-09 03:20:03 [main] INFO  o.a.kafka.common.utils.AppInfoParser - Kafka startTimeMs: 1762638603207
2025-11-09 03:20:03 [kafka-producer-network-thread | producer-1] INFO  org.apache.kafka.clients.Metadata - [Producer clientId=producer-1] Cluster ID: mtUCKzAxR3-wTZnL_mm4Eg
2025-11-09 03:20:03 [kafka-producer-network-thread | producer-1] INFO  o.a.k.c.p.i.TransactionManager - [Producer clientId=producer-1] ProducerId set to 0 with epoch 0
2025-11-09 03:23:56 [main] WARN  org.apache.spark.util.Utils - Your hostname, Soumyas-MacBook-Air.local resolves to a loopback address: 127.0.0.1; using 192.168.1.6 instead (on interface en0)
2025-11-09 03:23:56 [main] WARN  org.apache.spark.util.Utils - Set SPARK_LOCAL_IP if you need to bind to another address
2025-11-09 03:23:56 [main] INFO  org.apache.spark.SparkContext - Running Spark version 3.4.1
2025-11-09 03:23:56 [main] WARN  o.a.hadoop.util.NativeCodeLoader - Unable to load native-hadoop library for your platform... using builtin-java classes where applicable
2025-11-09 03:23:56 [main] INFO  o.a.spark.resource.ResourceUtils - ==============================================================
2025-11-09 03:23:56 [main] INFO  o.a.spark.resource.ResourceUtils - No custom resources configured for spark.driver.
2025-11-09 03:23:56 [main] INFO  o.a.spark.resource.ResourceUtils - ==============================================================
2025-11-09 03:23:56 [main] INFO  org.apache.spark.SparkContext - Submitted application: FraudDetection
2025-11-09 03:23:56 [main] INFO  o.a.spark.resource.ResourceProfile - Default ResourceProfile created, executor resources: Map(cores -> name: cores, amount: 1, script: , vendor: , memory -> name: memory, amount: 1024, script: , vendor: , offHeap -> name: offHeap, amount: 0, script: , vendor: ), task resources: Map(cpus -> name: cpus, amount: 1.0)
2025-11-09 03:23:56 [main] INFO  o.a.spark.resource.ResourceProfile - Limiting resource is cpu
2025-11-09 03:23:56 [main] INFO  o.a.s.r.ResourceProfileManager - Added ResourceProfile id: 0
2025-11-09 03:23:56 [main] INFO  org.apache.spark.SecurityManager - Changing view acls to: soumyagupta
2025-11-09 03:23:56 [main] INFO  org.apache.spark.SecurityManager - Changing modify acls to: soumyagupta
2025-11-09 03:23:56 [main] INFO  org.apache.spark.SecurityManager - Changing view acls groups to: 
2025-11-09 03:23:56 [main] INFO  org.apache.spark.SecurityManager - Changing modify acls groups to: 
2025-11-09 03:23:56 [main] INFO  org.apache.spark.SecurityManager - SecurityManager: authentication disabled; ui acls disabled; users with view permissions: soumyagupta; groups with view permissions: EMPTY; users with modify permissions: soumyagupta; groups with modify permissions: EMPTY
2025-11-09 03:23:56 [main] INFO  org.apache.spark.util.Utils - Successfully started service 'sparkDriver' on port 51275.
2025-11-09 03:23:56 [main] INFO  org.apache.spark.SparkEnv - Registering MapOutputTracker
2025-11-09 03:23:56 [main] INFO  org.apache.spark.SparkEnv - Registering BlockManagerMaster
2025-11-09 03:23:56 [main] INFO  o.a.s.s.BlockManagerMasterEndpoint - Using org.apache.spark.storage.DefaultTopologyMapper for getting topology information
2025-11-09 03:23:56 [main] INFO  o.a.s.s.BlockManagerMasterEndpoint - BlockManagerMasterEndpoint up
2025-11-09 03:23:56 [main] INFO  org.apache.spark.SparkEnv - Registering BlockManagerMasterHeartbeat
2025-11-09 03:23:56 [main] INFO  o.a.spark.storage.DiskBlockManager - Created local directory at /private/var/folders/d1/0lfypfw93vx8vhhstp40dlv40000gn/T/blockmgr-805e2fee-6795-4f2a-ae9c-3a00964017fa
2025-11-09 03:23:56 [main] INFO  o.a.spark.storage.memory.MemoryStore - MemoryStore started with capacity 1048.8 MiB
2025-11-09 03:23:56 [main] INFO  org.apache.spark.SparkEnv - Registering OutputCommitCoordinator
2025-11-09 03:23:56 [main] INFO  org.sparkproject.jetty.util.log - Logging initialized @1073ms to org.sparkproject.jetty.util.log.Slf4jLog
2025-11-09 03:23:56 [main] INFO  org.apache.spark.ui.JettyUtils - Start Jetty 0.0.0.0:4040 for SparkUI
2025-11-09 03:23:56 [main] INFO  o.sparkproject.jetty.server.Server - jetty-9.4.50.v20221201; built: 2022-12-01T22:07:03.915Z; git: da9a0b30691a45daf90a9f17b5defa2f1434f882; jvm 11.0.29+0
2025-11-09 03:23:56 [main] INFO  o.sparkproject.jetty.server.Server - Started @1134ms
2025-11-09 03:23:56 [main] INFO  o.s.jetty.server.AbstractConnector - Started ServerConnector@3258109f{HTTP/1.1, (http/1.1)}{0.0.0.0:4040}
2025-11-09 03:23:56 [main] INFO  org.apache.spark.util.Utils - Successfully started service 'SparkUI' on port 4040.
2025-11-09 03:23:56 [main] INFO  o.s.j.server.handler.ContextHandler - Started o.s.j.s.ServletContextHandler@3374b5bc{/,null,AVAILABLE,@Spark}
2025-11-09 03:23:56 [main] INFO  org.apache.spark.executor.Executor - Starting executor ID driver on host 192.168.1.6
2025-11-09 03:23:56 [main] INFO  org.apache.spark.executor.Executor - Starting executor with user classpath (userClassPathFirst = false): ''
2025-11-09 03:23:56 [main] INFO  org.apache.spark.util.Utils - Successfully started service 'org.apache.spark.network.netty.NettyBlockTransferService' on port 51276.
2025-11-09 03:23:56 [main] INFO  o.a.s.n.n.NettyBlockTransferService - Server created on 127.0.0.1:51276
2025-11-09 03:23:56 [main] INFO  o.apache.spark.storage.BlockManager - Using org.apache.spark.storage.RandomBlockReplicationPolicy for block replication policy
2025-11-09 03:23:56 [main] INFO  o.a.spark.storage.BlockManagerMaster - Registering BlockManager BlockManagerId(driver, 127.0.0.1, 51276, None)
2025-11-09 03:23:56 [dispatcher-BlockManagerMaster] INFO  o.a.s.s.BlockManagerMasterEndpoint - Registering block manager 127.0.0.1:51276 with 1048.8 MiB RAM, BlockManagerId(driver, 127.0.0.1, 51276, None)
2025-11-09 03:23:56 [main] INFO  o.a.spark.storage.BlockManagerMaster - Registered BlockManager BlockManagerId(driver, 127.0.0.1, 51276, None)
2025-11-09 03:23:56 [main] INFO  o.apache.spark.storage.BlockManager - Initialized BlockManager: BlockManagerId(driver, 127.0.0.1, 51276, None)
2025-11-09 03:23:56 [main] INFO  o.s.j.server.handler.ContextHandler - Stopped o.s.j.s.ServletContextHandler@3374b5bc{/,null,STOPPED,@Spark}
2025-11-09 03:23:56 [main] INFO  o.s.j.server.handler.ContextHandler - Started o.s.j.s.ServletContextHandler@62a68bcb{/jobs,null,AVAILABLE,@Spark}
2025-11-09 03:23:56 [main] INFO  o.s.j.server.handler.ContextHandler - Started o.s.j.s.ServletContextHandler@14924f41{/jobs/json,null,AVAILABLE,@Spark}
2025-11-09 03:23:56 [main] INFO  o.s.j.server.handler.ContextHandler - Started o.s.j.s.ServletContextHandler@430b2699{/jobs/job,null,AVAILABLE,@Spark}
2025-11-09 03:23:56 [main] INFO  o.s.j.server.handler.ContextHandler - Started o.s.j.s.ServletContextHandler@6413d7e7{/jobs/job/json,null,AVAILABLE,@Spark}
2025-11-09 03:23:56 [main] INFO  o.s.j.server.handler.ContextHandler - Started o.s.j.s.ServletContextHandler@17b37e9a{/stages,null,AVAILABLE,@Spark}
2025-11-09 03:23:56 [main] INFO  o.s.j.server.handler.ContextHandler - Started o.s.j.s.ServletContextHandler@111d5c97{/stages/json,null,AVAILABLE,@Spark}
2025-11-09 03:23:56 [main] INFO  o.s.j.server.handler.ContextHandler - Started o.s.j.s.ServletContextHandler@3e1fd62b{/stages/stage,null,AVAILABLE,@Spark}
2025-11-09 03:23:56 [main] INFO  o.s.j.server.handler.ContextHandler - Started o.s.j.s.ServletContextHandler@558b4942{/stages/stage/json,null,AVAILABLE,@Spark}
2025-11-09 03:23:56 [main] INFO  o.s.j.server.handler.ContextHandler - Started o.s.j.s.ServletContextHandler@70025b99{/stages/pool,null,AVAILABLE,@Spark}
2025-11-09 03:23:56 [main] INFO  o.s.j.server.handler.ContextHandler - Started o.s.j.s.ServletContextHandler@7134b8a7{/stages/pool/json,null,AVAILABLE,@Spark}
2025-11-09 03:23:56 [main] INFO  o.s.j.server.handler.ContextHandler - Started o.s.j.s.ServletContextHandler@40de8f93{/storage,null,AVAILABLE,@Spark}
2025-11-09 03:23:56 [main] INFO  o.s.j.server.handler.ContextHandler - Started o.s.j.s.ServletContextHandler@3b55dd15{/storage/json,null,AVAILABLE,@Spark}
2025-11-09 03:23:56 [main] INFO  o.s.j.server.handler.ContextHandler - Started o.s.j.s.ServletContextHandler@3ba3d4b6{/storage/rdd,null,AVAILABLE,@Spark}
2025-11-09 03:23:56 [main] INFO  o.s.j.server.handler.ContextHandler - Started o.s.j.s.ServletContextHandler@441fbe89{/storage/rdd/json,null,AVAILABLE,@Spark}
2025-11-09 03:23:56 [main] INFO  o.s.j.server.handler.ContextHandler - Started o.s.j.s.ServletContextHandler@45ab3bdd{/environment,null,AVAILABLE,@Spark}
2025-11-09 03:23:56 [main] INFO  o.s.j.server.handler.ContextHandler - Started o.s.j.s.ServletContextHandler@1642eeae{/environment/json,null,AVAILABLE,@Spark}
2025-11-09 03:23:56 [main] INFO  o.s.j.server.handler.ContextHandler - Started o.s.j.s.ServletContextHandler@28a9494b{/executors,null,AVAILABLE,@Spark}
2025-11-09 03:23:56 [main] INFO  o.s.j.server.handler.ContextHandler - Started o.s.j.s.ServletContextHandler@1163a27{/executors/json,null,AVAILABLE,@Spark}
2025-11-09 03:23:56 [main] INFO  o.s.j.server.handler.ContextHandler - Started o.s.j.s.ServletContextHandler@502a4156{/executors/threadDump,null,AVAILABLE,@Spark}
2025-11-09 03:23:56 [main] INFO  o.s.j.server.handler.ContextHandler - Started o.s.j.s.ServletContextHandler@64e1377c{/executors/threadDump/json,null,AVAILABLE,@Spark}
2025-11-09 03:23:56 [main] INFO  o.s.j.server.handler.ContextHandler - Started o.s.j.s.ServletContextHandler@92d1782{/static,null,AVAILABLE,@Spark}
2025-11-09 03:23:56 [main] INFO  o.s.j.server.handler.ContextHandler - Started o.s.j.s.ServletContextHandler@27a09971{/,null,AVAILABLE,@Spark}
2025-11-09 03:23:56 [main] INFO  o.s.j.server.handler.ContextHandler - Started o.s.j.s.ServletContextHandler@46dcbeab{/api,null,AVAILABLE,@Spark}
2025-11-09 03:23:56 [main] INFO  o.s.j.server.handler.ContextHandler - Started o.s.j.s.ServletContextHandler@1b410308{/jobs/job/kill,null,AVAILABLE,@Spark}
2025-11-09 03:23:56 [main] INFO  o.s.j.server.handler.ContextHandler - Started o.s.j.s.ServletContextHandler@f9cab00{/stages/stage/kill,null,AVAILABLE,@Spark}
2025-11-09 03:23:56 [main] INFO  o.s.j.server.handler.ContextHandler - Started o.s.j.s.ServletContextHandler@60e06f7d{/metrics/json,null,AVAILABLE,@Spark}
2025-11-09 03:23:57 [main] INFO  o.a.spark.sql.internal.SharedState - Setting hive.metastore.warehouse.dir ('null') to the value of spark.sql.warehouse.dir.
2025-11-09 03:23:57 [main] INFO  o.a.spark.sql.internal.SharedState - Warehouse path is 'file:/Users/soumyagupta/IdeaProjects/fraud-detection/spark-warehouse'.
2025-11-09 03:23:57 [main] INFO  o.s.j.server.handler.ContextHandler - Started o.s.j.s.ServletContextHandler@685f5d0d{/SQL,null,AVAILABLE,@Spark}
2025-11-09 03:23:57 [main] INFO  o.s.j.server.handler.ContextHandler - Started o.s.j.s.ServletContextHandler@3e28d779{/SQL/json,null,AVAILABLE,@Spark}
2025-11-09 03:23:57 [main] INFO  o.s.j.server.handler.ContextHandler - Started o.s.j.s.ServletContextHandler@5d9618f2{/SQL/execution,null,AVAILABLE,@Spark}
2025-11-09 03:23:57 [main] INFO  o.s.j.server.handler.ContextHandler - Started o.s.j.s.ServletContextHandler@13cc0b90{/SQL/execution/json,null,AVAILABLE,@Spark}
2025-11-09 03:23:57 [main] INFO  o.s.j.server.handler.ContextHandler - Started o.s.j.s.ServletContextHandler@20a24edf{/static/sql,null,AVAILABLE,@Spark}
2025-11-09 03:23:58 [main] INFO  o.a.s.s.e.s.s.StateStoreCoordinatorRef - Registered StateStoreCoordinator endpoint
2025-11-09 03:23:58 [main] INFO  o.s.j.server.handler.ContextHandler - Started o.s.j.s.ServletContextHandler@1b5623b4{/StreamingQuery,null,AVAILABLE,@Spark}
2025-11-09 03:23:58 [main] INFO  o.s.j.server.handler.ContextHandler - Started o.s.j.s.ServletContextHandler@33563147{/StreamingQuery/json,null,AVAILABLE,@Spark}
2025-11-09 03:23:58 [main] INFO  o.s.j.server.handler.ContextHandler - Started o.s.j.s.ServletContextHandler@261b6c8c{/StreamingQuery/statistics,null,AVAILABLE,@Spark}
2025-11-09 03:23:58 [main] INFO  o.s.j.server.handler.ContextHandler - Started o.s.j.s.ServletContextHandler@3516f436{/StreamingQuery/statistics/json,null,AVAILABLE,@Spark}
2025-11-09 03:23:58 [main] INFO  o.s.j.server.handler.ContextHandler - Started o.s.j.s.ServletContextHandler@39a9becc{/static/sql,null,AVAILABLE,@Spark}
2025-11-09 03:23:58 [main] WARN  o.a.s.s.e.s.ResolveWriteToStream - Temporary checkpoint location created which is deleted normally when the query didn't fail: /private/var/folders/d1/0lfypfw93vx8vhhstp40dlv40000gn/T/temporary-c0656fe9-68e0-4587-bcb3-94528327941d. If it's required to delete it under any circumstances, please set spark.sql.streaming.forceDeleteTempCheckpointLocation to true. Important to know deleting temp checkpoint folder is best effort.
2025-11-09 03:23:58 [main] INFO  o.a.s.s.e.s.ResolveWriteToStream - Checkpoint root /private/var/folders/d1/0lfypfw93vx8vhhstp40dlv40000gn/T/temporary-c0656fe9-68e0-4587-bcb3-94528327941d resolved to file:/private/var/folders/d1/0lfypfw93vx8vhhstp40dlv40000gn/T/temporary-c0656fe9-68e0-4587-bcb3-94528327941d.
2025-11-09 03:23:58 [main] WARN  o.a.s.s.e.s.ResolveWriteToStream - spark.sql.adaptive.enabled is not supported in streaming DataFrames/Datasets and will be disabled.
2025-11-09 03:23:58 [main] INFO  o.a.s.s.e.s.CheckpointFileManager - Writing atomically to file:/private/var/folders/d1/0lfypfw93vx8vhhstp40dlv40000gn/T/temporary-c0656fe9-68e0-4587-bcb3-94528327941d/metadata using temp file file:/private/var/folders/d1/0lfypfw93vx8vhhstp40dlv40000gn/T/temporary-c0656fe9-68e0-4587-bcb3-94528327941d/.metadata.83635880-0f38-4765-b140-d343a547aaf7.tmp
2025-11-09 03:23:58 [main] INFO  o.a.s.s.e.s.CheckpointFileManager - Renamed temp file file:/private/var/folders/d1/0lfypfw93vx8vhhstp40dlv40000gn/T/temporary-c0656fe9-68e0-4587-bcb3-94528327941d/.metadata.83635880-0f38-4765-b140-d343a547aaf7.tmp to file:/private/var/folders/d1/0lfypfw93vx8vhhstp40dlv40000gn/T/temporary-c0656fe9-68e0-4587-bcb3-94528327941d/metadata
2025-11-09 03:23:58 [main] INFO  o.a.s.s.e.s.MicroBatchExecution - Starting [id = 7a53a007-fc5f-4b62-88f2-95a7e4acbf62, runId = 40354a01-ccb6-4dae-b705-87d59d863863]. Use file:/private/var/folders/d1/0lfypfw93vx8vhhstp40dlv40000gn/T/temporary-c0656fe9-68e0-4587-bcb3-94528327941d to store the query checkpoint.
2025-11-09 03:23:58 [stream execution thread for [id = 7a53a007-fc5f-4b62-88f2-95a7e4acbf62, runId = 40354a01-ccb6-4dae-b705-87d59d863863]] INFO  o.a.s.s.e.s.MicroBatchExecution - Reading table [org.apache.spark.sql.kafka010.KafkaSourceProvider$KafkaTable@f1b29d5] from DataSourceV2 named 'kafka' [org.apache.spark.sql.kafka010.KafkaSourceProvider@577e5aca]
2025-11-09 03:23:58 [stream execution thread for [id = 7a53a007-fc5f-4b62-88f2-95a7e4acbf62, runId = 40354a01-ccb6-4dae-b705-87d59d863863]] INFO  o.a.s.s.e.streaming.OffsetSeqLog - BatchIds found from listing: 
2025-11-09 03:23:58 [stream execution thread for [id = 7a53a007-fc5f-4b62-88f2-95a7e4acbf62, runId = 40354a01-ccb6-4dae-b705-87d59d863863]] INFO  o.a.s.s.e.streaming.OffsetSeqLog - BatchIds found from listing: 
2025-11-09 03:23:58 [stream execution thread for [id = 7a53a007-fc5f-4b62-88f2-95a7e4acbf62, runId = 40354a01-ccb6-4dae-b705-87d59d863863]] INFO  o.a.s.s.e.s.MicroBatchExecution - Starting new streaming query.
2025-11-09 03:23:58 [stream execution thread for [id = 7a53a007-fc5f-4b62-88f2-95a7e4acbf62, runId = 40354a01-ccb6-4dae-b705-87d59d863863]] INFO  o.a.s.s.e.s.MicroBatchExecution - Stream started from {}
2025-11-09 03:23:59 [stream execution thread for [id = 7a53a007-fc5f-4b62-88f2-95a7e4acbf62, runId = 40354a01-ccb6-4dae-b705-87d59d863863]] INFO  o.a.k.c.admin.AdminClientConfig - AdminClientConfig values: 
	auto.include.jmx.reporter = true
	bootstrap.servers = [localhost:9092]
	client.dns.lookup = use_all_dns_ips
	client.id = 
	connections.max.idle.ms = 300000
	default.api.timeout.ms = 60000
	metadata.max.age.ms = 300000
	metric.reporters = []
	metrics.num.samples = 2
	metrics.recording.level = INFO
	metrics.sample.window.ms = 30000
	receive.buffer.bytes = 65536
	reconnect.backoff.max.ms = 1000
	reconnect.backoff.ms = 50
	request.timeout.ms = 30000
	retries = 2147483647
	retry.backoff.ms = 100
	sasl.client.callback.handler.class = null
	sasl.jaas.config = [hidden]
	sasl.kerberos.kinit.cmd = /usr/bin/kinit
	sasl.kerberos.min.time.before.relogin = 60000
	sasl.kerberos.service.name = null
	sasl.kerberos.ticket.renew.jitter = 0.05
	sasl.kerberos.ticket.renew.window.factor = 0.8
	sasl.login.callback.handler.class = null
	sasl.login.class = null
	sasl.login.connect.timeout.ms = null
	sasl.login.read.timeout.ms = null
	sasl.login.refresh.buffer.seconds = 300
	sasl.login.refresh.min.period.seconds = 60
	sasl.login.refresh.window.factor = 0.8
	sasl.login.refresh.window.jitter = 0.05
	sasl.login.retry.backoff.max.ms = 10000
	sasl.login.retry.backoff.ms = 100
	sasl.mechanism = PLAIN
	sasl.oauthbearer.clock.skew.seconds = 30
	sasl.oauthbearer.expected.audience = null
	sasl.oauthbearer.expected.issuer = null
	sasl.oauthbearer.jwks.endpoint.refresh.ms = 3600000
	sasl.oauthbearer.jwks.endpoint.retry.backoff.max.ms = 10000
	sasl.oauthbearer.jwks.endpoint.retry.backoff.ms = 100
	sasl.oauthbearer.jwks.endpoint.url = null
	sasl.oauthbearer.scope.claim.name = scope
	sasl.oauthbearer.sub.claim.name = sub
	sasl.oauthbearer.token.endpoint.url = null
	security.protocol = PLAINTEXT
	security.providers = null
	send.buffer.bytes = 131072
	socket.connection.setup.timeout.max.ms = 30000
	socket.connection.setup.timeout.ms = 10000
	ssl.cipher.suites = null
	ssl.enabled.protocols = [TLSv1.2, TLSv1.3]
	ssl.endpoint.identification.algorithm = https
	ssl.engine.factory.class = null
	ssl.key.password = null
	ssl.keymanager.algorithm = SunX509
	ssl.keystore.certificate.chain = null
	ssl.keystore.key = null
	ssl.keystore.location = null
	ssl.keystore.password = null
	ssl.keystore.type = JKS
	ssl.protocol = TLSv1.3
	ssl.provider = null
	ssl.secure.random.implementation = null
	ssl.trustmanager.algorithm = PKIX
	ssl.truststore.certificates = null
	ssl.truststore.location = null
	ssl.truststore.password = null
	ssl.truststore.type = JKS

2025-11-09 03:23:59 [stream execution thread for [id = 7a53a007-fc5f-4b62-88f2-95a7e4acbf62, runId = 40354a01-ccb6-4dae-b705-87d59d863863]] INFO  o.a.k.c.admin.AdminClientConfig - These configurations '[key.deserializer, value.deserializer, enable.auto.commit, max.poll.records, sasl.jaas.config, auto.offset.reset]' were supplied but are not used yet.
2025-11-09 03:23:59 [stream execution thread for [id = 7a53a007-fc5f-4b62-88f2-95a7e4acbf62, runId = 40354a01-ccb6-4dae-b705-87d59d863863]] INFO  o.a.kafka.common.utils.AppInfoParser - Kafka version: 3.5.1
2025-11-09 03:23:59 [stream execution thread for [id = 7a53a007-fc5f-4b62-88f2-95a7e4acbf62, runId = 40354a01-ccb6-4dae-b705-87d59d863863]] INFO  o.a.kafka.common.utils.AppInfoParser - Kafka commitId: 2c6fb6c54472e90a
2025-11-09 03:23:59 [stream execution thread for [id = 7a53a007-fc5f-4b62-88f2-95a7e4acbf62, runId = 40354a01-ccb6-4dae-b705-87d59d863863]] INFO  o.a.kafka.common.utils.AppInfoParser - Kafka startTimeMs: 1762638839187
2025-11-09 03:23:59 [stream execution thread for [id = 7a53a007-fc5f-4b62-88f2-95a7e4acbf62, runId = 40354a01-ccb6-4dae-b705-87d59d863863]] INFO  o.a.s.s.e.s.CheckpointFileManager - Writing atomically to file:/private/var/folders/d1/0lfypfw93vx8vhhstp40dlv40000gn/T/temporary-c0656fe9-68e0-4587-bcb3-94528327941d/sources/0/0 using temp file file:/private/var/folders/d1/0lfypfw93vx8vhhstp40dlv40000gn/T/temporary-c0656fe9-68e0-4587-bcb3-94528327941d/sources/0/.0.053c09a7-7707-4f3f-a99d-1e918b2aef6a.tmp
2025-11-09 03:23:59 [stream execution thread for [id = 7a53a007-fc5f-4b62-88f2-95a7e4acbf62, runId = 40354a01-ccb6-4dae-b705-87d59d863863]] INFO  o.a.s.s.e.s.CheckpointFileManager - Renamed temp file file:/private/var/folders/d1/0lfypfw93vx8vhhstp40dlv40000gn/T/temporary-c0656fe9-68e0-4587-bcb3-94528327941d/sources/0/.0.053c09a7-7707-4f3f-a99d-1e918b2aef6a.tmp to file:/private/var/folders/d1/0lfypfw93vx8vhhstp40dlv40000gn/T/temporary-c0656fe9-68e0-4587-bcb3-94528327941d/sources/0/0
2025-11-09 03:23:59 [stream execution thread for [id = 7a53a007-fc5f-4b62-88f2-95a7e4acbf62, runId = 40354a01-ccb6-4dae-b705-87d59d863863]] INFO  o.a.s.s.k.KafkaMicroBatchStream - Initial offsets: {"transactions":{"0":254}}
2025-11-09 03:23:59 [stream execution thread for [id = 7a53a007-fc5f-4b62-88f2-95a7e4acbf62, runId = 40354a01-ccb6-4dae-b705-87d59d863863]] INFO  o.a.s.s.e.s.CheckpointFileManager - Writing atomically to file:/private/var/folders/d1/0lfypfw93vx8vhhstp40dlv40000gn/T/temporary-c0656fe9-68e0-4587-bcb3-94528327941d/offsets/0 using temp file file:/private/var/folders/d1/0lfypfw93vx8vhhstp40dlv40000gn/T/temporary-c0656fe9-68e0-4587-bcb3-94528327941d/offsets/.0.73b48482-499f-4b89-8295-99c8b30c05dc.tmp
2025-11-09 03:23:59 [stream execution thread for [id = 7a53a007-fc5f-4b62-88f2-95a7e4acbf62, runId = 40354a01-ccb6-4dae-b705-87d59d863863]] INFO  o.a.s.s.e.s.CheckpointFileManager - Renamed temp file file:/private/var/folders/d1/0lfypfw93vx8vhhstp40dlv40000gn/T/temporary-c0656fe9-68e0-4587-bcb3-94528327941d/offsets/.0.73b48482-499f-4b89-8295-99c8b30c05dc.tmp to file:/private/var/folders/d1/0lfypfw93vx8vhhstp40dlv40000gn/T/temporary-c0656fe9-68e0-4587-bcb3-94528327941d/offsets/0
2025-11-09 03:23:59 [stream execution thread for [id = 7a53a007-fc5f-4b62-88f2-95a7e4acbf62, runId = 40354a01-ccb6-4dae-b705-87d59d863863]] INFO  o.a.s.s.e.s.MicroBatchExecution - Committed offsets for batch 0. Metadata OffsetSeqMetadata(0,1762638839428,Map(spark.sql.streaming.stateStore.providerClass -> org.apache.spark.sql.execution.streaming.state.HDFSBackedStateStoreProvider, spark.sql.streaming.join.stateFormatVersion -> 2, spark.sql.streaming.stateStore.compression.codec -> lz4, spark.sql.streaming.stateStore.rocksdb.formatVersion -> 5, spark.sql.streaming.statefulOperator.useStrictDistribution -> true, spark.sql.streaming.flatMapGroupsWithState.stateFormatVersion -> 2, spark.sql.streaming.multipleWatermarkPolicy -> min, spark.sql.streaming.aggregation.stateFormatVersion -> 2, spark.sql.shuffle.partitions -> 200))
2025-11-09 03:23:59 [stream execution thread for [id = 7a53a007-fc5f-4b62-88f2-95a7e4acbf62, runId = 40354a01-ccb6-4dae-b705-87d59d863863]] INFO  o.a.s.s.k.KafkaOffsetReaderAdmin - Partitions added: Map()
2025-11-09 03:23:59 [stream execution thread for [id = 7a53a007-fc5f-4b62-88f2-95a7e4acbf62, runId = 40354a01-ccb6-4dae-b705-87d59d863863]] INFO  o.a.s.s.k.KafkaOffsetReaderAdmin - Partitions added: Map()
2025-11-09 03:23:59 [stream execution thread for [id = 7a53a007-fc5f-4b62-88f2-95a7e4acbf62, runId = 40354a01-ccb6-4dae-b705-87d59d863863]] INFO  o.a.s.s.k.KafkaOffsetReaderAdmin - Partitions added: Map()
2025-11-09 03:23:59 [stream execution thread for [id = 7a53a007-fc5f-4b62-88f2-95a7e4acbf62, runId = 40354a01-ccb6-4dae-b705-87d59d863863]] INFO  o.a.s.s.k.KafkaOffsetReaderAdmin - Partitions added: Map()
2025-11-09 03:23:59 [stream execution thread for [id = 7a53a007-fc5f-4b62-88f2-95a7e4acbf62, runId = 40354a01-ccb6-4dae-b705-87d59d863863]] INFO  o.a.s.s.k.KafkaOffsetReaderAdmin - Partitions added: Map()
2025-11-09 03:23:59 [stream execution thread for [id = 7a53a007-fc5f-4b62-88f2-95a7e4acbf62, runId = 40354a01-ccb6-4dae-b705-87d59d863863]] INFO  o.a.s.s.k.KafkaOffsetReaderAdmin - Partitions added: Map()
2025-11-09 03:23:59 [stream execution thread for [id = 7a53a007-fc5f-4b62-88f2-95a7e4acbf62, runId = 40354a01-ccb6-4dae-b705-87d59d863863]] INFO  o.a.s.s.c.e.codegen.CodeGenerator - Code generated in 112.846375 ms
2025-11-09 03:24:00 [stream execution thread for [id = 7a53a007-fc5f-4b62-88f2-95a7e4acbf62, runId = 40354a01-ccb6-4dae-b705-87d59d863863]] INFO  o.a.s.s.e.d.v.WriteToDataSourceV2Exec - Start processing data source write support: MicroBatchWrite[epoch: 0, writer: ConsoleWriter[numRows=20, truncate=false]]. The input RDD has 1 partitions.
2025-11-09 03:24:00 [stream execution thread for [id = 7a53a007-fc5f-4b62-88f2-95a7e4acbf62, runId = 40354a01-ccb6-4dae-b705-87d59d863863]] INFO  org.apache.spark.SparkContext - Starting job: start at FraudDetection.scala:66
2025-11-09 03:24:00 [dag-scheduler-event-loop] INFO  o.a.spark.scheduler.DAGScheduler - Got job 0 (start at FraudDetection.scala:66) with 1 output partitions
2025-11-09 03:24:00 [dag-scheduler-event-loop] INFO  o.a.spark.scheduler.DAGScheduler - Final stage: ResultStage 0 (start at FraudDetection.scala:66)
2025-11-09 03:24:00 [dag-scheduler-event-loop] INFO  o.a.spark.scheduler.DAGScheduler - Parents of final stage: List()
2025-11-09 03:24:00 [dag-scheduler-event-loop] INFO  o.a.spark.scheduler.DAGScheduler - Missing parents: List()
2025-11-09 03:24:00 [dag-scheduler-event-loop] INFO  o.a.spark.scheduler.DAGScheduler - Submitting ResultStage 0 (ParallelCollectionRDD[4] at start at FraudDetection.scala:66), which has no missing parents
2025-11-09 03:24:00 [dag-scheduler-event-loop] INFO  o.a.spark.storage.memory.MemoryStore - Block broadcast_0 stored as values in memory (estimated size 3.4 KiB, free 1048.8 MiB)
2025-11-09 03:24:00 [dag-scheduler-event-loop] INFO  o.a.spark.storage.memory.MemoryStore - Block broadcast_0_piece0 stored as bytes in memory (estimated size 2036.0 B, free 1048.8 MiB)
2025-11-09 03:24:00 [dispatcher-BlockManagerMaster] INFO  o.a.spark.storage.BlockManagerInfo - Added broadcast_0_piece0 in memory on 127.0.0.1:51276 (size: 2036.0 B, free: 1048.8 MiB)
2025-11-09 03:24:00 [dag-scheduler-event-loop] INFO  org.apache.spark.SparkContext - Created broadcast 0 from broadcast at DAGScheduler.scala:1535
2025-11-09 03:24:00 [dag-scheduler-event-loop] INFO  o.a.spark.scheduler.DAGScheduler - Submitting 1 missing tasks from ResultStage 0 (ParallelCollectionRDD[4] at start at FraudDetection.scala:66) (first 15 tasks are for partitions Vector(0))
2025-11-09 03:24:00 [dag-scheduler-event-loop] INFO  o.a.s.scheduler.TaskSchedulerImpl - Adding task set 0.0 with 1 tasks resource profile 0
2025-11-09 03:24:00 [dispatcher-event-loop-7] INFO  o.a.spark.scheduler.TaskSetManager - Starting task 0.0 in stage 0.0 (TID 0) (192.168.1.6, executor driver, partition 0, PROCESS_LOCAL, 7384 bytes) 
2025-11-09 03:24:00 [Executor task launch worker for task 0.0 in stage 0.0 (TID 0)] INFO  org.apache.spark.executor.Executor - Running task 0.0 in stage 0.0 (TID 0)
2025-11-09 03:24:00 [Executor task launch worker for task 0.0 in stage 0.0 (TID 0)] INFO  o.a.s.s.e.d.v2.DataWritingSparkTask - Commit authorized for partition 0 (task 0, attempt 0, stage 0.0)
2025-11-09 03:24:00 [Executor task launch worker for task 0.0 in stage 0.0 (TID 0)] INFO  o.a.s.s.e.d.v2.DataWritingSparkTask - Committed partition 0 (task 0, attempt 0, stage 0.0)
2025-11-09 03:24:00 [Executor task launch worker for task 0.0 in stage 0.0 (TID 0)] INFO  org.apache.spark.executor.Executor - Finished task 0.0 in stage 0.0 (TID 0). 1252 bytes result sent to driver
2025-11-09 03:24:00 [task-result-getter-0] INFO  o.a.spark.scheduler.TaskSetManager - Finished task 0.0 in stage 0.0 (TID 0) in 58 ms on 192.168.1.6 (executor driver) (1/1)
2025-11-09 03:24:00 [task-result-getter-0] INFO  o.a.s.scheduler.TaskSchedulerImpl - Removed TaskSet 0.0, whose tasks have all completed, from pool 
2025-11-09 03:24:00 [dag-scheduler-event-loop] INFO  o.a.spark.scheduler.DAGScheduler - ResultStage 0 (start at FraudDetection.scala:66) finished in 0.293 s
2025-11-09 03:24:00 [dag-scheduler-event-loop] INFO  o.a.spark.scheduler.DAGScheduler - Job 0 is finished. Cancelling potential speculative or zombie tasks for this job
2025-11-09 03:24:00 [dag-scheduler-event-loop] INFO  o.a.s.scheduler.TaskSchedulerImpl - Killing all running tasks in stage 0: Stage finished
2025-11-09 03:24:00 [stream execution thread for [id = 7a53a007-fc5f-4b62-88f2-95a7e4acbf62, runId = 40354a01-ccb6-4dae-b705-87d59d863863]] INFO  o.a.spark.scheduler.DAGScheduler - Job 0 finished: start at FraudDetection.scala:66, took 0.310918 s
2025-11-09 03:24:00 [stream execution thread for [id = 7a53a007-fc5f-4b62-88f2-95a7e4acbf62, runId = 40354a01-ccb6-4dae-b705-87d59d863863]] INFO  o.a.s.s.e.d.v.WriteToDataSourceV2Exec - Data source write support MicroBatchWrite[epoch: 0, writer: ConsoleWriter[numRows=20, truncate=false]] is committing.
2025-11-09 03:24:00 [stream execution thread for [id = 7a53a007-fc5f-4b62-88f2-95a7e4acbf62, runId = 40354a01-ccb6-4dae-b705-87d59d863863]] INFO  o.a.s.s.e.d.v.WriteToDataSourceV2Exec - Data source write support MicroBatchWrite[epoch: 0, writer: ConsoleWriter[numRows=20, truncate=false]] committed.
2025-11-09 03:24:00 [stream execution thread for [id = 7a53a007-fc5f-4b62-88f2-95a7e4acbf62, runId = 40354a01-ccb6-4dae-b705-87d59d863863]] INFO  o.a.s.s.e.s.CheckpointFileManager - Writing atomically to file:/private/var/folders/d1/0lfypfw93vx8vhhstp40dlv40000gn/T/temporary-c0656fe9-68e0-4587-bcb3-94528327941d/commits/0 using temp file file:/private/var/folders/d1/0lfypfw93vx8vhhstp40dlv40000gn/T/temporary-c0656fe9-68e0-4587-bcb3-94528327941d/commits/.0.50f445e9-61cc-43ef-b561-10014153c6d6.tmp
2025-11-09 03:24:00 [stream execution thread for [id = 7a53a007-fc5f-4b62-88f2-95a7e4acbf62, runId = 40354a01-ccb6-4dae-b705-87d59d863863]] INFO  o.a.s.s.e.s.CheckpointFileManager - Renamed temp file file:/private/var/folders/d1/0lfypfw93vx8vhhstp40dlv40000gn/T/temporary-c0656fe9-68e0-4587-bcb3-94528327941d/commits/.0.50f445e9-61cc-43ef-b561-10014153c6d6.tmp to file:/private/var/folders/d1/0lfypfw93vx8vhhstp40dlv40000gn/T/temporary-c0656fe9-68e0-4587-bcb3-94528327941d/commits/0
2025-11-09 03:24:00 [stream execution thread for [id = 7a53a007-fc5f-4b62-88f2-95a7e4acbf62, runId = 40354a01-ccb6-4dae-b705-87d59d863863]] INFO  o.a.s.s.e.s.MicroBatchExecution - Streaming query made progress: {
  "id" : "7a53a007-fc5f-4b62-88f2-95a7e4acbf62",
  "runId" : "40354a01-ccb6-4dae-b705-87d59d863863",
  "name" : null,
  "timestamp" : "2025-11-08T21:53:58.952Z",
  "batchId" : 0,
  "numInputRows" : 0,
  "inputRowsPerSecond" : 0.0,
  "processedRowsPerSecond" : 0.0,
  "durationMs" : {
    "addBatch" : 632,
    "commitOffsets" : 117,
    "getBatch" : 13,
    "latestOffset" : 471,
    "queryPlanning" : 279,
    "triggerExecution" : 1565,
    "walCommit" : 42
  },
  "stateOperators" : [ ],
  "sources" : [ {
    "description" : "KafkaV2[Subscribe[transactions]]",
    "startOffset" : null,
    "endOffset" : {
      "transactions" : {
        "0" : 254
      }
    },
    "latestOffset" : {
      "transactions" : {
        "0" : 254
      }
    },
    "numInputRows" : 0,
    "inputRowsPerSecond" : 0.0,
    "processedRowsPerSecond" : 0.0,
    "metrics" : {
      "avgOffsetsBehindLatest" : "0.0",
      "maxOffsetsBehindLatest" : "0",
      "minOffsetsBehindLatest" : "0"
    }
  } ],
  "sink" : {
    "description" : "org.apache.spark.sql.execution.streaming.ConsoleTable$@6e4ae8d1",
    "numOutputRows" : 0
  }
}
2025-11-09 03:24:00 [stream execution thread for [id = 7a53a007-fc5f-4b62-88f2-95a7e4acbf62, runId = 40354a01-ccb6-4dae-b705-87d59d863863]] INFO  o.a.s.s.e.s.CheckpointFileManager - Writing atomically to file:/private/var/folders/d1/0lfypfw93vx8vhhstp40dlv40000gn/T/temporary-c0656fe9-68e0-4587-bcb3-94528327941d/offsets/1 using temp file file:/private/var/folders/d1/0lfypfw93vx8vhhstp40dlv40000gn/T/temporary-c0656fe9-68e0-4587-bcb3-94528327941d/offsets/.1.249c3f40-350d-4bfb-8957-de518eccd949.tmp
2025-11-09 03:24:00 [stream execution thread for [id = 7a53a007-fc5f-4b62-88f2-95a7e4acbf62, runId = 40354a01-ccb6-4dae-b705-87d59d863863]] INFO  o.a.s.s.e.s.CheckpointFileManager - Renamed temp file file:/private/var/folders/d1/0lfypfw93vx8vhhstp40dlv40000gn/T/temporary-c0656fe9-68e0-4587-bcb3-94528327941d/offsets/.1.249c3f40-350d-4bfb-8957-de518eccd949.tmp to file:/private/var/folders/d1/0lfypfw93vx8vhhstp40dlv40000gn/T/temporary-c0656fe9-68e0-4587-bcb3-94528327941d/offsets/1
2025-11-09 03:24:00 [stream execution thread for [id = 7a53a007-fc5f-4b62-88f2-95a7e4acbf62, runId = 40354a01-ccb6-4dae-b705-87d59d863863]] INFO  o.a.s.s.e.s.MicroBatchExecution - Committed offsets for batch 1. Metadata OffsetSeqMetadata(0,1762638840584,Map(spark.sql.streaming.stateStore.providerClass -> org.apache.spark.sql.execution.streaming.state.HDFSBackedStateStoreProvider, spark.sql.streaming.join.stateFormatVersion -> 2, spark.sql.streaming.stateStore.compression.codec -> lz4, spark.sql.streaming.stateStore.rocksdb.formatVersion -> 5, spark.sql.streaming.statefulOperator.useStrictDistribution -> true, spark.sql.streaming.flatMapGroupsWithState.stateFormatVersion -> 2, spark.sql.streaming.multipleWatermarkPolicy -> min, spark.sql.streaming.aggregation.stateFormatVersion -> 2, spark.sql.shuffle.partitions -> 200))
2025-11-09 03:24:00 [stream execution thread for [id = 7a53a007-fc5f-4b62-88f2-95a7e4acbf62, runId = 40354a01-ccb6-4dae-b705-87d59d863863]] INFO  o.a.s.s.k.KafkaOffsetReaderAdmin - Partitions added: Map()
2025-11-09 03:24:00 [stream execution thread for [id = 7a53a007-fc5f-4b62-88f2-95a7e4acbf62, runId = 40354a01-ccb6-4dae-b705-87d59d863863]] INFO  o.a.s.s.k.KafkaOffsetReaderAdmin - Partitions added: Map()
2025-11-09 03:24:00 [stream execution thread for [id = 7a53a007-fc5f-4b62-88f2-95a7e4acbf62, runId = 40354a01-ccb6-4dae-b705-87d59d863863]] INFO  o.a.s.s.k.KafkaOffsetReaderAdmin - Partitions added: Map()
2025-11-09 03:24:00 [stream execution thread for [id = 7a53a007-fc5f-4b62-88f2-95a7e4acbf62, runId = 40354a01-ccb6-4dae-b705-87d59d863863]] INFO  o.a.s.s.k.KafkaOffsetReaderAdmin - Partitions added: Map()
2025-11-09 03:24:00 [stream execution thread for [id = 7a53a007-fc5f-4b62-88f2-95a7e4acbf62, runId = 40354a01-ccb6-4dae-b705-87d59d863863]] INFO  o.a.s.s.k.KafkaOffsetReaderAdmin - Partitions added: Map()
2025-11-09 03:24:00 [stream execution thread for [id = 7a53a007-fc5f-4b62-88f2-95a7e4acbf62, runId = 40354a01-ccb6-4dae-b705-87d59d863863]] INFO  o.a.s.s.k.KafkaOffsetReaderAdmin - Partitions added: Map()
2025-11-09 03:24:00 [stream execution thread for [id = 7a53a007-fc5f-4b62-88f2-95a7e4acbf62, runId = 40354a01-ccb6-4dae-b705-87d59d863863]] INFO  o.a.s.s.e.d.v.WriteToDataSourceV2Exec - Start processing data source write support: MicroBatchWrite[epoch: 1, writer: ConsoleWriter[numRows=20, truncate=false]]. The input RDD has 1 partitions.
2025-11-09 03:24:00 [stream execution thread for [id = 7a53a007-fc5f-4b62-88f2-95a7e4acbf62, runId = 40354a01-ccb6-4dae-b705-87d59d863863]] INFO  org.apache.spark.SparkContext - Starting job: start at FraudDetection.scala:66
2025-11-09 03:24:00 [dag-scheduler-event-loop] INFO  o.a.spark.scheduler.DAGScheduler - Got job 1 (start at FraudDetection.scala:66) with 1 output partitions
2025-11-09 03:24:00 [dag-scheduler-event-loop] INFO  o.a.spark.scheduler.DAGScheduler - Final stage: ResultStage 1 (start at FraudDetection.scala:66)
2025-11-09 03:24:00 [dag-scheduler-event-loop] INFO  o.a.spark.scheduler.DAGScheduler - Parents of final stage: List()
2025-11-09 03:24:00 [dag-scheduler-event-loop] INFO  o.a.spark.scheduler.DAGScheduler - Missing parents: List()
2025-11-09 03:24:00 [dag-scheduler-event-loop] INFO  o.a.spark.scheduler.DAGScheduler - Submitting ResultStage 1 (MapPartitionsRDD[8] at start at FraudDetection.scala:66), which has no missing parents
2025-11-09 03:24:00 [dag-scheduler-event-loop] INFO  o.a.spark.storage.memory.MemoryStore - Block broadcast_1 stored as values in memory (estimated size 25.6 KiB, free 1048.8 MiB)
2025-11-09 03:24:00 [dag-scheduler-event-loop] INFO  o.a.spark.storage.memory.MemoryStore - Block broadcast_1_piece0 stored as bytes in memory (estimated size 11.7 KiB, free 1048.8 MiB)
2025-11-09 03:24:00 [dispatcher-BlockManagerMaster] INFO  o.a.spark.storage.BlockManagerInfo - Added broadcast_1_piece0 in memory on 127.0.0.1:51276 (size: 11.7 KiB, free: 1048.8 MiB)
2025-11-09 03:24:00 [dag-scheduler-event-loop] INFO  org.apache.spark.SparkContext - Created broadcast 1 from broadcast at DAGScheduler.scala:1535
2025-11-09 03:24:00 [dag-scheduler-event-loop] INFO  o.a.spark.scheduler.DAGScheduler - Submitting 1 missing tasks from ResultStage 1 (MapPartitionsRDD[8] at start at FraudDetection.scala:66) (first 15 tasks are for partitions Vector(0))
2025-11-09 03:24:00 [dag-scheduler-event-loop] INFO  o.a.s.scheduler.TaskSchedulerImpl - Adding task set 1.0 with 1 tasks resource profile 0
2025-11-09 03:24:00 [dispatcher-event-loop-3] INFO  o.a.spark.scheduler.TaskSetManager - Starting task 0.0 in stage 1.0 (TID 1) (192.168.1.6, executor driver, partition 0, PROCESS_LOCAL, 8476 bytes) 
2025-11-09 03:24:00 [Executor task launch worker for task 0.0 in stage 1.0 (TID 1)] INFO  org.apache.spark.executor.Executor - Running task 0.0 in stage 1.0 (TID 1)
2025-11-09 03:24:00 [Executor task launch worker for task 0.0 in stage 1.0 (TID 1)] INFO  o.a.s.s.c.e.codegen.CodeGenerator - Code generated in 15.465875 ms
2025-11-09 03:24:00 [Executor task launch worker for task 0.0 in stage 1.0 (TID 1)] INFO  o.a.s.s.c.e.codegen.CodeGenerator - Code generated in 9.104 ms
2025-11-09 03:24:00 [Executor task launch worker for task 0.0 in stage 1.0 (TID 1)] INFO  o.a.s.s.c.e.codegen.CodeGenerator - Code generated in 10.082292 ms
2025-11-09 03:24:00 [Executor task launch worker for task 0.0 in stage 1.0 (TID 1)] INFO  o.a.k.c.consumer.ConsumerConfig - ConsumerConfig values: 
	allow.auto.create.topics = true
	auto.commit.interval.ms = 5000
	auto.include.jmx.reporter = true
	auto.offset.reset = none
	bootstrap.servers = [localhost:9092]
	check.crcs = true
	client.dns.lookup = use_all_dns_ips
	client.id = consumer-spark-kafka-source-598d9184-ff11-4c8f-b55c-e51776cc2079--2111622232-executor-1
	client.rack = 
	connections.max.idle.ms = 540000
	default.api.timeout.ms = 60000
	enable.auto.commit = false
	exclude.internal.topics = true
	fetch.max.bytes = 52428800
	fetch.max.wait.ms = 500
	fetch.min.bytes = 1
	group.id = spark-kafka-source-598d9184-ff11-4c8f-b55c-e51776cc2079--2111622232-executor
	group.instance.id = null
	heartbeat.interval.ms = 3000
	interceptor.classes = []
	internal.leave.group.on.close = true
	internal.throw.on.fetch.stable.offset.unsupported = false
	isolation.level = read_uncommitted
	key.deserializer = class org.apache.kafka.common.serialization.ByteArrayDeserializer
	max.partition.fetch.bytes = 1048576
	max.poll.interval.ms = 300000
	max.poll.records = 500
	metadata.max.age.ms = 300000
	metric.reporters = []
	metrics.num.samples = 2
	metrics.recording.level = INFO
	metrics.sample.window.ms = 30000
	partition.assignment.strategy = [class org.apache.kafka.clients.consumer.RangeAssignor, class org.apache.kafka.clients.consumer.CooperativeStickyAssignor]
	receive.buffer.bytes = 65536
	reconnect.backoff.max.ms = 1000
	reconnect.backoff.ms = 50
	request.timeout.ms = 30000
	retry.backoff.ms = 100
	sasl.client.callback.handler.class = null
	sasl.jaas.config = [hidden]
	sasl.kerberos.kinit.cmd = /usr/bin/kinit
	sasl.kerberos.min.time.before.relogin = 60000
	sasl.kerberos.service.name = null
	sasl.kerberos.ticket.renew.jitter = 0.05
	sasl.kerberos.ticket.renew.window.factor = 0.8
	sasl.login.callback.handler.class = null
	sasl.login.class = null
	sasl.login.connect.timeout.ms = null
	sasl.login.read.timeout.ms = null
	sasl.login.refresh.buffer.seconds = 300
	sasl.login.refresh.min.period.seconds = 60
	sasl.login.refresh.window.factor = 0.8
	sasl.login.refresh.window.jitter = 0.05
	sasl.login.retry.backoff.max.ms = 10000
	sasl.login.retry.backoff.ms = 100
	sasl.mechanism = PLAIN
	sasl.oauthbearer.clock.skew.seconds = 30
	sasl.oauthbearer.expected.audience = null
	sasl.oauthbearer.expected.issuer = null
	sasl.oauthbearer.jwks.endpoint.refresh.ms = 3600000
	sasl.oauthbearer.jwks.endpoint.retry.backoff.max.ms = 10000
	sasl.oauthbearer.jwks.endpoint.retry.backoff.ms = 100
	sasl.oauthbearer.jwks.endpoint.url = null
	sasl.oauthbearer.scope.claim.name = scope
	sasl.oauthbearer.sub.claim.name = sub
	sasl.oauthbearer.token.endpoint.url = null
	security.protocol = PLAINTEXT
	security.providers = null
	send.buffer.bytes = 131072
	session.timeout.ms = 45000
	socket.connection.setup.timeout.max.ms = 30000
	socket.connection.setup.timeout.ms = 10000
	ssl.cipher.suites = null
	ssl.enabled.protocols = [TLSv1.2, TLSv1.3]
	ssl.endpoint.identification.algorithm = https
	ssl.engine.factory.class = null
	ssl.key.password = null
	ssl.keymanager.algorithm = SunX509
	ssl.keystore.certificate.chain = null
	ssl.keystore.key = null
	ssl.keystore.location = null
	ssl.keystore.password = null
	ssl.keystore.type = JKS
	ssl.protocol = TLSv1.3
	ssl.provider = null
	ssl.secure.random.implementation = null
	ssl.trustmanager.algorithm = PKIX
	ssl.truststore.certificates = null
	ssl.truststore.location = null
	ssl.truststore.password = null
	ssl.truststore.type = JKS
	value.deserializer = class org.apache.kafka.common.serialization.ByteArrayDeserializer

2025-11-09 03:24:00 [Executor task launch worker for task 0.0 in stage 1.0 (TID 1)] INFO  o.a.k.c.consumer.ConsumerConfig - These configurations '[sasl.jaas.config]' were supplied but are not used yet.
2025-11-09 03:24:00 [Executor task launch worker for task 0.0 in stage 1.0 (TID 1)] INFO  o.a.kafka.common.utils.AppInfoParser - Kafka version: 3.5.1
2025-11-09 03:24:00 [Executor task launch worker for task 0.0 in stage 1.0 (TID 1)] INFO  o.a.kafka.common.utils.AppInfoParser - Kafka commitId: 2c6fb6c54472e90a
2025-11-09 03:24:00 [Executor task launch worker for task 0.0 in stage 1.0 (TID 1)] INFO  o.a.kafka.common.utils.AppInfoParser - Kafka startTimeMs: 1762638840851
2025-11-09 03:24:00 [Executor task launch worker for task 0.0 in stage 1.0 (TID 1)] INFO  o.a.k.clients.consumer.KafkaConsumer - [Consumer clientId=consumer-spark-kafka-source-598d9184-ff11-4c8f-b55c-e51776cc2079--2111622232-executor-1, groupId=spark-kafka-source-598d9184-ff11-4c8f-b55c-e51776cc2079--2111622232-executor] Assigned to partition(s): transactions-0
2025-11-09 03:24:00 [Executor task launch worker for task 0.0 in stage 1.0 (TID 1)] INFO  o.a.k.clients.consumer.KafkaConsumer - [Consumer clientId=consumer-spark-kafka-source-598d9184-ff11-4c8f-b55c-e51776cc2079--2111622232-executor-1, groupId=spark-kafka-source-598d9184-ff11-4c8f-b55c-e51776cc2079--2111622232-executor] Seeking to offset 254 for partition transactions-0
2025-11-09 03:24:00 [Executor task launch worker for task 0.0 in stage 1.0 (TID 1)] INFO  org.apache.kafka.clients.Metadata - [Consumer clientId=consumer-spark-kafka-source-598d9184-ff11-4c8f-b55c-e51776cc2079--2111622232-executor-1, groupId=spark-kafka-source-598d9184-ff11-4c8f-b55c-e51776cc2079--2111622232-executor] Cluster ID: mtUCKzAxR3-wTZnL_mm4Eg
2025-11-09 03:24:00 [Executor task launch worker for task 0.0 in stage 1.0 (TID 1)] INFO  o.a.k.c.c.i.SubscriptionState - [Consumer clientId=consumer-spark-kafka-source-598d9184-ff11-4c8f-b55c-e51776cc2079--2111622232-executor-1, groupId=spark-kafka-source-598d9184-ff11-4c8f-b55c-e51776cc2079--2111622232-executor] Seeking to earliest offset of partition transactions-0
2025-11-09 03:24:00 [dispatcher-BlockManagerMaster] INFO  o.a.spark.storage.BlockManagerInfo - Removed broadcast_0_piece0 on 127.0.0.1:51276 in memory (size: 2036.0 B, free: 1048.8 MiB)
2025-11-09 03:24:01 [Executor task launch worker for task 0.0 in stage 1.0 (TID 1)] INFO  o.a.k.c.c.i.SubscriptionState - [Consumer clientId=consumer-spark-kafka-source-598d9184-ff11-4c8f-b55c-e51776cc2079--2111622232-executor-1, groupId=spark-kafka-source-598d9184-ff11-4c8f-b55c-e51776cc2079--2111622232-executor] Resetting offset for partition transactions-0 to position FetchPosition{offset=0, offsetEpoch=Optional.empty, currentLeader=LeaderAndEpoch{leader=Optional[localhost:9092 (id: 1 rack: null)], epoch=0}}.
2025-11-09 03:24:01 [Executor task launch worker for task 0.0 in stage 1.0 (TID 1)] INFO  o.a.k.c.c.i.SubscriptionState - [Consumer clientId=consumer-spark-kafka-source-598d9184-ff11-4c8f-b55c-e51776cc2079--2111622232-executor-1, groupId=spark-kafka-source-598d9184-ff11-4c8f-b55c-e51776cc2079--2111622232-executor] Seeking to latest offset of partition transactions-0
2025-11-09 03:24:01 [Executor task launch worker for task 0.0 in stage 1.0 (TID 1)] INFO  o.a.k.c.c.i.SubscriptionState - [Consumer clientId=consumer-spark-kafka-source-598d9184-ff11-4c8f-b55c-e51776cc2079--2111622232-executor-1, groupId=spark-kafka-source-598d9184-ff11-4c8f-b55c-e51776cc2079--2111622232-executor] Resetting offset for partition transactions-0 to position FetchPosition{offset=256, offsetEpoch=Optional.empty, currentLeader=LeaderAndEpoch{leader=Optional[localhost:9092 (id: 1 rack: null)], epoch=0}}.
2025-11-09 03:24:01 [Executor task launch worker for task 0.0 in stage 1.0 (TID 1)] INFO  o.a.s.s.e.d.v2.DataWritingSparkTask - Commit authorized for partition 0 (task 1, attempt 0, stage 1.0)
2025-11-09 03:24:01 [Executor task launch worker for task 0.0 in stage 1.0 (TID 1)] INFO  o.a.s.s.e.d.v2.DataWritingSparkTask - Committed partition 0 (task 1, attempt 0, stage 1.0)
2025-11-09 03:24:01 [Executor task launch worker for task 0.0 in stage 1.0 (TID 1)] INFO  org.apache.spark.executor.Executor - Finished task 0.0 in stage 1.0 (TID 1). 2223 bytes result sent to driver
2025-11-09 03:24:01 [task-result-getter-1] INFO  o.a.spark.scheduler.TaskSetManager - Finished task 0.0 in stage 1.0 (TID 1) in 810 ms on 192.168.1.6 (executor driver) (1/1)
2025-11-09 03:24:01 [task-result-getter-1] INFO  o.a.s.scheduler.TaskSchedulerImpl - Removed TaskSet 1.0, whose tasks have all completed, from pool 
2025-11-09 03:24:01 [dag-scheduler-event-loop] INFO  o.a.spark.scheduler.DAGScheduler - ResultStage 1 (start at FraudDetection.scala:66) finished in 0.837 s
2025-11-09 03:24:01 [dag-scheduler-event-loop] INFO  o.a.spark.scheduler.DAGScheduler - Job 1 is finished. Cancelling potential speculative or zombie tasks for this job
2025-11-09 03:24:01 [dag-scheduler-event-loop] INFO  o.a.s.scheduler.TaskSchedulerImpl - Killing all running tasks in stage 1: Stage finished
2025-11-09 03:24:01 [stream execution thread for [id = 7a53a007-fc5f-4b62-88f2-95a7e4acbf62, runId = 40354a01-ccb6-4dae-b705-87d59d863863]] INFO  o.a.spark.scheduler.DAGScheduler - Job 1 finished: start at FraudDetection.scala:66, took 0.839510 s
2025-11-09 03:24:01 [stream execution thread for [id = 7a53a007-fc5f-4b62-88f2-95a7e4acbf62, runId = 40354a01-ccb6-4dae-b705-87d59d863863]] INFO  o.a.s.s.e.d.v.WriteToDataSourceV2Exec - Data source write support MicroBatchWrite[epoch: 1, writer: ConsoleWriter[numRows=20, truncate=false]] is committing.
2025-11-09 03:24:01 [stream execution thread for [id = 7a53a007-fc5f-4b62-88f2-95a7e4acbf62, runId = 40354a01-ccb6-4dae-b705-87d59d863863]] INFO  o.a.s.s.c.e.codegen.CodeGenerator - Code generated in 6.4085 ms
2025-11-09 03:24:01 [stream execution thread for [id = 7a53a007-fc5f-4b62-88f2-95a7e4acbf62, runId = 40354a01-ccb6-4dae-b705-87d59d863863]] INFO  o.a.s.s.c.e.codegen.CodeGenerator - Code generated in 8.105625 ms
2025-11-09 03:24:01 [stream execution thread for [id = 7a53a007-fc5f-4b62-88f2-95a7e4acbf62, runId = 40354a01-ccb6-4dae-b705-87d59d863863]] INFO  o.a.s.s.e.d.v.WriteToDataSourceV2Exec - Data source write support MicroBatchWrite[epoch: 1, writer: ConsoleWriter[numRows=20, truncate=false]] committed.
2025-11-09 03:24:01 [stream execution thread for [id = 7a53a007-fc5f-4b62-88f2-95a7e4acbf62, runId = 40354a01-ccb6-4dae-b705-87d59d863863]] INFO  o.a.s.s.e.s.CheckpointFileManager - Writing atomically to file:/private/var/folders/d1/0lfypfw93vx8vhhstp40dlv40000gn/T/temporary-c0656fe9-68e0-4587-bcb3-94528327941d/commits/1 using temp file file:/private/var/folders/d1/0lfypfw93vx8vhhstp40dlv40000gn/T/temporary-c0656fe9-68e0-4587-bcb3-94528327941d/commits/.1.6371fb8e-0e99-4c1f-9e4c-8a2560563b82.tmp
2025-11-09 03:24:01 [stream execution thread for [id = 7a53a007-fc5f-4b62-88f2-95a7e4acbf62, runId = 40354a01-ccb6-4dae-b705-87d59d863863]] INFO  o.a.s.s.e.s.CheckpointFileManager - Renamed temp file file:/private/var/folders/d1/0lfypfw93vx8vhhstp40dlv40000gn/T/temporary-c0656fe9-68e0-4587-bcb3-94528327941d/commits/.1.6371fb8e-0e99-4c1f-9e4c-8a2560563b82.tmp to file:/private/var/folders/d1/0lfypfw93vx8vhhstp40dlv40000gn/T/temporary-c0656fe9-68e0-4587-bcb3-94528327941d/commits/1
2025-11-09 03:24:01 [stream execution thread for [id = 7a53a007-fc5f-4b62-88f2-95a7e4acbf62, runId = 40354a01-ccb6-4dae-b705-87d59d863863]] INFO  o.a.s.s.e.s.MicroBatchExecution - Streaming query made progress: {
  "id" : "7a53a007-fc5f-4b62-88f2-95a7e4acbf62",
  "runId" : "40354a01-ccb6-4dae-b705-87d59d863863",
  "name" : null,
  "timestamp" : "2025-11-08T21:54:00.553Z",
  "batchId" : 1,
  "numInputRows" : 1,
  "inputRowsPerSecond" : 0.6246096189881324,
  "processedRowsPerSecond" : 0.9505703422053231,
  "durationMs" : {
    "addBatch" : 910,
    "commitOffsets" : 39,
    "getBatch" : 0,
    "latestOffset" : 31,
    "queryPlanning" : 15,
    "triggerExecution" : 1052,
    "walCommit" : 55
  },
  "stateOperators" : [ ],
  "sources" : [ {
    "description" : "KafkaV2[Subscribe[transactions]]",
    "startOffset" : {
      "transactions" : {
        "0" : 254
      }
    },
    "endOffset" : {
      "transactions" : {
        "0" : 255
      }
    },
    "latestOffset" : {
      "transactions" : {
        "0" : 255
      }
    },
    "numInputRows" : 1,
    "inputRowsPerSecond" : 0.6246096189881324,
    "processedRowsPerSecond" : 0.9505703422053231,
    "metrics" : {
      "avgOffsetsBehindLatest" : "0.0",
      "maxOffsetsBehindLatest" : "0",
      "minOffsetsBehindLatest" : "0"
    }
  } ],
  "sink" : {
    "description" : "org.apache.spark.sql.execution.streaming.ConsoleTable$@6e4ae8d1",
    "numOutputRows" : 1
  }
}
2025-11-09 03:24:01 [stream execution thread for [id = 7a53a007-fc5f-4b62-88f2-95a7e4acbf62, runId = 40354a01-ccb6-4dae-b705-87d59d863863]] INFO  o.a.s.s.e.s.CheckpointFileManager - Writing atomically to file:/private/var/folders/d1/0lfypfw93vx8vhhstp40dlv40000gn/T/temporary-c0656fe9-68e0-4587-bcb3-94528327941d/offsets/2 using temp file file:/private/var/folders/d1/0lfypfw93vx8vhhstp40dlv40000gn/T/temporary-c0656fe9-68e0-4587-bcb3-94528327941d/offsets/.2.3497f885-812a-4b0b-8959-9aaa1caac8c6.tmp
2025-11-09 03:24:01 [stream execution thread for [id = 7a53a007-fc5f-4b62-88f2-95a7e4acbf62, runId = 40354a01-ccb6-4dae-b705-87d59d863863]] INFO  o.a.s.s.e.s.CheckpointFileManager - Renamed temp file file:/private/var/folders/d1/0lfypfw93vx8vhhstp40dlv40000gn/T/temporary-c0656fe9-68e0-4587-bcb3-94528327941d/offsets/.2.3497f885-812a-4b0b-8959-9aaa1caac8c6.tmp to file:/private/var/folders/d1/0lfypfw93vx8vhhstp40dlv40000gn/T/temporary-c0656fe9-68e0-4587-bcb3-94528327941d/offsets/2
2025-11-09 03:24:01 [stream execution thread for [id = 7a53a007-fc5f-4b62-88f2-95a7e4acbf62, runId = 40354a01-ccb6-4dae-b705-87d59d863863]] INFO  o.a.s.s.e.s.MicroBatchExecution - Committed offsets for batch 2. Metadata OffsetSeqMetadata(0,1762638841616,Map(spark.sql.streaming.stateStore.providerClass -> org.apache.spark.sql.execution.streaming.state.HDFSBackedStateStoreProvider, spark.sql.streaming.join.stateFormatVersion -> 2, spark.sql.streaming.stateStore.compression.codec -> lz4, spark.sql.streaming.stateStore.rocksdb.formatVersion -> 5, spark.sql.streaming.statefulOperator.useStrictDistribution -> true, spark.sql.streaming.flatMapGroupsWithState.stateFormatVersion -> 2, spark.sql.streaming.multipleWatermarkPolicy -> min, spark.sql.streaming.aggregation.stateFormatVersion -> 2, spark.sql.shuffle.partitions -> 200))
2025-11-09 03:24:01 [stream execution thread for [id = 7a53a007-fc5f-4b62-88f2-95a7e4acbf62, runId = 40354a01-ccb6-4dae-b705-87d59d863863]] INFO  o.a.s.s.k.KafkaOffsetReaderAdmin - Partitions added: Map()
2025-11-09 03:24:01 [stream execution thread for [id = 7a53a007-fc5f-4b62-88f2-95a7e4acbf62, runId = 40354a01-ccb6-4dae-b705-87d59d863863]] INFO  o.a.s.s.k.KafkaOffsetReaderAdmin - Partitions added: Map()
2025-11-09 03:24:01 [stream execution thread for [id = 7a53a007-fc5f-4b62-88f2-95a7e4acbf62, runId = 40354a01-ccb6-4dae-b705-87d59d863863]] INFO  o.a.s.s.k.KafkaOffsetReaderAdmin - Partitions added: Map()
2025-11-09 03:24:01 [stream execution thread for [id = 7a53a007-fc5f-4b62-88f2-95a7e4acbf62, runId = 40354a01-ccb6-4dae-b705-87d59d863863]] INFO  o.a.s.s.k.KafkaOffsetReaderAdmin - Partitions added: Map()
2025-11-09 03:24:01 [stream execution thread for [id = 7a53a007-fc5f-4b62-88f2-95a7e4acbf62, runId = 40354a01-ccb6-4dae-b705-87d59d863863]] INFO  o.a.s.s.k.KafkaOffsetReaderAdmin - Partitions added: Map()
2025-11-09 03:24:01 [stream execution thread for [id = 7a53a007-fc5f-4b62-88f2-95a7e4acbf62, runId = 40354a01-ccb6-4dae-b705-87d59d863863]] INFO  o.a.s.s.k.KafkaOffsetReaderAdmin - Partitions added: Map()
2025-11-09 03:24:01 [stream execution thread for [id = 7a53a007-fc5f-4b62-88f2-95a7e4acbf62, runId = 40354a01-ccb6-4dae-b705-87d59d863863]] INFO  o.a.s.s.e.d.v.WriteToDataSourceV2Exec - Start processing data source write support: MicroBatchWrite[epoch: 2, writer: ConsoleWriter[numRows=20, truncate=false]]. The input RDD has 1 partitions.
2025-11-09 03:24:01 [stream execution thread for [id = 7a53a007-fc5f-4b62-88f2-95a7e4acbf62, runId = 40354a01-ccb6-4dae-b705-87d59d863863]] INFO  org.apache.spark.SparkContext - Starting job: start at FraudDetection.scala:66
2025-11-09 03:24:01 [dag-scheduler-event-loop] INFO  o.a.spark.scheduler.DAGScheduler - Got job 2 (start at FraudDetection.scala:66) with 1 output partitions
2025-11-09 03:24:01 [dag-scheduler-event-loop] INFO  o.a.spark.scheduler.DAGScheduler - Final stage: ResultStage 2 (start at FraudDetection.scala:66)
2025-11-09 03:24:01 [dag-scheduler-event-loop] INFO  o.a.spark.scheduler.DAGScheduler - Parents of final stage: List()
2025-11-09 03:24:01 [dag-scheduler-event-loop] INFO  o.a.spark.scheduler.DAGScheduler - Missing parents: List()
2025-11-09 03:24:01 [dag-scheduler-event-loop] INFO  o.a.spark.scheduler.DAGScheduler - Submitting ResultStage 2 (MapPartitionsRDD[12] at start at FraudDetection.scala:66), which has no missing parents
2025-11-09 03:24:01 [dag-scheduler-event-loop] INFO  o.a.spark.storage.memory.MemoryStore - Block broadcast_2 stored as values in memory (estimated size 25.6 KiB, free 1048.7 MiB)
2025-11-09 03:24:01 [dag-scheduler-event-loop] INFO  o.a.spark.storage.memory.MemoryStore - Block broadcast_2_piece0 stored as bytes in memory (estimated size 11.7 KiB, free 1048.7 MiB)
2025-11-09 03:24:01 [dispatcher-BlockManagerMaster] INFO  o.a.spark.storage.BlockManagerInfo - Added broadcast_2_piece0 in memory on 127.0.0.1:51276 (size: 11.7 KiB, free: 1048.8 MiB)
2025-11-09 03:24:01 [dag-scheduler-event-loop] INFO  org.apache.spark.SparkContext - Created broadcast 2 from broadcast at DAGScheduler.scala:1535
2025-11-09 03:24:01 [dag-scheduler-event-loop] INFO  o.a.spark.scheduler.DAGScheduler - Submitting 1 missing tasks from ResultStage 2 (MapPartitionsRDD[12] at start at FraudDetection.scala:66) (first 15 tasks are for partitions Vector(0))
2025-11-09 03:24:01 [dag-scheduler-event-loop] INFO  o.a.s.scheduler.TaskSchedulerImpl - Adding task set 2.0 with 1 tasks resource profile 0
2025-11-09 03:24:01 [dispatcher-event-loop-7] INFO  o.a.spark.scheduler.TaskSetManager - Starting task 0.0 in stage 2.0 (TID 2) (192.168.1.6, executor driver, partition 0, PROCESS_LOCAL, 8476 bytes) 
2025-11-09 03:24:01 [Executor task launch worker for task 0.0 in stage 2.0 (TID 2)] INFO  org.apache.spark.executor.Executor - Running task 0.0 in stage 2.0 (TID 2)
2025-11-09 03:24:01 [Executor task launch worker for task 0.0 in stage 2.0 (TID 2)] INFO  o.a.s.s.e.d.v2.DataWritingSparkTask - Commit authorized for partition 0 (task 2, attempt 0, stage 2.0)
2025-11-09 03:24:01 [Executor task launch worker for task 0.0 in stage 2.0 (TID 2)] INFO  o.a.s.s.e.d.v2.DataWritingSparkTask - Committed partition 0 (task 2, attempt 0, stage 2.0)
2025-11-09 03:24:01 [Executor task launch worker for task 0.0 in stage 2.0 (TID 2)] INFO  org.apache.spark.executor.Executor - Finished task 0.0 in stage 2.0 (TID 2). 2180 bytes result sent to driver
2025-11-09 03:24:01 [task-result-getter-2] INFO  o.a.spark.scheduler.TaskSetManager - Finished task 0.0 in stage 2.0 (TID 2) in 12 ms on 192.168.1.6 (executor driver) (1/1)
2025-11-09 03:24:01 [task-result-getter-2] INFO  o.a.s.scheduler.TaskSchedulerImpl - Removed TaskSet 2.0, whose tasks have all completed, from pool 
2025-11-09 03:24:01 [dag-scheduler-event-loop] INFO  o.a.spark.scheduler.DAGScheduler - ResultStage 2 (start at FraudDetection.scala:66) finished in 0.017 s
2025-11-09 03:24:01 [dag-scheduler-event-loop] INFO  o.a.spark.scheduler.DAGScheduler - Job 2 is finished. Cancelling potential speculative or zombie tasks for this job
2025-11-09 03:24:01 [dag-scheduler-event-loop] INFO  o.a.s.scheduler.TaskSchedulerImpl - Killing all running tasks in stage 2: Stage finished
2025-11-09 03:24:01 [stream execution thread for [id = 7a53a007-fc5f-4b62-88f2-95a7e4acbf62, runId = 40354a01-ccb6-4dae-b705-87d59d863863]] INFO  o.a.spark.scheduler.DAGScheduler - Job 2 finished: start at FraudDetection.scala:66, took 0.018742 s
2025-11-09 03:24:01 [stream execution thread for [id = 7a53a007-fc5f-4b62-88f2-95a7e4acbf62, runId = 40354a01-ccb6-4dae-b705-87d59d863863]] INFO  o.a.s.s.e.d.v.WriteToDataSourceV2Exec - Data source write support MicroBatchWrite[epoch: 2, writer: ConsoleWriter[numRows=20, truncate=false]] is committing.
2025-11-09 03:24:01 [stream execution thread for [id = 7a53a007-fc5f-4b62-88f2-95a7e4acbf62, runId = 40354a01-ccb6-4dae-b705-87d59d863863]] INFO  o.a.s.s.e.d.v.WriteToDataSourceV2Exec - Data source write support MicroBatchWrite[epoch: 2, writer: ConsoleWriter[numRows=20, truncate=false]] committed.
2025-11-09 03:24:01 [stream execution thread for [id = 7a53a007-fc5f-4b62-88f2-95a7e4acbf62, runId = 40354a01-ccb6-4dae-b705-87d59d863863]] INFO  o.a.s.s.e.s.CheckpointFileManager - Writing atomically to file:/private/var/folders/d1/0lfypfw93vx8vhhstp40dlv40000gn/T/temporary-c0656fe9-68e0-4587-bcb3-94528327941d/commits/2 using temp file file:/private/var/folders/d1/0lfypfw93vx8vhhstp40dlv40000gn/T/temporary-c0656fe9-68e0-4587-bcb3-94528327941d/commits/.2.520e5ffc-4693-42e8-9b58-3d9aad95e426.tmp
2025-11-09 03:24:01 [stream execution thread for [id = 7a53a007-fc5f-4b62-88f2-95a7e4acbf62, runId = 40354a01-ccb6-4dae-b705-87d59d863863]] INFO  o.a.s.s.e.s.CheckpointFileManager - Renamed temp file file:/private/var/folders/d1/0lfypfw93vx8vhhstp40dlv40000gn/T/temporary-c0656fe9-68e0-4587-bcb3-94528327941d/commits/.2.520e5ffc-4693-42e8-9b58-3d9aad95e426.tmp to file:/private/var/folders/d1/0lfypfw93vx8vhhstp40dlv40000gn/T/temporary-c0656fe9-68e0-4587-bcb3-94528327941d/commits/2
2025-11-09 03:24:01 [stream execution thread for [id = 7a53a007-fc5f-4b62-88f2-95a7e4acbf62, runId = 40354a01-ccb6-4dae-b705-87d59d863863]] INFO  o.a.s.s.e.s.MicroBatchExecution - Streaming query made progress: {
  "id" : "7a53a007-fc5f-4b62-88f2-95a7e4acbf62",
  "runId" : "40354a01-ccb6-4dae-b705-87d59d863863",
  "name" : null,
  "timestamp" : "2025-11-08T21:54:01.606Z",
  "batchId" : 2,
  "numInputRows" : 1,
  "inputRowsPerSecond" : 0.9496676163342831,
  "processedRowsPerSecond" : 6.172839506172839,
  "durationMs" : {
    "addBatch" : 63,
    "commitOffsets" : 44,
    "getBatch" : 0,
    "latestOffset" : 10,
    "queryPlanning" : 10,
    "triggerExecution" : 162,
    "walCommit" : 34
  },
  "stateOperators" : [ ],
  "sources" : [ {
    "description" : "KafkaV2[Subscribe[transactions]]",
    "startOffset" : {
      "transactions" : {
        "0" : 255
      }
    },
    "endOffset" : {
      "transactions" : {
        "0" : 256
      }
    },
    "latestOffset" : {
      "transactions" : {
        "0" : 256
      }
    },
    "numInputRows" : 1,
    "inputRowsPerSecond" : 0.9496676163342831,
    "processedRowsPerSecond" : 6.172839506172839,
    "metrics" : {
      "avgOffsetsBehindLatest" : "0.0",
      "maxOffsetsBehindLatest" : "0",
      "minOffsetsBehindLatest" : "0"
    }
  } ],
  "sink" : {
    "description" : "org.apache.spark.sql.execution.streaming.ConsoleTable$@6e4ae8d1",
    "numOutputRows" : 1
  }
}
2025-11-09 03:24:01 [stream execution thread for [id = 7a53a007-fc5f-4b62-88f2-95a7e4acbf62, runId = 40354a01-ccb6-4dae-b705-87d59d863863]] INFO  o.a.s.s.e.s.CheckpointFileManager - Writing atomically to file:/private/var/folders/d1/0lfypfw93vx8vhhstp40dlv40000gn/T/temporary-c0656fe9-68e0-4587-bcb3-94528327941d/offsets/3 using temp file file:/private/var/folders/d1/0lfypfw93vx8vhhstp40dlv40000gn/T/temporary-c0656fe9-68e0-4587-bcb3-94528327941d/offsets/.3.9016ce25-8363-474a-b7bd-9980cbfb1691.tmp
2025-11-09 03:24:01 [stream execution thread for [id = 7a53a007-fc5f-4b62-88f2-95a7e4acbf62, runId = 40354a01-ccb6-4dae-b705-87d59d863863]] INFO  o.a.s.s.e.s.CheckpointFileManager - Renamed temp file file:/private/var/folders/d1/0lfypfw93vx8vhhstp40dlv40000gn/T/temporary-c0656fe9-68e0-4587-bcb3-94528327941d/offsets/.3.9016ce25-8363-474a-b7bd-9980cbfb1691.tmp to file:/private/var/folders/d1/0lfypfw93vx8vhhstp40dlv40000gn/T/temporary-c0656fe9-68e0-4587-bcb3-94528327941d/offsets/3
2025-11-09 03:24:01 [stream execution thread for [id = 7a53a007-fc5f-4b62-88f2-95a7e4acbf62, runId = 40354a01-ccb6-4dae-b705-87d59d863863]] INFO  o.a.s.s.e.s.MicroBatchExecution - Committed offsets for batch 3. Metadata OffsetSeqMetadata(0,1762638841779,Map(spark.sql.streaming.stateStore.providerClass -> org.apache.spark.sql.execution.streaming.state.HDFSBackedStateStoreProvider, spark.sql.streaming.join.stateFormatVersion -> 2, spark.sql.streaming.stateStore.compression.codec -> lz4, spark.sql.streaming.stateStore.rocksdb.formatVersion -> 5, spark.sql.streaming.statefulOperator.useStrictDistribution -> true, spark.sql.streaming.flatMapGroupsWithState.stateFormatVersion -> 2, spark.sql.streaming.multipleWatermarkPolicy -> min, spark.sql.streaming.aggregation.stateFormatVersion -> 2, spark.sql.shuffle.partitions -> 200))
2025-11-09 03:24:01 [stream execution thread for [id = 7a53a007-fc5f-4b62-88f2-95a7e4acbf62, runId = 40354a01-ccb6-4dae-b705-87d59d863863]] INFO  o.a.s.s.k.KafkaOffsetReaderAdmin - Partitions added: Map()
2025-11-09 03:24:01 [stream execution thread for [id = 7a53a007-fc5f-4b62-88f2-95a7e4acbf62, runId = 40354a01-ccb6-4dae-b705-87d59d863863]] INFO  o.a.s.s.k.KafkaOffsetReaderAdmin - Partitions added: Map()
2025-11-09 03:24:01 [stream execution thread for [id = 7a53a007-fc5f-4b62-88f2-95a7e4acbf62, runId = 40354a01-ccb6-4dae-b705-87d59d863863]] INFO  o.a.s.s.k.KafkaOffsetReaderAdmin - Partitions added: Map()
2025-11-09 03:24:01 [stream execution thread for [id = 7a53a007-fc5f-4b62-88f2-95a7e4acbf62, runId = 40354a01-ccb6-4dae-b705-87d59d863863]] INFO  o.a.s.s.k.KafkaOffsetReaderAdmin - Partitions added: Map()
2025-11-09 03:24:01 [stream execution thread for [id = 7a53a007-fc5f-4b62-88f2-95a7e4acbf62, runId = 40354a01-ccb6-4dae-b705-87d59d863863]] INFO  o.a.s.s.k.KafkaOffsetReaderAdmin - Partitions added: Map()
2025-11-09 03:24:01 [stream execution thread for [id = 7a53a007-fc5f-4b62-88f2-95a7e4acbf62, runId = 40354a01-ccb6-4dae-b705-87d59d863863]] INFO  o.a.s.s.k.KafkaOffsetReaderAdmin - Partitions added: Map()
2025-11-09 03:24:01 [stream execution thread for [id = 7a53a007-fc5f-4b62-88f2-95a7e4acbf62, runId = 40354a01-ccb6-4dae-b705-87d59d863863]] INFO  o.a.s.s.e.d.v.WriteToDataSourceV2Exec - Start processing data source write support: MicroBatchWrite[epoch: 3, writer: ConsoleWriter[numRows=20, truncate=false]]. The input RDD has 1 partitions.
2025-11-09 03:24:01 [stream execution thread for [id = 7a53a007-fc5f-4b62-88f2-95a7e4acbf62, runId = 40354a01-ccb6-4dae-b705-87d59d863863]] INFO  org.apache.spark.SparkContext - Starting job: start at FraudDetection.scala:66
2025-11-09 03:24:01 [dag-scheduler-event-loop] INFO  o.a.spark.scheduler.DAGScheduler - Got job 3 (start at FraudDetection.scala:66) with 1 output partitions
2025-11-09 03:24:01 [dag-scheduler-event-loop] INFO  o.a.spark.scheduler.DAGScheduler - Final stage: ResultStage 3 (start at FraudDetection.scala:66)
2025-11-09 03:24:01 [dag-scheduler-event-loop] INFO  o.a.spark.scheduler.DAGScheduler - Parents of final stage: List()
2025-11-09 03:24:01 [dag-scheduler-event-loop] INFO  o.a.spark.scheduler.DAGScheduler - Missing parents: List()
2025-11-09 03:24:01 [dag-scheduler-event-loop] INFO  o.a.spark.scheduler.DAGScheduler - Submitting ResultStage 3 (MapPartitionsRDD[16] at start at FraudDetection.scala:66), which has no missing parents
2025-11-09 03:24:01 [dag-scheduler-event-loop] INFO  o.a.spark.storage.memory.MemoryStore - Block broadcast_3 stored as values in memory (estimated size 25.6 KiB, free 1048.7 MiB)
2025-11-09 03:24:01 [dag-scheduler-event-loop] INFO  o.a.spark.storage.memory.MemoryStore - Block broadcast_3_piece0 stored as bytes in memory (estimated size 11.7 KiB, free 1048.7 MiB)
2025-11-09 03:24:01 [dispatcher-BlockManagerMaster] INFO  o.a.spark.storage.BlockManagerInfo - Added broadcast_3_piece0 in memory on 127.0.0.1:51276 (size: 11.7 KiB, free: 1048.8 MiB)
2025-11-09 03:24:01 [dag-scheduler-event-loop] INFO  org.apache.spark.SparkContext - Created broadcast 3 from broadcast at DAGScheduler.scala:1535
2025-11-09 03:24:01 [dag-scheduler-event-loop] INFO  o.a.spark.scheduler.DAGScheduler - Submitting 1 missing tasks from ResultStage 3 (MapPartitionsRDD[16] at start at FraudDetection.scala:66) (first 15 tasks are for partitions Vector(0))
2025-11-09 03:24:01 [dag-scheduler-event-loop] INFO  o.a.s.scheduler.TaskSchedulerImpl - Adding task set 3.0 with 1 tasks resource profile 0
2025-11-09 03:24:01 [dispatcher-event-loop-3] INFO  o.a.spark.scheduler.TaskSetManager - Starting task 0.0 in stage 3.0 (TID 3) (192.168.1.6, executor driver, partition 0, PROCESS_LOCAL, 8476 bytes) 
2025-11-09 03:24:01 [Executor task launch worker for task 0.0 in stage 3.0 (TID 3)] INFO  org.apache.spark.executor.Executor - Running task 0.0 in stage 3.0 (TID 3)
2025-11-09 03:24:01 [Executor task launch worker for task 0.0 in stage 3.0 (TID 3)] INFO  o.a.k.clients.consumer.KafkaConsumer - [Consumer clientId=consumer-spark-kafka-source-598d9184-ff11-4c8f-b55c-e51776cc2079--2111622232-executor-1, groupId=spark-kafka-source-598d9184-ff11-4c8f-b55c-e51776cc2079--2111622232-executor] Seeking to offset 256 for partition transactions-0
2025-11-09 03:24:01 [Executor task launch worker for task 0.0 in stage 3.0 (TID 3)] INFO  o.a.k.c.c.i.SubscriptionState - [Consumer clientId=consumer-spark-kafka-source-598d9184-ff11-4c8f-b55c-e51776cc2079--2111622232-executor-1, groupId=spark-kafka-source-598d9184-ff11-4c8f-b55c-e51776cc2079--2111622232-executor] Seeking to earliest offset of partition transactions-0
2025-11-09 03:24:02 [Executor task launch worker for task 0.0 in stage 3.0 (TID 3)] INFO  o.a.k.c.c.i.SubscriptionState - [Consumer clientId=consumer-spark-kafka-source-598d9184-ff11-4c8f-b55c-e51776cc2079--2111622232-executor-1, groupId=spark-kafka-source-598d9184-ff11-4c8f-b55c-e51776cc2079--2111622232-executor] Resetting offset for partition transactions-0 to position FetchPosition{offset=0, offsetEpoch=Optional.empty, currentLeader=LeaderAndEpoch{leader=Optional[localhost:9092 (id: 1 rack: null)], epoch=0}}.
2025-11-09 03:24:02 [Executor task launch worker for task 0.0 in stage 3.0 (TID 3)] INFO  o.a.k.c.c.i.SubscriptionState - [Consumer clientId=consumer-spark-kafka-source-598d9184-ff11-4c8f-b55c-e51776cc2079--2111622232-executor-1, groupId=spark-kafka-source-598d9184-ff11-4c8f-b55c-e51776cc2079--2111622232-executor] Seeking to latest offset of partition transactions-0
2025-11-09 03:24:02 [Executor task launch worker for task 0.0 in stage 3.0 (TID 3)] INFO  o.a.k.c.c.i.SubscriptionState - [Consumer clientId=consumer-spark-kafka-source-598d9184-ff11-4c8f-b55c-e51776cc2079--2111622232-executor-1, groupId=spark-kafka-source-598d9184-ff11-4c8f-b55c-e51776cc2079--2111622232-executor] Resetting offset for partition transactions-0 to position FetchPosition{offset=257, offsetEpoch=Optional.empty, currentLeader=LeaderAndEpoch{leader=Optional[localhost:9092 (id: 1 rack: null)], epoch=0}}.
2025-11-09 03:24:02 [Executor task launch worker for task 0.0 in stage 3.0 (TID 3)] INFO  o.a.s.s.e.d.v2.DataWritingSparkTask - Commit authorized for partition 0 (task 3, attempt 0, stage 3.0)
2025-11-09 03:24:02 [Executor task launch worker for task 0.0 in stage 3.0 (TID 3)] INFO  o.a.s.s.e.d.v2.DataWritingSparkTask - Committed partition 0 (task 3, attempt 0, stage 3.0)
2025-11-09 03:24:02 [Executor task launch worker for task 0.0 in stage 3.0 (TID 3)] INFO  org.apache.spark.executor.Executor - Finished task 0.0 in stage 3.0 (TID 3). 2180 bytes result sent to driver
2025-11-09 03:24:02 [task-result-getter-3] INFO  o.a.spark.scheduler.TaskSetManager - Finished task 0.0 in stage 3.0 (TID 3) in 541 ms on 192.168.1.6 (executor driver) (1/1)
2025-11-09 03:24:02 [task-result-getter-3] INFO  o.a.s.scheduler.TaskSchedulerImpl - Removed TaskSet 3.0, whose tasks have all completed, from pool 
2025-11-09 03:24:02 [dag-scheduler-event-loop] INFO  o.a.spark.scheduler.DAGScheduler - ResultStage 3 (start at FraudDetection.scala:66) finished in 0.547 s
2025-11-09 03:24:02 [dag-scheduler-event-loop] INFO  o.a.spark.scheduler.DAGScheduler - Job 3 is finished. Cancelling potential speculative or zombie tasks for this job
2025-11-09 03:24:02 [dag-scheduler-event-loop] INFO  o.a.s.scheduler.TaskSchedulerImpl - Killing all running tasks in stage 3: Stage finished
2025-11-09 03:24:02 [stream execution thread for [id = 7a53a007-fc5f-4b62-88f2-95a7e4acbf62, runId = 40354a01-ccb6-4dae-b705-87d59d863863]] INFO  o.a.spark.scheduler.DAGScheduler - Job 3 finished: start at FraudDetection.scala:66, took 0.549051 s
2025-11-09 03:24:02 [stream execution thread for [id = 7a53a007-fc5f-4b62-88f2-95a7e4acbf62, runId = 40354a01-ccb6-4dae-b705-87d59d863863]] INFO  o.a.s.s.e.d.v.WriteToDataSourceV2Exec - Data source write support MicroBatchWrite[epoch: 3, writer: ConsoleWriter[numRows=20, truncate=false]] is committing.
2025-11-09 03:24:02 [stream execution thread for [id = 7a53a007-fc5f-4b62-88f2-95a7e4acbf62, runId = 40354a01-ccb6-4dae-b705-87d59d863863]] INFO  o.a.s.s.e.d.v.WriteToDataSourceV2Exec - Data source write support MicroBatchWrite[epoch: 3, writer: ConsoleWriter[numRows=20, truncate=false]] committed.
2025-11-09 03:24:02 [stream execution thread for [id = 7a53a007-fc5f-4b62-88f2-95a7e4acbf62, runId = 40354a01-ccb6-4dae-b705-87d59d863863]] INFO  o.a.s.s.e.s.CheckpointFileManager - Writing atomically to file:/private/var/folders/d1/0lfypfw93vx8vhhstp40dlv40000gn/T/temporary-c0656fe9-68e0-4587-bcb3-94528327941d/commits/3 using temp file file:/private/var/folders/d1/0lfypfw93vx8vhhstp40dlv40000gn/T/temporary-c0656fe9-68e0-4587-bcb3-94528327941d/commits/.3.f8d2a9c2-3c36-46ce-a19a-afffea990812.tmp
2025-11-09 03:24:02 [stream execution thread for [id = 7a53a007-fc5f-4b62-88f2-95a7e4acbf62, runId = 40354a01-ccb6-4dae-b705-87d59d863863]] INFO  o.a.s.s.e.s.CheckpointFileManager - Renamed temp file file:/private/var/folders/d1/0lfypfw93vx8vhhstp40dlv40000gn/T/temporary-c0656fe9-68e0-4587-bcb3-94528327941d/commits/.3.f8d2a9c2-3c36-46ce-a19a-afffea990812.tmp to file:/private/var/folders/d1/0lfypfw93vx8vhhstp40dlv40000gn/T/temporary-c0656fe9-68e0-4587-bcb3-94528327941d/commits/3
2025-11-09 03:24:02 [stream execution thread for [id = 7a53a007-fc5f-4b62-88f2-95a7e4acbf62, runId = 40354a01-ccb6-4dae-b705-87d59d863863]] INFO  o.a.s.s.e.s.MicroBatchExecution - Streaming query made progress: {
  "id" : "7a53a007-fc5f-4b62-88f2-95a7e4acbf62",
  "runId" : "40354a01-ccb6-4dae-b705-87d59d863863",
  "name" : null,
  "timestamp" : "2025-11-08T21:54:01.769Z",
  "batchId" : 3,
  "numInputRows" : 1,
  "inputRowsPerSecond" : 6.134969325153374,
  "processedRowsPerSecond" : 1.4347202295552368,
  "durationMs" : {
    "addBatch" : 595,
    "commitOffsets" : 49,
    "getBatch" : 0,
    "latestOffset" : 10,
    "queryPlanning" : 9,
    "triggerExecution" : 697,
    "walCommit" : 34
  },
  "stateOperators" : [ ],
  "sources" : [ {
    "description" : "KafkaV2[Subscribe[transactions]]",
    "startOffset" : {
      "transactions" : {
        "0" : 256
      }
    },
    "endOffset" : {
      "transactions" : {
        "0" : 257
      }
    },
    "latestOffset" : {
      "transactions" : {
        "0" : 257
      }
    },
    "numInputRows" : 1,
    "inputRowsPerSecond" : 6.134969325153374,
    "processedRowsPerSecond" : 1.4347202295552368,
    "metrics" : {
      "avgOffsetsBehindLatest" : "0.0",
      "maxOffsetsBehindLatest" : "0",
      "minOffsetsBehindLatest" : "0"
    }
  } ],
  "sink" : {
    "description" : "org.apache.spark.sql.execution.streaming.ConsoleTable$@6e4ae8d1",
    "numOutputRows" : 1
  }
}
2025-11-09 03:24:02 [stream execution thread for [id = 7a53a007-fc5f-4b62-88f2-95a7e4acbf62, runId = 40354a01-ccb6-4dae-b705-87d59d863863]] INFO  o.a.s.s.e.s.CheckpointFileManager - Writing atomically to file:/private/var/folders/d1/0lfypfw93vx8vhhstp40dlv40000gn/T/temporary-c0656fe9-68e0-4587-bcb3-94528327941d/offsets/4 using temp file file:/private/var/folders/d1/0lfypfw93vx8vhhstp40dlv40000gn/T/temporary-c0656fe9-68e0-4587-bcb3-94528327941d/offsets/.4.76f96e63-8913-458b-91d9-a3d1dba70e18.tmp
2025-11-09 03:24:02 [stream execution thread for [id = 7a53a007-fc5f-4b62-88f2-95a7e4acbf62, runId = 40354a01-ccb6-4dae-b705-87d59d863863]] INFO  o.a.s.s.e.s.CheckpointFileManager - Renamed temp file file:/private/var/folders/d1/0lfypfw93vx8vhhstp40dlv40000gn/T/temporary-c0656fe9-68e0-4587-bcb3-94528327941d/offsets/.4.76f96e63-8913-458b-91d9-a3d1dba70e18.tmp to file:/private/var/folders/d1/0lfypfw93vx8vhhstp40dlv40000gn/T/temporary-c0656fe9-68e0-4587-bcb3-94528327941d/offsets/4
2025-11-09 03:24:02 [stream execution thread for [id = 7a53a007-fc5f-4b62-88f2-95a7e4acbf62, runId = 40354a01-ccb6-4dae-b705-87d59d863863]] INFO  o.a.s.s.e.s.MicroBatchExecution - Committed offsets for batch 4. Metadata OffsetSeqMetadata(0,1762638842722,Map(spark.sql.streaming.stateStore.providerClass -> org.apache.spark.sql.execution.streaming.state.HDFSBackedStateStoreProvider, spark.sql.streaming.join.stateFormatVersion -> 2, spark.sql.streaming.stateStore.compression.codec -> lz4, spark.sql.streaming.stateStore.rocksdb.formatVersion -> 5, spark.sql.streaming.statefulOperator.useStrictDistribution -> true, spark.sql.streaming.flatMapGroupsWithState.stateFormatVersion -> 2, spark.sql.streaming.multipleWatermarkPolicy -> min, spark.sql.streaming.aggregation.stateFormatVersion -> 2, spark.sql.shuffle.partitions -> 200))
2025-11-09 03:24:02 [stream execution thread for [id = 7a53a007-fc5f-4b62-88f2-95a7e4acbf62, runId = 40354a01-ccb6-4dae-b705-87d59d863863]] INFO  o.a.s.s.k.KafkaOffsetReaderAdmin - Partitions added: Map()
2025-11-09 03:24:02 [stream execution thread for [id = 7a53a007-fc5f-4b62-88f2-95a7e4acbf62, runId = 40354a01-ccb6-4dae-b705-87d59d863863]] INFO  o.a.s.s.k.KafkaOffsetReaderAdmin - Partitions added: Map()
2025-11-09 03:24:02 [stream execution thread for [id = 7a53a007-fc5f-4b62-88f2-95a7e4acbf62, runId = 40354a01-ccb6-4dae-b705-87d59d863863]] INFO  o.a.s.s.k.KafkaOffsetReaderAdmin - Partitions added: Map()
2025-11-09 03:24:02 [stream execution thread for [id = 7a53a007-fc5f-4b62-88f2-95a7e4acbf62, runId = 40354a01-ccb6-4dae-b705-87d59d863863]] INFO  o.a.s.s.k.KafkaOffsetReaderAdmin - Partitions added: Map()
2025-11-09 03:24:02 [stream execution thread for [id = 7a53a007-fc5f-4b62-88f2-95a7e4acbf62, runId = 40354a01-ccb6-4dae-b705-87d59d863863]] INFO  o.a.s.s.k.KafkaOffsetReaderAdmin - Partitions added: Map()
2025-11-09 03:24:02 [stream execution thread for [id = 7a53a007-fc5f-4b62-88f2-95a7e4acbf62, runId = 40354a01-ccb6-4dae-b705-87d59d863863]] INFO  o.a.s.s.k.KafkaOffsetReaderAdmin - Partitions added: Map()
2025-11-09 03:24:02 [stream execution thread for [id = 7a53a007-fc5f-4b62-88f2-95a7e4acbf62, runId = 40354a01-ccb6-4dae-b705-87d59d863863]] INFO  o.a.s.s.e.d.v.WriteToDataSourceV2Exec - Start processing data source write support: MicroBatchWrite[epoch: 4, writer: ConsoleWriter[numRows=20, truncate=false]]. The input RDD has 1 partitions.
2025-11-09 03:24:02 [stream execution thread for [id = 7a53a007-fc5f-4b62-88f2-95a7e4acbf62, runId = 40354a01-ccb6-4dae-b705-87d59d863863]] INFO  org.apache.spark.SparkContext - Starting job: start at FraudDetection.scala:66
2025-11-09 03:24:02 [dag-scheduler-event-loop] INFO  o.a.spark.scheduler.DAGScheduler - Got job 4 (start at FraudDetection.scala:66) with 1 output partitions
2025-11-09 03:24:02 [dag-scheduler-event-loop] INFO  o.a.spark.scheduler.DAGScheduler - Final stage: ResultStage 4 (start at FraudDetection.scala:66)
2025-11-09 03:24:02 [dag-scheduler-event-loop] INFO  o.a.spark.scheduler.DAGScheduler - Parents of final stage: List()
2025-11-09 03:24:02 [dag-scheduler-event-loop] INFO  o.a.spark.scheduler.DAGScheduler - Missing parents: List()
2025-11-09 03:24:02 [dag-scheduler-event-loop] INFO  o.a.spark.scheduler.DAGScheduler - Submitting ResultStage 4 (MapPartitionsRDD[20] at start at FraudDetection.scala:66), which has no missing parents
2025-11-09 03:24:02 [dag-scheduler-event-loop] INFO  o.a.spark.storage.memory.MemoryStore - Block broadcast_4 stored as values in memory (estimated size 25.6 KiB, free 1048.7 MiB)
2025-11-09 03:24:02 [dag-scheduler-event-loop] INFO  o.a.spark.storage.memory.MemoryStore - Block broadcast_4_piece0 stored as bytes in memory (estimated size 11.8 KiB, free 1048.7 MiB)
2025-11-09 03:24:02 [dispatcher-BlockManagerMaster] INFO  o.a.spark.storage.BlockManagerInfo - Added broadcast_4_piece0 in memory on 127.0.0.1:51276 (size: 11.8 KiB, free: 1048.8 MiB)
2025-11-09 03:24:02 [dag-scheduler-event-loop] INFO  org.apache.spark.SparkContext - Created broadcast 4 from broadcast at DAGScheduler.scala:1535
2025-11-09 03:24:02 [dag-scheduler-event-loop] INFO  o.a.spark.scheduler.DAGScheduler - Submitting 1 missing tasks from ResultStage 4 (MapPartitionsRDD[20] at start at FraudDetection.scala:66) (first 15 tasks are for partitions Vector(0))
2025-11-09 03:24:02 [dag-scheduler-event-loop] INFO  o.a.s.scheduler.TaskSchedulerImpl - Adding task set 4.0 with 1 tasks resource profile 0
2025-11-09 03:24:02 [dispatcher-event-loop-7] INFO  o.a.spark.scheduler.TaskSetManager - Starting task 0.0 in stage 4.0 (TID 4) (192.168.1.6, executor driver, partition 0, PROCESS_LOCAL, 8476 bytes) 
2025-11-09 03:24:02 [Executor task launch worker for task 0.0 in stage 4.0 (TID 4)] INFO  org.apache.spark.executor.Executor - Running task 0.0 in stage 4.0 (TID 4)
2025-11-09 03:24:02 [Executor task launch worker for task 0.0 in stage 4.0 (TID 4)] INFO  o.a.k.clients.consumer.KafkaConsumer - [Consumer clientId=consumer-spark-kafka-source-598d9184-ff11-4c8f-b55c-e51776cc2079--2111622232-executor-1, groupId=spark-kafka-source-598d9184-ff11-4c8f-b55c-e51776cc2079--2111622232-executor] Seeking to offset 257 for partition transactions-0
2025-11-09 03:24:02 [Executor task launch worker for task 0.0 in stage 4.0 (TID 4)] INFO  o.a.k.c.c.i.SubscriptionState - [Consumer clientId=consumer-spark-kafka-source-598d9184-ff11-4c8f-b55c-e51776cc2079--2111622232-executor-1, groupId=spark-kafka-source-598d9184-ff11-4c8f-b55c-e51776cc2079--2111622232-executor] Seeking to earliest offset of partition transactions-0
2025-11-09 03:24:03 [Executor task launch worker for task 0.0 in stage 4.0 (TID 4)] INFO  o.a.k.c.c.i.SubscriptionState - [Consumer clientId=consumer-spark-kafka-source-598d9184-ff11-4c8f-b55c-e51776cc2079--2111622232-executor-1, groupId=spark-kafka-source-598d9184-ff11-4c8f-b55c-e51776cc2079--2111622232-executor] Resetting offset for partition transactions-0 to position FetchPosition{offset=0, offsetEpoch=Optional.empty, currentLeader=LeaderAndEpoch{leader=Optional[localhost:9092 (id: 1 rack: null)], epoch=0}}.
2025-11-09 03:24:03 [Executor task launch worker for task 0.0 in stage 4.0 (TID 4)] INFO  o.a.k.c.c.i.SubscriptionState - [Consumer clientId=consumer-spark-kafka-source-598d9184-ff11-4c8f-b55c-e51776cc2079--2111622232-executor-1, groupId=spark-kafka-source-598d9184-ff11-4c8f-b55c-e51776cc2079--2111622232-executor] Seeking to latest offset of partition transactions-0
2025-11-09 03:24:03 [Executor task launch worker for task 0.0 in stage 4.0 (TID 4)] INFO  o.a.k.c.c.i.SubscriptionState - [Consumer clientId=consumer-spark-kafka-source-598d9184-ff11-4c8f-b55c-e51776cc2079--2111622232-executor-1, groupId=spark-kafka-source-598d9184-ff11-4c8f-b55c-e51776cc2079--2111622232-executor] Resetting offset for partition transactions-0 to position FetchPosition{offset=258, offsetEpoch=Optional.empty, currentLeader=LeaderAndEpoch{leader=Optional[localhost:9092 (id: 1 rack: null)], epoch=0}}.
2025-11-09 03:24:03 [Executor task launch worker for task 0.0 in stage 4.0 (TID 4)] INFO  o.a.s.s.e.d.v2.DataWritingSparkTask - Commit authorized for partition 0 (task 4, attempt 0, stage 4.0)
2025-11-09 03:24:03 [Executor task launch worker for task 0.0 in stage 4.0 (TID 4)] INFO  o.a.s.s.e.d.v2.DataWritingSparkTask - Committed partition 0 (task 4, attempt 0, stage 4.0)
2025-11-09 03:24:03 [Executor task launch worker for task 0.0 in stage 4.0 (TID 4)] INFO  org.apache.spark.executor.Executor - Finished task 0.0 in stage 4.0 (TID 4). 2180 bytes result sent to driver
2025-11-09 03:24:03 [task-result-getter-0] INFO  o.a.spark.scheduler.TaskSetManager - Finished task 0.0 in stage 4.0 (TID 4) in 534 ms on 192.168.1.6 (executor driver) (1/1)
2025-11-09 03:24:03 [task-result-getter-0] INFO  o.a.s.scheduler.TaskSchedulerImpl - Removed TaskSet 4.0, whose tasks have all completed, from pool 
2025-11-09 03:24:03 [dag-scheduler-event-loop] INFO  o.a.spark.scheduler.DAGScheduler - ResultStage 4 (start at FraudDetection.scala:66) finished in 0.540 s
2025-11-09 03:24:03 [dag-scheduler-event-loop] INFO  o.a.spark.scheduler.DAGScheduler - Job 4 is finished. Cancelling potential speculative or zombie tasks for this job
2025-11-09 03:24:03 [dag-scheduler-event-loop] INFO  o.a.s.scheduler.TaskSchedulerImpl - Killing all running tasks in stage 4: Stage finished
2025-11-09 03:24:03 [stream execution thread for [id = 7a53a007-fc5f-4b62-88f2-95a7e4acbf62, runId = 40354a01-ccb6-4dae-b705-87d59d863863]] INFO  o.a.spark.scheduler.DAGScheduler - Job 4 finished: start at FraudDetection.scala:66, took 0.541700 s
2025-11-09 03:24:03 [stream execution thread for [id = 7a53a007-fc5f-4b62-88f2-95a7e4acbf62, runId = 40354a01-ccb6-4dae-b705-87d59d863863]] INFO  o.a.s.s.e.d.v.WriteToDataSourceV2Exec - Data source write support MicroBatchWrite[epoch: 4, writer: ConsoleWriter[numRows=20, truncate=false]] is committing.
2025-11-09 03:24:03 [stream execution thread for [id = 7a53a007-fc5f-4b62-88f2-95a7e4acbf62, runId = 40354a01-ccb6-4dae-b705-87d59d863863]] INFO  o.a.s.s.e.d.v.WriteToDataSourceV2Exec - Data source write support MicroBatchWrite[epoch: 4, writer: ConsoleWriter[numRows=20, truncate=false]] committed.
2025-11-09 03:24:03 [stream execution thread for [id = 7a53a007-fc5f-4b62-88f2-95a7e4acbf62, runId = 40354a01-ccb6-4dae-b705-87d59d863863]] INFO  o.a.s.s.e.s.CheckpointFileManager - Writing atomically to file:/private/var/folders/d1/0lfypfw93vx8vhhstp40dlv40000gn/T/temporary-c0656fe9-68e0-4587-bcb3-94528327941d/commits/4 using temp file file:/private/var/folders/d1/0lfypfw93vx8vhhstp40dlv40000gn/T/temporary-c0656fe9-68e0-4587-bcb3-94528327941d/commits/.4.01a351cb-d66b-4d48-9490-b24b980699c6.tmp
2025-11-09 03:24:03 [stream execution thread for [id = 7a53a007-fc5f-4b62-88f2-95a7e4acbf62, runId = 40354a01-ccb6-4dae-b705-87d59d863863]] INFO  o.a.s.s.e.s.CheckpointFileManager - Renamed temp file file:/private/var/folders/d1/0lfypfw93vx8vhhstp40dlv40000gn/T/temporary-c0656fe9-68e0-4587-bcb3-94528327941d/commits/.4.01a351cb-d66b-4d48-9490-b24b980699c6.tmp to file:/private/var/folders/d1/0lfypfw93vx8vhhstp40dlv40000gn/T/temporary-c0656fe9-68e0-4587-bcb3-94528327941d/commits/4
2025-11-09 03:24:03 [stream execution thread for [id = 7a53a007-fc5f-4b62-88f2-95a7e4acbf62, runId = 40354a01-ccb6-4dae-b705-87d59d863863]] INFO  o.a.s.s.e.s.MicroBatchExecution - Streaming query made progress: {
  "id" : "7a53a007-fc5f-4b62-88f2-95a7e4acbf62",
  "runId" : "40354a01-ccb6-4dae-b705-87d59d863863",
  "name" : null,
  "timestamp" : "2025-11-08T21:54:02.716Z",
  "batchId" : 4,
  "numInputRows" : 1,
  "inputRowsPerSecond" : 52.631578947368425,
  "processedRowsPerSecond" : 1.4184397163120568,
  "durationMs" : {
    "addBatch" : 596,
    "commitOffsets" : 49,
    "getBatch" : 1,
    "latestOffset" : 6,
    "queryPlanning" : 10,
    "triggerExecution" : 705,
    "walCommit" : 42
  },
  "stateOperators" : [ ],
  "sources" : [ {
    "description" : "KafkaV2[Subscribe[transactions]]",
    "startOffset" : {
      "transactions" : {
        "0" : 257
      }
    },
    "endOffset" : {
      "transactions" : {
        "0" : 258
      }
    },
    "latestOffset" : {
      "transactions" : {
        "0" : 258
      }
    },
    "numInputRows" : 1,
    "inputRowsPerSecond" : 52.631578947368425,
    "processedRowsPerSecond" : 1.4184397163120568,
    "metrics" : {
      "avgOffsetsBehindLatest" : "0.0",
      "maxOffsetsBehindLatest" : "0",
      "minOffsetsBehindLatest" : "0"
    }
  } ],
  "sink" : {
    "description" : "org.apache.spark.sql.execution.streaming.ConsoleTable$@6e4ae8d1",
    "numOutputRows" : 1
  }
}
2025-11-09 03:24:03 [stream execution thread for [id = 7a53a007-fc5f-4b62-88f2-95a7e4acbf62, runId = 40354a01-ccb6-4dae-b705-87d59d863863]] INFO  o.a.s.s.e.s.CheckpointFileManager - Writing atomically to file:/private/var/folders/d1/0lfypfw93vx8vhhstp40dlv40000gn/T/temporary-c0656fe9-68e0-4587-bcb3-94528327941d/offsets/5 using temp file file:/private/var/folders/d1/0lfypfw93vx8vhhstp40dlv40000gn/T/temporary-c0656fe9-68e0-4587-bcb3-94528327941d/offsets/.5.6721efdd-8747-4550-b06b-677a57241145.tmp
2025-11-09 03:24:03 [stream execution thread for [id = 7a53a007-fc5f-4b62-88f2-95a7e4acbf62, runId = 40354a01-ccb6-4dae-b705-87d59d863863]] INFO  o.a.s.s.e.s.CheckpointFileManager - Renamed temp file file:/private/var/folders/d1/0lfypfw93vx8vhhstp40dlv40000gn/T/temporary-c0656fe9-68e0-4587-bcb3-94528327941d/offsets/.5.6721efdd-8747-4550-b06b-677a57241145.tmp to file:/private/var/folders/d1/0lfypfw93vx8vhhstp40dlv40000gn/T/temporary-c0656fe9-68e0-4587-bcb3-94528327941d/offsets/5
2025-11-09 03:24:03 [stream execution thread for [id = 7a53a007-fc5f-4b62-88f2-95a7e4acbf62, runId = 40354a01-ccb6-4dae-b705-87d59d863863]] INFO  o.a.s.s.e.s.MicroBatchExecution - Committed offsets for batch 5. Metadata OffsetSeqMetadata(0,1762638843737,Map(spark.sql.streaming.stateStore.providerClass -> org.apache.spark.sql.execution.streaming.state.HDFSBackedStateStoreProvider, spark.sql.streaming.join.stateFormatVersion -> 2, spark.sql.streaming.stateStore.compression.codec -> lz4, spark.sql.streaming.stateStore.rocksdb.formatVersion -> 5, spark.sql.streaming.statefulOperator.useStrictDistribution -> true, spark.sql.streaming.flatMapGroupsWithState.stateFormatVersion -> 2, spark.sql.streaming.multipleWatermarkPolicy -> min, spark.sql.streaming.aggregation.stateFormatVersion -> 2, spark.sql.shuffle.partitions -> 200))
2025-11-09 03:24:03 [stream execution thread for [id = 7a53a007-fc5f-4b62-88f2-95a7e4acbf62, runId = 40354a01-ccb6-4dae-b705-87d59d863863]] INFO  o.a.s.s.k.KafkaOffsetReaderAdmin - Partitions added: Map()
2025-11-09 03:24:03 [stream execution thread for [id = 7a53a007-fc5f-4b62-88f2-95a7e4acbf62, runId = 40354a01-ccb6-4dae-b705-87d59d863863]] INFO  o.a.s.s.k.KafkaOffsetReaderAdmin - Partitions added: Map()
2025-11-09 03:24:03 [stream execution thread for [id = 7a53a007-fc5f-4b62-88f2-95a7e4acbf62, runId = 40354a01-ccb6-4dae-b705-87d59d863863]] INFO  o.a.s.s.k.KafkaOffsetReaderAdmin - Partitions added: Map()
2025-11-09 03:24:03 [stream execution thread for [id = 7a53a007-fc5f-4b62-88f2-95a7e4acbf62, runId = 40354a01-ccb6-4dae-b705-87d59d863863]] INFO  o.a.s.s.k.KafkaOffsetReaderAdmin - Partitions added: Map()
2025-11-09 03:24:03 [stream execution thread for [id = 7a53a007-fc5f-4b62-88f2-95a7e4acbf62, runId = 40354a01-ccb6-4dae-b705-87d59d863863]] INFO  o.a.s.s.k.KafkaOffsetReaderAdmin - Partitions added: Map()
2025-11-09 03:24:03 [stream execution thread for [id = 7a53a007-fc5f-4b62-88f2-95a7e4acbf62, runId = 40354a01-ccb6-4dae-b705-87d59d863863]] INFO  o.a.s.s.k.KafkaOffsetReaderAdmin - Partitions added: Map()
2025-11-09 03:24:03 [stream execution thread for [id = 7a53a007-fc5f-4b62-88f2-95a7e4acbf62, runId = 40354a01-ccb6-4dae-b705-87d59d863863]] INFO  o.a.s.s.e.d.v.WriteToDataSourceV2Exec - Start processing data source write support: MicroBatchWrite[epoch: 5, writer: ConsoleWriter[numRows=20, truncate=false]]. The input RDD has 1 partitions.
2025-11-09 03:24:03 [stream execution thread for [id = 7a53a007-fc5f-4b62-88f2-95a7e4acbf62, runId = 40354a01-ccb6-4dae-b705-87d59d863863]] INFO  org.apache.spark.SparkContext - Starting job: start at FraudDetection.scala:66
2025-11-09 03:24:03 [dag-scheduler-event-loop] INFO  o.a.spark.scheduler.DAGScheduler - Got job 5 (start at FraudDetection.scala:66) with 1 output partitions
2025-11-09 03:24:03 [dag-scheduler-event-loop] INFO  o.a.spark.scheduler.DAGScheduler - Final stage: ResultStage 5 (start at FraudDetection.scala:66)
2025-11-09 03:24:03 [dag-scheduler-event-loop] INFO  o.a.spark.scheduler.DAGScheduler - Parents of final stage: List()
2025-11-09 03:24:03 [dag-scheduler-event-loop] INFO  o.a.spark.scheduler.DAGScheduler - Missing parents: List()
2025-11-09 03:24:03 [dag-scheduler-event-loop] INFO  o.a.spark.scheduler.DAGScheduler - Submitting ResultStage 5 (MapPartitionsRDD[24] at start at FraudDetection.scala:66), which has no missing parents
2025-11-09 03:24:03 [dag-scheduler-event-loop] INFO  o.a.spark.storage.memory.MemoryStore - Block broadcast_5 stored as values in memory (estimated size 25.6 KiB, free 1048.6 MiB)
2025-11-09 03:24:03 [dag-scheduler-event-loop] INFO  o.a.spark.storage.memory.MemoryStore - Block broadcast_5_piece0 stored as bytes in memory (estimated size 11.7 KiB, free 1048.6 MiB)
2025-11-09 03:24:03 [dispatcher-BlockManagerMaster] INFO  o.a.spark.storage.BlockManagerInfo - Added broadcast_5_piece0 in memory on 127.0.0.1:51276 (size: 11.7 KiB, free: 1048.7 MiB)
2025-11-09 03:24:03 [dag-scheduler-event-loop] INFO  org.apache.spark.SparkContext - Created broadcast 5 from broadcast at DAGScheduler.scala:1535
2025-11-09 03:24:03 [dag-scheduler-event-loop] INFO  o.a.spark.scheduler.DAGScheduler - Submitting 1 missing tasks from ResultStage 5 (MapPartitionsRDD[24] at start at FraudDetection.scala:66) (first 15 tasks are for partitions Vector(0))
2025-11-09 03:24:03 [dag-scheduler-event-loop] INFO  o.a.s.scheduler.TaskSchedulerImpl - Adding task set 5.0 with 1 tasks resource profile 0
2025-11-09 03:24:03 [dispatcher-event-loop-3] INFO  o.a.spark.scheduler.TaskSetManager - Starting task 0.0 in stage 5.0 (TID 5) (192.168.1.6, executor driver, partition 0, PROCESS_LOCAL, 8476 bytes) 
2025-11-09 03:24:03 [Executor task launch worker for task 0.0 in stage 5.0 (TID 5)] INFO  org.apache.spark.executor.Executor - Running task 0.0 in stage 5.0 (TID 5)
2025-11-09 03:24:03 [Executor task launch worker for task 0.0 in stage 5.0 (TID 5)] INFO  o.a.k.clients.consumer.KafkaConsumer - [Consumer clientId=consumer-spark-kafka-source-598d9184-ff11-4c8f-b55c-e51776cc2079--2111622232-executor-1, groupId=spark-kafka-source-598d9184-ff11-4c8f-b55c-e51776cc2079--2111622232-executor] Seeking to offset 258 for partition transactions-0
2025-11-09 03:24:03 [Executor task launch worker for task 0.0 in stage 5.0 (TID 5)] INFO  o.a.k.c.c.i.SubscriptionState - [Consumer clientId=consumer-spark-kafka-source-598d9184-ff11-4c8f-b55c-e51776cc2079--2111622232-executor-1, groupId=spark-kafka-source-598d9184-ff11-4c8f-b55c-e51776cc2079--2111622232-executor] Seeking to earliest offset of partition transactions-0
2025-11-09 03:24:04 [Executor task launch worker for task 0.0 in stage 5.0 (TID 5)] INFO  o.a.k.c.c.i.SubscriptionState - [Consumer clientId=consumer-spark-kafka-source-598d9184-ff11-4c8f-b55c-e51776cc2079--2111622232-executor-1, groupId=spark-kafka-source-598d9184-ff11-4c8f-b55c-e51776cc2079--2111622232-executor] Resetting offset for partition transactions-0 to position FetchPosition{offset=0, offsetEpoch=Optional.empty, currentLeader=LeaderAndEpoch{leader=Optional[localhost:9092 (id: 1 rack: null)], epoch=0}}.
2025-11-09 03:24:04 [Executor task launch worker for task 0.0 in stage 5.0 (TID 5)] INFO  o.a.k.c.c.i.SubscriptionState - [Consumer clientId=consumer-spark-kafka-source-598d9184-ff11-4c8f-b55c-e51776cc2079--2111622232-executor-1, groupId=spark-kafka-source-598d9184-ff11-4c8f-b55c-e51776cc2079--2111622232-executor] Seeking to latest offset of partition transactions-0
2025-11-09 03:24:04 [Executor task launch worker for task 0.0 in stage 5.0 (TID 5)] INFO  o.a.k.c.c.i.SubscriptionState - [Consumer clientId=consumer-spark-kafka-source-598d9184-ff11-4c8f-b55c-e51776cc2079--2111622232-executor-1, groupId=spark-kafka-source-598d9184-ff11-4c8f-b55c-e51776cc2079--2111622232-executor] Resetting offset for partition transactions-0 to position FetchPosition{offset=259, offsetEpoch=Optional.empty, currentLeader=LeaderAndEpoch{leader=Optional[localhost:9092 (id: 1 rack: null)], epoch=0}}.
2025-11-09 03:24:04 [Executor task launch worker for task 0.0 in stage 5.0 (TID 5)] INFO  o.a.s.s.e.d.v2.DataWritingSparkTask - Commit authorized for partition 0 (task 5, attempt 0, stage 5.0)
2025-11-09 03:24:04 [Executor task launch worker for task 0.0 in stage 5.0 (TID 5)] INFO  o.a.s.s.e.d.v2.DataWritingSparkTask - Committed partition 0 (task 5, attempt 0, stage 5.0)
2025-11-09 03:24:04 [Executor task launch worker for task 0.0 in stage 5.0 (TID 5)] INFO  org.apache.spark.executor.Executor - Finished task 0.0 in stage 5.0 (TID 5). 2223 bytes result sent to driver
2025-11-09 03:24:04 [task-result-getter-1] INFO  o.a.spark.scheduler.TaskSetManager - Finished task 0.0 in stage 5.0 (TID 5) in 540 ms on 192.168.1.6 (executor driver) (1/1)
2025-11-09 03:24:04 [task-result-getter-1] INFO  o.a.s.scheduler.TaskSchedulerImpl - Removed TaskSet 5.0, whose tasks have all completed, from pool 
2025-11-09 03:24:04 [dag-scheduler-event-loop] INFO  o.a.spark.scheduler.DAGScheduler - ResultStage 5 (start at FraudDetection.scala:66) finished in 0.544 s
2025-11-09 03:24:04 [dag-scheduler-event-loop] INFO  o.a.spark.scheduler.DAGScheduler - Job 5 is finished. Cancelling potential speculative or zombie tasks for this job
2025-11-09 03:24:04 [dag-scheduler-event-loop] INFO  o.a.s.scheduler.TaskSchedulerImpl - Killing all running tasks in stage 5: Stage finished
2025-11-09 03:24:04 [stream execution thread for [id = 7a53a007-fc5f-4b62-88f2-95a7e4acbf62, runId = 40354a01-ccb6-4dae-b705-87d59d863863]] INFO  o.a.spark.scheduler.DAGScheduler - Job 5 finished: start at FraudDetection.scala:66, took 0.545888 s
2025-11-09 03:24:04 [stream execution thread for [id = 7a53a007-fc5f-4b62-88f2-95a7e4acbf62, runId = 40354a01-ccb6-4dae-b705-87d59d863863]] INFO  o.a.s.s.e.d.v.WriteToDataSourceV2Exec - Data source write support MicroBatchWrite[epoch: 5, writer: ConsoleWriter[numRows=20, truncate=false]] is committing.
2025-11-09 03:24:04 [stream execution thread for [id = 7a53a007-fc5f-4b62-88f2-95a7e4acbf62, runId = 40354a01-ccb6-4dae-b705-87d59d863863]] INFO  o.a.s.s.e.d.v.WriteToDataSourceV2Exec - Data source write support MicroBatchWrite[epoch: 5, writer: ConsoleWriter[numRows=20, truncate=false]] committed.
2025-11-09 03:24:04 [stream execution thread for [id = 7a53a007-fc5f-4b62-88f2-95a7e4acbf62, runId = 40354a01-ccb6-4dae-b705-87d59d863863]] INFO  o.a.s.s.e.s.CheckpointFileManager - Writing atomically to file:/private/var/folders/d1/0lfypfw93vx8vhhstp40dlv40000gn/T/temporary-c0656fe9-68e0-4587-bcb3-94528327941d/commits/5 using temp file file:/private/var/folders/d1/0lfypfw93vx8vhhstp40dlv40000gn/T/temporary-c0656fe9-68e0-4587-bcb3-94528327941d/commits/.5.def139d7-dd3d-465a-8adf-3591218721e0.tmp
2025-11-09 03:24:04 [stream execution thread for [id = 7a53a007-fc5f-4b62-88f2-95a7e4acbf62, runId = 40354a01-ccb6-4dae-b705-87d59d863863]] INFO  o.a.s.s.e.s.CheckpointFileManager - Renamed temp file file:/private/var/folders/d1/0lfypfw93vx8vhhstp40dlv40000gn/T/temporary-c0656fe9-68e0-4587-bcb3-94528327941d/commits/.5.def139d7-dd3d-465a-8adf-3591218721e0.tmp to file:/private/var/folders/d1/0lfypfw93vx8vhhstp40dlv40000gn/T/temporary-c0656fe9-68e0-4587-bcb3-94528327941d/commits/5
2025-11-09 03:24:04 [stream execution thread for [id = 7a53a007-fc5f-4b62-88f2-95a7e4acbf62, runId = 40354a01-ccb6-4dae-b705-87d59d863863]] INFO  o.a.s.s.e.s.MicroBatchExecution - Streaming query made progress: {
  "id" : "7a53a007-fc5f-4b62-88f2-95a7e4acbf62",
  "runId" : "40354a01-ccb6-4dae-b705-87d59d863863",
  "name" : null,
  "timestamp" : "2025-11-08T21:54:03.729Z",
  "batchId" : 5,
  "numInputRows" : 1,
  "inputRowsPerSecond" : 55.55555555555556,
  "processedRowsPerSecond" : 1.4204545454545456,
  "durationMs" : {
    "addBatch" : 594,
    "commitOffsets" : 52,
    "getBatch" : 0,
    "latestOffset" : 8,
    "queryPlanning" : 12,
    "triggerExecution" : 704,
    "walCommit" : 38
  },
  "stateOperators" : [ ],
  "sources" : [ {
    "description" : "KafkaV2[Subscribe[transactions]]",
    "startOffset" : {
      "transactions" : {
        "0" : 258
      }
    },
    "endOffset" : {
      "transactions" : {
        "0" : 259
      }
    },
    "latestOffset" : {
      "transactions" : {
        "0" : 259
      }
    },
    "numInputRows" : 1,
    "inputRowsPerSecond" : 55.55555555555556,
    "processedRowsPerSecond" : 1.4204545454545456,
    "metrics" : {
      "avgOffsetsBehindLatest" : "0.0",
      "maxOffsetsBehindLatest" : "0",
      "minOffsetsBehindLatest" : "0"
    }
  } ],
  "sink" : {
    "description" : "org.apache.spark.sql.execution.streaming.ConsoleTable$@6e4ae8d1",
    "numOutputRows" : 1
  }
}
2025-11-09 03:24:04 [stream execution thread for [id = 7a53a007-fc5f-4b62-88f2-95a7e4acbf62, runId = 40354a01-ccb6-4dae-b705-87d59d863863]] INFO  o.a.s.s.e.s.CheckpointFileManager - Writing atomically to file:/private/var/folders/d1/0lfypfw93vx8vhhstp40dlv40000gn/T/temporary-c0656fe9-68e0-4587-bcb3-94528327941d/offsets/6 using temp file file:/private/var/folders/d1/0lfypfw93vx8vhhstp40dlv40000gn/T/temporary-c0656fe9-68e0-4587-bcb3-94528327941d/offsets/.6.d564e43d-e28a-4b18-9150-db43fba503c3.tmp
2025-11-09 03:24:04 [stream execution thread for [id = 7a53a007-fc5f-4b62-88f2-95a7e4acbf62, runId = 40354a01-ccb6-4dae-b705-87d59d863863]] INFO  o.a.s.s.e.s.CheckpointFileManager - Renamed temp file file:/private/var/folders/d1/0lfypfw93vx8vhhstp40dlv40000gn/T/temporary-c0656fe9-68e0-4587-bcb3-94528327941d/offsets/.6.d564e43d-e28a-4b18-9150-db43fba503c3.tmp to file:/private/var/folders/d1/0lfypfw93vx8vhhstp40dlv40000gn/T/temporary-c0656fe9-68e0-4587-bcb3-94528327941d/offsets/6
2025-11-09 03:24:04 [stream execution thread for [id = 7a53a007-fc5f-4b62-88f2-95a7e4acbf62, runId = 40354a01-ccb6-4dae-b705-87d59d863863]] INFO  o.a.s.s.e.s.MicroBatchExecution - Committed offsets for batch 6. Metadata OffsetSeqMetadata(0,1762638844731,Map(spark.sql.streaming.stateStore.providerClass -> org.apache.spark.sql.execution.streaming.state.HDFSBackedStateStoreProvider, spark.sql.streaming.join.stateFormatVersion -> 2, spark.sql.streaming.stateStore.compression.codec -> lz4, spark.sql.streaming.stateStore.rocksdb.formatVersion -> 5, spark.sql.streaming.statefulOperator.useStrictDistribution -> true, spark.sql.streaming.flatMapGroupsWithState.stateFormatVersion -> 2, spark.sql.streaming.multipleWatermarkPolicy -> min, spark.sql.streaming.aggregation.stateFormatVersion -> 2, spark.sql.shuffle.partitions -> 200))
2025-11-09 03:24:04 [stream execution thread for [id = 7a53a007-fc5f-4b62-88f2-95a7e4acbf62, runId = 40354a01-ccb6-4dae-b705-87d59d863863]] INFO  o.a.s.s.k.KafkaOffsetReaderAdmin - Partitions added: Map()
2025-11-09 03:24:04 [stream execution thread for [id = 7a53a007-fc5f-4b62-88f2-95a7e4acbf62, runId = 40354a01-ccb6-4dae-b705-87d59d863863]] INFO  o.a.s.s.k.KafkaOffsetReaderAdmin - Partitions added: Map()
2025-11-09 03:24:04 [stream execution thread for [id = 7a53a007-fc5f-4b62-88f2-95a7e4acbf62, runId = 40354a01-ccb6-4dae-b705-87d59d863863]] INFO  o.a.s.s.k.KafkaOffsetReaderAdmin - Partitions added: Map()
2025-11-09 03:24:04 [stream execution thread for [id = 7a53a007-fc5f-4b62-88f2-95a7e4acbf62, runId = 40354a01-ccb6-4dae-b705-87d59d863863]] INFO  o.a.s.s.k.KafkaOffsetReaderAdmin - Partitions added: Map()
2025-11-09 03:24:04 [stream execution thread for [id = 7a53a007-fc5f-4b62-88f2-95a7e4acbf62, runId = 40354a01-ccb6-4dae-b705-87d59d863863]] INFO  o.a.s.s.k.KafkaOffsetReaderAdmin - Partitions added: Map()
2025-11-09 03:24:04 [stream execution thread for [id = 7a53a007-fc5f-4b62-88f2-95a7e4acbf62, runId = 40354a01-ccb6-4dae-b705-87d59d863863]] INFO  o.a.s.s.k.KafkaOffsetReaderAdmin - Partitions added: Map()
2025-11-09 03:24:04 [stream execution thread for [id = 7a53a007-fc5f-4b62-88f2-95a7e4acbf62, runId = 40354a01-ccb6-4dae-b705-87d59d863863]] INFO  o.a.s.s.e.d.v.WriteToDataSourceV2Exec - Start processing data source write support: MicroBatchWrite[epoch: 6, writer: ConsoleWriter[numRows=20, truncate=false]]. The input RDD has 1 partitions.
2025-11-09 03:24:04 [stream execution thread for [id = 7a53a007-fc5f-4b62-88f2-95a7e4acbf62, runId = 40354a01-ccb6-4dae-b705-87d59d863863]] INFO  org.apache.spark.SparkContext - Starting job: start at FraudDetection.scala:66
2025-11-09 03:24:04 [dag-scheduler-event-loop] INFO  o.a.spark.scheduler.DAGScheduler - Got job 6 (start at FraudDetection.scala:66) with 1 output partitions
2025-11-09 03:24:04 [dag-scheduler-event-loop] INFO  o.a.spark.scheduler.DAGScheduler - Final stage: ResultStage 6 (start at FraudDetection.scala:66)
2025-11-09 03:24:04 [dag-scheduler-event-loop] INFO  o.a.spark.scheduler.DAGScheduler - Parents of final stage: List()
2025-11-09 03:24:04 [dag-scheduler-event-loop] INFO  o.a.spark.scheduler.DAGScheduler - Missing parents: List()
2025-11-09 03:24:04 [dag-scheduler-event-loop] INFO  o.a.spark.scheduler.DAGScheduler - Submitting ResultStage 6 (MapPartitionsRDD[28] at start at FraudDetection.scala:66), which has no missing parents
2025-11-09 03:24:04 [dag-scheduler-event-loop] INFO  o.a.spark.storage.memory.MemoryStore - Block broadcast_6 stored as values in memory (estimated size 25.6 KiB, free 1048.6 MiB)
2025-11-09 03:24:04 [dag-scheduler-event-loop] INFO  o.a.spark.storage.memory.MemoryStore - Block broadcast_6_piece0 stored as bytes in memory (estimated size 11.7 KiB, free 1048.6 MiB)
2025-11-09 03:24:04 [dispatcher-BlockManagerMaster] INFO  o.a.spark.storage.BlockManagerInfo - Added broadcast_6_piece0 in memory on 127.0.0.1:51276 (size: 11.7 KiB, free: 1048.7 MiB)
2025-11-09 03:24:04 [dag-scheduler-event-loop] INFO  org.apache.spark.SparkContext - Created broadcast 6 from broadcast at DAGScheduler.scala:1535
2025-11-09 03:24:04 [dag-scheduler-event-loop] INFO  o.a.spark.scheduler.DAGScheduler - Submitting 1 missing tasks from ResultStage 6 (MapPartitionsRDD[28] at start at FraudDetection.scala:66) (first 15 tasks are for partitions Vector(0))
2025-11-09 03:24:04 [dag-scheduler-event-loop] INFO  o.a.s.scheduler.TaskSchedulerImpl - Adding task set 6.0 with 1 tasks resource profile 0
2025-11-09 03:24:04 [dispatcher-event-loop-7] INFO  o.a.spark.scheduler.TaskSetManager - Starting task 0.0 in stage 6.0 (TID 6) (192.168.1.6, executor driver, partition 0, PROCESS_LOCAL, 8476 bytes) 
2025-11-09 03:24:04 [Executor task launch worker for task 0.0 in stage 6.0 (TID 6)] INFO  org.apache.spark.executor.Executor - Running task 0.0 in stage 6.0 (TID 6)
2025-11-09 03:24:04 [Executor task launch worker for task 0.0 in stage 6.0 (TID 6)] INFO  o.a.k.clients.consumer.KafkaConsumer - [Consumer clientId=consumer-spark-kafka-source-598d9184-ff11-4c8f-b55c-e51776cc2079--2111622232-executor-1, groupId=spark-kafka-source-598d9184-ff11-4c8f-b55c-e51776cc2079--2111622232-executor] Seeking to offset 259 for partition transactions-0
2025-11-09 03:24:04 [dispatcher-BlockManagerMaster] INFO  o.a.spark.storage.BlockManagerInfo - Removed broadcast_2_piece0 on 127.0.0.1:51276 in memory (size: 11.7 KiB, free: 1048.7 MiB)
2025-11-09 03:24:04 [dispatcher-BlockManagerMaster] INFO  o.a.spark.storage.BlockManagerInfo - Removed broadcast_5_piece0 on 127.0.0.1:51276 in memory (size: 11.7 KiB, free: 1048.8 MiB)
2025-11-09 03:24:04 [Executor task launch worker for task 0.0 in stage 6.0 (TID 6)] INFO  o.a.k.c.c.i.SubscriptionState - [Consumer clientId=consumer-spark-kafka-source-598d9184-ff11-4c8f-b55c-e51776cc2079--2111622232-executor-1, groupId=spark-kafka-source-598d9184-ff11-4c8f-b55c-e51776cc2079--2111622232-executor] Seeking to earliest offset of partition transactions-0
2025-11-09 03:24:04 [dispatcher-BlockManagerMaster] INFO  o.a.spark.storage.BlockManagerInfo - Removed broadcast_1_piece0 on 127.0.0.1:51276 in memory (size: 11.7 KiB, free: 1048.8 MiB)
2025-11-09 03:24:04 [dispatcher-BlockManagerMaster] INFO  o.a.spark.storage.BlockManagerInfo - Removed broadcast_3_piece0 on 127.0.0.1:51276 in memory (size: 11.7 KiB, free: 1048.8 MiB)
2025-11-09 03:24:04 [dispatcher-BlockManagerMaster] INFO  o.a.spark.storage.BlockManagerInfo - Removed broadcast_4_piece0 on 127.0.0.1:51276 in memory (size: 11.8 KiB, free: 1048.8 MiB)
2025-11-09 03:24:05 [Executor task launch worker for task 0.0 in stage 6.0 (TID 6)] INFO  o.a.k.c.c.i.SubscriptionState - [Consumer clientId=consumer-spark-kafka-source-598d9184-ff11-4c8f-b55c-e51776cc2079--2111622232-executor-1, groupId=spark-kafka-source-598d9184-ff11-4c8f-b55c-e51776cc2079--2111622232-executor] Resetting offset for partition transactions-0 to position FetchPosition{offset=0, offsetEpoch=Optional.empty, currentLeader=LeaderAndEpoch{leader=Optional[localhost:9092 (id: 1 rack: null)], epoch=0}}.
2025-11-09 03:24:05 [Executor task launch worker for task 0.0 in stage 6.0 (TID 6)] INFO  o.a.k.c.c.i.SubscriptionState - [Consumer clientId=consumer-spark-kafka-source-598d9184-ff11-4c8f-b55c-e51776cc2079--2111622232-executor-1, groupId=spark-kafka-source-598d9184-ff11-4c8f-b55c-e51776cc2079--2111622232-executor] Seeking to latest offset of partition transactions-0
2025-11-09 03:24:05 [Executor task launch worker for task 0.0 in stage 6.0 (TID 6)] INFO  o.a.k.c.c.i.SubscriptionState - [Consumer clientId=consumer-spark-kafka-source-598d9184-ff11-4c8f-b55c-e51776cc2079--2111622232-executor-1, groupId=spark-kafka-source-598d9184-ff11-4c8f-b55c-e51776cc2079--2111622232-executor] Resetting offset for partition transactions-0 to position FetchPosition{offset=260, offsetEpoch=Optional.empty, currentLeader=LeaderAndEpoch{leader=Optional[localhost:9092 (id: 1 rack: null)], epoch=0}}.
2025-11-09 03:24:05 [Executor task launch worker for task 0.0 in stage 6.0 (TID 6)] INFO  o.a.s.s.e.d.v2.DataWritingSparkTask - Commit authorized for partition 0 (task 6, attempt 0, stage 6.0)
2025-11-09 03:24:05 [Executor task launch worker for task 0.0 in stage 6.0 (TID 6)] INFO  o.a.s.s.e.d.v2.DataWritingSparkTask - Committed partition 0 (task 6, attempt 0, stage 6.0)
2025-11-09 03:24:05 [Executor task launch worker for task 0.0 in stage 6.0 (TID 6)] INFO  org.apache.spark.executor.Executor - Finished task 0.0 in stage 6.0 (TID 6). 2223 bytes result sent to driver
2025-11-09 03:24:05 [task-result-getter-2] INFO  o.a.spark.scheduler.TaskSetManager - Finished task 0.0 in stage 6.0 (TID 6) in 536 ms on 192.168.1.6 (executor driver) (1/1)
2025-11-09 03:24:05 [task-result-getter-2] INFO  o.a.s.scheduler.TaskSchedulerImpl - Removed TaskSet 6.0, whose tasks have all completed, from pool 
2025-11-09 03:24:05 [dag-scheduler-event-loop] INFO  o.a.spark.scheduler.DAGScheduler - ResultStage 6 (start at FraudDetection.scala:66) finished in 0.540 s
2025-11-09 03:24:05 [dag-scheduler-event-loop] INFO  o.a.spark.scheduler.DAGScheduler - Job 6 is finished. Cancelling potential speculative or zombie tasks for this job
2025-11-09 03:24:05 [dag-scheduler-event-loop] INFO  o.a.s.scheduler.TaskSchedulerImpl - Killing all running tasks in stage 6: Stage finished
2025-11-09 03:24:05 [stream execution thread for [id = 7a53a007-fc5f-4b62-88f2-95a7e4acbf62, runId = 40354a01-ccb6-4dae-b705-87d59d863863]] INFO  o.a.spark.scheduler.DAGScheduler - Job 6 finished: start at FraudDetection.scala:66, took 0.542563 s
2025-11-09 03:24:05 [stream execution thread for [id = 7a53a007-fc5f-4b62-88f2-95a7e4acbf62, runId = 40354a01-ccb6-4dae-b705-87d59d863863]] INFO  o.a.s.s.e.d.v.WriteToDataSourceV2Exec - Data source write support MicroBatchWrite[epoch: 6, writer: ConsoleWriter[numRows=20, truncate=false]] is committing.
2025-11-09 03:24:05 [stream execution thread for [id = 7a53a007-fc5f-4b62-88f2-95a7e4acbf62, runId = 40354a01-ccb6-4dae-b705-87d59d863863]] INFO  o.a.s.s.e.d.v.WriteToDataSourceV2Exec - Data source write support MicroBatchWrite[epoch: 6, writer: ConsoleWriter[numRows=20, truncate=false]] committed.
2025-11-09 03:24:05 [stream execution thread for [id = 7a53a007-fc5f-4b62-88f2-95a7e4acbf62, runId = 40354a01-ccb6-4dae-b705-87d59d863863]] INFO  o.a.s.s.e.s.CheckpointFileManager - Writing atomically to file:/private/var/folders/d1/0lfypfw93vx8vhhstp40dlv40000gn/T/temporary-c0656fe9-68e0-4587-bcb3-94528327941d/commits/6 using temp file file:/private/var/folders/d1/0lfypfw93vx8vhhstp40dlv40000gn/T/temporary-c0656fe9-68e0-4587-bcb3-94528327941d/commits/.6.019b78cb-5e76-44ec-a409-7118e181c54d.tmp
2025-11-09 03:24:05 [stream execution thread for [id = 7a53a007-fc5f-4b62-88f2-95a7e4acbf62, runId = 40354a01-ccb6-4dae-b705-87d59d863863]] INFO  o.a.s.s.e.s.CheckpointFileManager - Renamed temp file file:/private/var/folders/d1/0lfypfw93vx8vhhstp40dlv40000gn/T/temporary-c0656fe9-68e0-4587-bcb3-94528327941d/commits/.6.019b78cb-5e76-44ec-a409-7118e181c54d.tmp to file:/private/var/folders/d1/0lfypfw93vx8vhhstp40dlv40000gn/T/temporary-c0656fe9-68e0-4587-bcb3-94528327941d/commits/6
2025-11-09 03:24:05 [stream execution thread for [id = 7a53a007-fc5f-4b62-88f2-95a7e4acbf62, runId = 40354a01-ccb6-4dae-b705-87d59d863863]] INFO  o.a.s.s.e.s.MicroBatchExecution - Streaming query made progress: {
  "id" : "7a53a007-fc5f-4b62-88f2-95a7e4acbf62",
  "runId" : "40354a01-ccb6-4dae-b705-87d59d863863",
  "name" : null,
  "timestamp" : "2025-11-08T21:54:04.726Z",
  "batchId" : 6,
  "numInputRows" : 1,
  "inputRowsPerSecond" : 55.55555555555556,
  "processedRowsPerSecond" : 1.4265335235378032,
  "durationMs" : {
    "addBatch" : 591,
    "commitOffsets" : 51,
    "getBatch" : 0,
    "latestOffset" : 5,
    "queryPlanning" : 8,
    "triggerExecution" : 701,
    "walCommit" : 45
  },
  "stateOperators" : [ ],
  "sources" : [ {
    "description" : "KafkaV2[Subscribe[transactions]]",
    "startOffset" : {
      "transactions" : {
        "0" : 259
      }
    },
    "endOffset" : {
      "transactions" : {
        "0" : 260
      }
    },
    "latestOffset" : {
      "transactions" : {
        "0" : 260
      }
    },
    "numInputRows" : 1,
    "inputRowsPerSecond" : 55.55555555555556,
    "processedRowsPerSecond" : 1.4265335235378032,
    "metrics" : {
      "avgOffsetsBehindLatest" : "0.0",
      "maxOffsetsBehindLatest" : "0",
      "minOffsetsBehindLatest" : "0"
    }
  } ],
  "sink" : {
    "description" : "org.apache.spark.sql.execution.streaming.ConsoleTable$@6e4ae8d1",
    "numOutputRows" : 1
  }
}
2025-11-09 03:24:05 [stream execution thread for [id = 7a53a007-fc5f-4b62-88f2-95a7e4acbf62, runId = 40354a01-ccb6-4dae-b705-87d59d863863]] INFO  o.a.s.s.e.s.CheckpointFileManager - Writing atomically to file:/private/var/folders/d1/0lfypfw93vx8vhhstp40dlv40000gn/T/temporary-c0656fe9-68e0-4587-bcb3-94528327941d/offsets/7 using temp file file:/private/var/folders/d1/0lfypfw93vx8vhhstp40dlv40000gn/T/temporary-c0656fe9-68e0-4587-bcb3-94528327941d/offsets/.7.af534bcb-b54c-4206-827e-fb06f7a73dc9.tmp
2025-11-09 03:24:05 [stream execution thread for [id = 7a53a007-fc5f-4b62-88f2-95a7e4acbf62, runId = 40354a01-ccb6-4dae-b705-87d59d863863]] INFO  o.a.s.s.e.s.CheckpointFileManager - Renamed temp file file:/private/var/folders/d1/0lfypfw93vx8vhhstp40dlv40000gn/T/temporary-c0656fe9-68e0-4587-bcb3-94528327941d/offsets/.7.af534bcb-b54c-4206-827e-fb06f7a73dc9.tmp to file:/private/var/folders/d1/0lfypfw93vx8vhhstp40dlv40000gn/T/temporary-c0656fe9-68e0-4587-bcb3-94528327941d/offsets/7
2025-11-09 03:24:05 [stream execution thread for [id = 7a53a007-fc5f-4b62-88f2-95a7e4acbf62, runId = 40354a01-ccb6-4dae-b705-87d59d863863]] INFO  o.a.s.s.e.s.MicroBatchExecution - Committed offsets for batch 7. Metadata OffsetSeqMetadata(0,1762638845728,Map(spark.sql.streaming.stateStore.providerClass -> org.apache.spark.sql.execution.streaming.state.HDFSBackedStateStoreProvider, spark.sql.streaming.join.stateFormatVersion -> 2, spark.sql.streaming.stateStore.compression.codec -> lz4, spark.sql.streaming.stateStore.rocksdb.formatVersion -> 5, spark.sql.streaming.statefulOperator.useStrictDistribution -> true, spark.sql.streaming.flatMapGroupsWithState.stateFormatVersion -> 2, spark.sql.streaming.multipleWatermarkPolicy -> min, spark.sql.streaming.aggregation.stateFormatVersion -> 2, spark.sql.shuffle.partitions -> 200))
2025-11-09 03:24:05 [stream execution thread for [id = 7a53a007-fc5f-4b62-88f2-95a7e4acbf62, runId = 40354a01-ccb6-4dae-b705-87d59d863863]] INFO  o.a.s.s.k.KafkaOffsetReaderAdmin - Partitions added: Map()
2025-11-09 03:24:05 [stream execution thread for [id = 7a53a007-fc5f-4b62-88f2-95a7e4acbf62, runId = 40354a01-ccb6-4dae-b705-87d59d863863]] INFO  o.a.s.s.k.KafkaOffsetReaderAdmin - Partitions added: Map()
2025-11-09 03:24:05 [stream execution thread for [id = 7a53a007-fc5f-4b62-88f2-95a7e4acbf62, runId = 40354a01-ccb6-4dae-b705-87d59d863863]] INFO  o.a.s.s.k.KafkaOffsetReaderAdmin - Partitions added: Map()
2025-11-09 03:24:05 [stream execution thread for [id = 7a53a007-fc5f-4b62-88f2-95a7e4acbf62, runId = 40354a01-ccb6-4dae-b705-87d59d863863]] INFO  o.a.s.s.k.KafkaOffsetReaderAdmin - Partitions added: Map()
2025-11-09 03:24:05 [stream execution thread for [id = 7a53a007-fc5f-4b62-88f2-95a7e4acbf62, runId = 40354a01-ccb6-4dae-b705-87d59d863863]] INFO  o.a.s.s.k.KafkaOffsetReaderAdmin - Partitions added: Map()
2025-11-09 03:24:05 [stream execution thread for [id = 7a53a007-fc5f-4b62-88f2-95a7e4acbf62, runId = 40354a01-ccb6-4dae-b705-87d59d863863]] INFO  o.a.s.s.k.KafkaOffsetReaderAdmin - Partitions added: Map()
2025-11-09 03:24:05 [stream execution thread for [id = 7a53a007-fc5f-4b62-88f2-95a7e4acbf62, runId = 40354a01-ccb6-4dae-b705-87d59d863863]] INFO  o.a.s.s.e.d.v.WriteToDataSourceV2Exec - Start processing data source write support: MicroBatchWrite[epoch: 7, writer: ConsoleWriter[numRows=20, truncate=false]]. The input RDD has 1 partitions.
2025-11-09 03:24:05 [stream execution thread for [id = 7a53a007-fc5f-4b62-88f2-95a7e4acbf62, runId = 40354a01-ccb6-4dae-b705-87d59d863863]] INFO  org.apache.spark.SparkContext - Starting job: start at FraudDetection.scala:66
2025-11-09 03:24:05 [dag-scheduler-event-loop] INFO  o.a.spark.scheduler.DAGScheduler - Got job 7 (start at FraudDetection.scala:66) with 1 output partitions
2025-11-09 03:24:05 [dag-scheduler-event-loop] INFO  o.a.spark.scheduler.DAGScheduler - Final stage: ResultStage 7 (start at FraudDetection.scala:66)
2025-11-09 03:24:05 [dag-scheduler-event-loop] INFO  o.a.spark.scheduler.DAGScheduler - Parents of final stage: List()
2025-11-09 03:24:05 [dag-scheduler-event-loop] INFO  o.a.spark.scheduler.DAGScheduler - Missing parents: List()
2025-11-09 03:24:05 [dag-scheduler-event-loop] INFO  o.a.spark.scheduler.DAGScheduler - Submitting ResultStage 7 (MapPartitionsRDD[32] at start at FraudDetection.scala:66), which has no missing parents
2025-11-09 03:24:05 [dag-scheduler-event-loop] INFO  o.a.spark.storage.memory.MemoryStore - Block broadcast_7 stored as values in memory (estimated size 25.6 KiB, free 1048.7 MiB)
2025-11-09 03:24:05 [dag-scheduler-event-loop] INFO  o.a.spark.storage.memory.MemoryStore - Block broadcast_7_piece0 stored as bytes in memory (estimated size 11.8 KiB, free 1048.7 MiB)
2025-11-09 03:24:05 [dispatcher-BlockManagerMaster] INFO  o.a.spark.storage.BlockManagerInfo - Added broadcast_7_piece0 in memory on 127.0.0.1:51276 (size: 11.8 KiB, free: 1048.8 MiB)
2025-11-09 03:24:05 [dag-scheduler-event-loop] INFO  org.apache.spark.SparkContext - Created broadcast 7 from broadcast at DAGScheduler.scala:1535
2025-11-09 03:24:05 [dag-scheduler-event-loop] INFO  o.a.spark.scheduler.DAGScheduler - Submitting 1 missing tasks from ResultStage 7 (MapPartitionsRDD[32] at start at FraudDetection.scala:66) (first 15 tasks are for partitions Vector(0))
2025-11-09 03:24:05 [dag-scheduler-event-loop] INFO  o.a.s.scheduler.TaskSchedulerImpl - Adding task set 7.0 with 1 tasks resource profile 0
2025-11-09 03:24:05 [dispatcher-event-loop-3] INFO  o.a.spark.scheduler.TaskSetManager - Starting task 0.0 in stage 7.0 (TID 7) (192.168.1.6, executor driver, partition 0, PROCESS_LOCAL, 8476 bytes) 
2025-11-09 03:24:05 [Executor task launch worker for task 0.0 in stage 7.0 (TID 7)] INFO  org.apache.spark.executor.Executor - Running task 0.0 in stage 7.0 (TID 7)
2025-11-09 03:24:05 [Executor task launch worker for task 0.0 in stage 7.0 (TID 7)] INFO  o.a.k.clients.consumer.KafkaConsumer - [Consumer clientId=consumer-spark-kafka-source-598d9184-ff11-4c8f-b55c-e51776cc2079--2111622232-executor-1, groupId=spark-kafka-source-598d9184-ff11-4c8f-b55c-e51776cc2079--2111622232-executor] Seeking to offset 260 for partition transactions-0
2025-11-09 03:24:05 [Executor task launch worker for task 0.0 in stage 7.0 (TID 7)] INFO  o.a.k.c.c.i.SubscriptionState - [Consumer clientId=consumer-spark-kafka-source-598d9184-ff11-4c8f-b55c-e51776cc2079--2111622232-executor-1, groupId=spark-kafka-source-598d9184-ff11-4c8f-b55c-e51776cc2079--2111622232-executor] Seeking to earliest offset of partition transactions-0
2025-11-09 03:24:06 [Executor task launch worker for task 0.0 in stage 7.0 (TID 7)] INFO  o.a.k.c.c.i.SubscriptionState - [Consumer clientId=consumer-spark-kafka-source-598d9184-ff11-4c8f-b55c-e51776cc2079--2111622232-executor-1, groupId=spark-kafka-source-598d9184-ff11-4c8f-b55c-e51776cc2079--2111622232-executor] Resetting offset for partition transactions-0 to position FetchPosition{offset=0, offsetEpoch=Optional.empty, currentLeader=LeaderAndEpoch{leader=Optional[localhost:9092 (id: 1 rack: null)], epoch=0}}.
2025-11-09 03:24:06 [Executor task launch worker for task 0.0 in stage 7.0 (TID 7)] INFO  o.a.k.c.c.i.SubscriptionState - [Consumer clientId=consumer-spark-kafka-source-598d9184-ff11-4c8f-b55c-e51776cc2079--2111622232-executor-1, groupId=spark-kafka-source-598d9184-ff11-4c8f-b55c-e51776cc2079--2111622232-executor] Seeking to latest offset of partition transactions-0
2025-11-09 03:24:06 [Executor task launch worker for task 0.0 in stage 7.0 (TID 7)] INFO  o.a.k.c.c.i.SubscriptionState - [Consumer clientId=consumer-spark-kafka-source-598d9184-ff11-4c8f-b55c-e51776cc2079--2111622232-executor-1, groupId=spark-kafka-source-598d9184-ff11-4c8f-b55c-e51776cc2079--2111622232-executor] Resetting offset for partition transactions-0 to position FetchPosition{offset=261, offsetEpoch=Optional.empty, currentLeader=LeaderAndEpoch{leader=Optional[localhost:9092 (id: 1 rack: null)], epoch=0}}.
2025-11-09 03:24:06 [Executor task launch worker for task 0.0 in stage 7.0 (TID 7)] INFO  o.a.s.s.e.d.v2.DataWritingSparkTask - Commit authorized for partition 0 (task 7, attempt 0, stage 7.0)
2025-11-09 03:24:06 [Executor task launch worker for task 0.0 in stage 7.0 (TID 7)] INFO  o.a.s.s.e.d.v2.DataWritingSparkTask - Committed partition 0 (task 7, attempt 0, stage 7.0)
2025-11-09 03:24:06 [Executor task launch worker for task 0.0 in stage 7.0 (TID 7)] INFO  org.apache.spark.executor.Executor - Finished task 0.0 in stage 7.0 (TID 7). 2180 bytes result sent to driver
2025-11-09 03:24:06 [task-result-getter-3] INFO  o.a.spark.scheduler.TaskSetManager - Finished task 0.0 in stage 7.0 (TID 7) in 536 ms on 192.168.1.6 (executor driver) (1/1)
2025-11-09 03:24:06 [task-result-getter-3] INFO  o.a.s.scheduler.TaskSchedulerImpl - Removed TaskSet 7.0, whose tasks have all completed, from pool 
2025-11-09 03:24:06 [dag-scheduler-event-loop] INFO  o.a.spark.scheduler.DAGScheduler - ResultStage 7 (start at FraudDetection.scala:66) finished in 0.541 s
2025-11-09 03:24:06 [dag-scheduler-event-loop] INFO  o.a.spark.scheduler.DAGScheduler - Job 7 is finished. Cancelling potential speculative or zombie tasks for this job
2025-11-09 03:24:06 [dag-scheduler-event-loop] INFO  o.a.s.scheduler.TaskSchedulerImpl - Killing all running tasks in stage 7: Stage finished
2025-11-09 03:24:06 [stream execution thread for [id = 7a53a007-fc5f-4b62-88f2-95a7e4acbf62, runId = 40354a01-ccb6-4dae-b705-87d59d863863]] INFO  o.a.spark.scheduler.DAGScheduler - Job 7 finished: start at FraudDetection.scala:66, took 0.541885 s
2025-11-09 03:24:06 [stream execution thread for [id = 7a53a007-fc5f-4b62-88f2-95a7e4acbf62, runId = 40354a01-ccb6-4dae-b705-87d59d863863]] INFO  o.a.s.s.e.d.v.WriteToDataSourceV2Exec - Data source write support MicroBatchWrite[epoch: 7, writer: ConsoleWriter[numRows=20, truncate=false]] is committing.
2025-11-09 03:24:06 [stream execution thread for [id = 7a53a007-fc5f-4b62-88f2-95a7e4acbf62, runId = 40354a01-ccb6-4dae-b705-87d59d863863]] INFO  o.a.s.s.e.d.v.WriteToDataSourceV2Exec - Data source write support MicroBatchWrite[epoch: 7, writer: ConsoleWriter[numRows=20, truncate=false]] committed.
2025-11-09 03:24:06 [stream execution thread for [id = 7a53a007-fc5f-4b62-88f2-95a7e4acbf62, runId = 40354a01-ccb6-4dae-b705-87d59d863863]] INFO  o.a.s.s.e.s.CheckpointFileManager - Writing atomically to file:/private/var/folders/d1/0lfypfw93vx8vhhstp40dlv40000gn/T/temporary-c0656fe9-68e0-4587-bcb3-94528327941d/commits/7 using temp file file:/private/var/folders/d1/0lfypfw93vx8vhhstp40dlv40000gn/T/temporary-c0656fe9-68e0-4587-bcb3-94528327941d/commits/.7.074fa898-53de-4f74-8099-0eb92facfa02.tmp
2025-11-09 03:24:06 [stream execution thread for [id = 7a53a007-fc5f-4b62-88f2-95a7e4acbf62, runId = 40354a01-ccb6-4dae-b705-87d59d863863]] INFO  o.a.s.s.e.s.CheckpointFileManager - Renamed temp file file:/private/var/folders/d1/0lfypfw93vx8vhhstp40dlv40000gn/T/temporary-c0656fe9-68e0-4587-bcb3-94528327941d/commits/.7.074fa898-53de-4f74-8099-0eb92facfa02.tmp to file:/private/var/folders/d1/0lfypfw93vx8vhhstp40dlv40000gn/T/temporary-c0656fe9-68e0-4587-bcb3-94528327941d/commits/7
2025-11-09 03:24:06 [stream execution thread for [id = 7a53a007-fc5f-4b62-88f2-95a7e4acbf62, runId = 40354a01-ccb6-4dae-b705-87d59d863863]] INFO  o.a.s.s.e.s.MicroBatchExecution - Streaming query made progress: {
  "id" : "7a53a007-fc5f-4b62-88f2-95a7e4acbf62",
  "runId" : "40354a01-ccb6-4dae-b705-87d59d863863",
  "name" : null,
  "timestamp" : "2025-11-08T21:54:05.723Z",
  "batchId" : 7,
  "numInputRows" : 1,
  "inputRowsPerSecond" : 55.55555555555556,
  "processedRowsPerSecond" : 1.402524544179523,
  "durationMs" : {
    "addBatch" : 589,
    "commitOffsets" : 58,
    "getBatch" : 1,
    "latestOffset" : 5,
    "queryPlanning" : 8,
    "triggerExecution" : 713,
    "walCommit" : 52
  },
  "stateOperators" : [ ],
  "sources" : [ {
    "description" : "KafkaV2[Subscribe[transactions]]",
    "startOffset" : {
      "transactions" : {
        "0" : 260
      }
    },
    "endOffset" : {
      "transactions" : {
        "0" : 261
      }
    },
    "latestOffset" : {
      "transactions" : {
        "0" : 261
      }
    },
    "numInputRows" : 1,
    "inputRowsPerSecond" : 55.55555555555556,
    "processedRowsPerSecond" : 1.402524544179523,
    "metrics" : {
      "avgOffsetsBehindLatest" : "0.0",
      "maxOffsetsBehindLatest" : "0",
      "minOffsetsBehindLatest" : "0"
    }
  } ],
  "sink" : {
    "description" : "org.apache.spark.sql.execution.streaming.ConsoleTable$@6e4ae8d1",
    "numOutputRows" : 1
  }
}
2025-11-09 03:24:06 [stream execution thread for [id = 7a53a007-fc5f-4b62-88f2-95a7e4acbf62, runId = 40354a01-ccb6-4dae-b705-87d59d863863]] INFO  o.a.s.s.e.s.CheckpointFileManager - Writing atomically to file:/private/var/folders/d1/0lfypfw93vx8vhhstp40dlv40000gn/T/temporary-c0656fe9-68e0-4587-bcb3-94528327941d/offsets/8 using temp file file:/private/var/folders/d1/0lfypfw93vx8vhhstp40dlv40000gn/T/temporary-c0656fe9-68e0-4587-bcb3-94528327941d/offsets/.8.55614b94-4443-4e45-a14b-cbf0471548d1.tmp
2025-11-09 03:24:06 [stream execution thread for [id = 7a53a007-fc5f-4b62-88f2-95a7e4acbf62, runId = 40354a01-ccb6-4dae-b705-87d59d863863]] INFO  o.a.s.s.e.s.CheckpointFileManager - Renamed temp file file:/private/var/folders/d1/0lfypfw93vx8vhhstp40dlv40000gn/T/temporary-c0656fe9-68e0-4587-bcb3-94528327941d/offsets/.8.55614b94-4443-4e45-a14b-cbf0471548d1.tmp to file:/private/var/folders/d1/0lfypfw93vx8vhhstp40dlv40000gn/T/temporary-c0656fe9-68e0-4587-bcb3-94528327941d/offsets/8
2025-11-09 03:24:06 [stream execution thread for [id = 7a53a007-fc5f-4b62-88f2-95a7e4acbf62, runId = 40354a01-ccb6-4dae-b705-87d59d863863]] INFO  o.a.s.s.e.s.MicroBatchExecution - Committed offsets for batch 8. Metadata OffsetSeqMetadata(0,1762638846731,Map(spark.sql.streaming.stateStore.providerClass -> org.apache.spark.sql.execution.streaming.state.HDFSBackedStateStoreProvider, spark.sql.streaming.join.stateFormatVersion -> 2, spark.sql.streaming.stateStore.compression.codec -> lz4, spark.sql.streaming.stateStore.rocksdb.formatVersion -> 5, spark.sql.streaming.statefulOperator.useStrictDistribution -> true, spark.sql.streaming.flatMapGroupsWithState.stateFormatVersion -> 2, spark.sql.streaming.multipleWatermarkPolicy -> min, spark.sql.streaming.aggregation.stateFormatVersion -> 2, spark.sql.shuffle.partitions -> 200))
2025-11-09 03:24:06 [stream execution thread for [id = 7a53a007-fc5f-4b62-88f2-95a7e4acbf62, runId = 40354a01-ccb6-4dae-b705-87d59d863863]] INFO  o.a.s.s.k.KafkaOffsetReaderAdmin - Partitions added: Map()
2025-11-09 03:24:06 [stream execution thread for [id = 7a53a007-fc5f-4b62-88f2-95a7e4acbf62, runId = 40354a01-ccb6-4dae-b705-87d59d863863]] INFO  o.a.s.s.k.KafkaOffsetReaderAdmin - Partitions added: Map()
2025-11-09 03:24:06 [stream execution thread for [id = 7a53a007-fc5f-4b62-88f2-95a7e4acbf62, runId = 40354a01-ccb6-4dae-b705-87d59d863863]] INFO  o.a.s.s.k.KafkaOffsetReaderAdmin - Partitions added: Map()
2025-11-09 03:24:06 [stream execution thread for [id = 7a53a007-fc5f-4b62-88f2-95a7e4acbf62, runId = 40354a01-ccb6-4dae-b705-87d59d863863]] INFO  o.a.s.s.k.KafkaOffsetReaderAdmin - Partitions added: Map()
2025-11-09 03:24:06 [stream execution thread for [id = 7a53a007-fc5f-4b62-88f2-95a7e4acbf62, runId = 40354a01-ccb6-4dae-b705-87d59d863863]] INFO  o.a.s.s.k.KafkaOffsetReaderAdmin - Partitions added: Map()
2025-11-09 03:24:06 [stream execution thread for [id = 7a53a007-fc5f-4b62-88f2-95a7e4acbf62, runId = 40354a01-ccb6-4dae-b705-87d59d863863]] INFO  o.a.s.s.k.KafkaOffsetReaderAdmin - Partitions added: Map()
2025-11-09 03:24:06 [stream execution thread for [id = 7a53a007-fc5f-4b62-88f2-95a7e4acbf62, runId = 40354a01-ccb6-4dae-b705-87d59d863863]] INFO  o.a.s.s.e.d.v.WriteToDataSourceV2Exec - Start processing data source write support: MicroBatchWrite[epoch: 8, writer: ConsoleWriter[numRows=20, truncate=false]]. The input RDD has 1 partitions.
2025-11-09 03:24:06 [stream execution thread for [id = 7a53a007-fc5f-4b62-88f2-95a7e4acbf62, runId = 40354a01-ccb6-4dae-b705-87d59d863863]] INFO  org.apache.spark.SparkContext - Starting job: start at FraudDetection.scala:66
2025-11-09 03:24:06 [dag-scheduler-event-loop] INFO  o.a.spark.scheduler.DAGScheduler - Got job 8 (start at FraudDetection.scala:66) with 1 output partitions
2025-11-09 03:24:06 [dag-scheduler-event-loop] INFO  o.a.spark.scheduler.DAGScheduler - Final stage: ResultStage 8 (start at FraudDetection.scala:66)
2025-11-09 03:24:06 [dag-scheduler-event-loop] INFO  o.a.spark.scheduler.DAGScheduler - Parents of final stage: List()
2025-11-09 03:24:06 [dag-scheduler-event-loop] INFO  o.a.spark.scheduler.DAGScheduler - Missing parents: List()
2025-11-09 03:24:06 [dag-scheduler-event-loop] INFO  o.a.spark.scheduler.DAGScheduler - Submitting ResultStage 8 (MapPartitionsRDD[36] at start at FraudDetection.scala:66), which has no missing parents
2025-11-09 03:24:06 [dag-scheduler-event-loop] INFO  o.a.spark.storage.memory.MemoryStore - Block broadcast_8 stored as values in memory (estimated size 25.6 KiB, free 1048.7 MiB)
2025-11-09 03:24:06 [dag-scheduler-event-loop] INFO  o.a.spark.storage.memory.MemoryStore - Block broadcast_8_piece0 stored as bytes in memory (estimated size 11.8 KiB, free 1048.7 MiB)
2025-11-09 03:24:06 [dispatcher-BlockManagerMaster] INFO  o.a.spark.storage.BlockManagerInfo - Added broadcast_8_piece0 in memory on 127.0.0.1:51276 (size: 11.8 KiB, free: 1048.8 MiB)
2025-11-09 03:24:06 [dag-scheduler-event-loop] INFO  org.apache.spark.SparkContext - Created broadcast 8 from broadcast at DAGScheduler.scala:1535
2025-11-09 03:24:06 [dag-scheduler-event-loop] INFO  o.a.spark.scheduler.DAGScheduler - Submitting 1 missing tasks from ResultStage 8 (MapPartitionsRDD[36] at start at FraudDetection.scala:66) (first 15 tasks are for partitions Vector(0))
2025-11-09 03:24:06 [dag-scheduler-event-loop] INFO  o.a.s.scheduler.TaskSchedulerImpl - Adding task set 8.0 with 1 tasks resource profile 0
2025-11-09 03:24:06 [dispatcher-event-loop-7] INFO  o.a.spark.scheduler.TaskSetManager - Starting task 0.0 in stage 8.0 (TID 8) (192.168.1.6, executor driver, partition 0, PROCESS_LOCAL, 8476 bytes) 
2025-11-09 03:24:06 [Executor task launch worker for task 0.0 in stage 8.0 (TID 8)] INFO  org.apache.spark.executor.Executor - Running task 0.0 in stage 8.0 (TID 8)
2025-11-09 03:24:06 [Executor task launch worker for task 0.0 in stage 8.0 (TID 8)] INFO  o.a.k.clients.consumer.KafkaConsumer - [Consumer clientId=consumer-spark-kafka-source-598d9184-ff11-4c8f-b55c-e51776cc2079--2111622232-executor-1, groupId=spark-kafka-source-598d9184-ff11-4c8f-b55c-e51776cc2079--2111622232-executor] Seeking to offset 261 for partition transactions-0
2025-11-09 03:24:06 [Executor task launch worker for task 0.0 in stage 8.0 (TID 8)] INFO  o.a.k.c.c.i.SubscriptionState - [Consumer clientId=consumer-spark-kafka-source-598d9184-ff11-4c8f-b55c-e51776cc2079--2111622232-executor-1, groupId=spark-kafka-source-598d9184-ff11-4c8f-b55c-e51776cc2079--2111622232-executor] Seeking to earliest offset of partition transactions-0
2025-11-09 03:24:07 [Executor task launch worker for task 0.0 in stage 8.0 (TID 8)] INFO  o.a.k.c.c.i.SubscriptionState - [Consumer clientId=consumer-spark-kafka-source-598d9184-ff11-4c8f-b55c-e51776cc2079--2111622232-executor-1, groupId=spark-kafka-source-598d9184-ff11-4c8f-b55c-e51776cc2079--2111622232-executor] Resetting offset for partition transactions-0 to position FetchPosition{offset=0, offsetEpoch=Optional.empty, currentLeader=LeaderAndEpoch{leader=Optional[localhost:9092 (id: 1 rack: null)], epoch=0}}.
2025-11-09 03:24:07 [Executor task launch worker for task 0.0 in stage 8.0 (TID 8)] INFO  o.a.k.c.c.i.SubscriptionState - [Consumer clientId=consumer-spark-kafka-source-598d9184-ff11-4c8f-b55c-e51776cc2079--2111622232-executor-1, groupId=spark-kafka-source-598d9184-ff11-4c8f-b55c-e51776cc2079--2111622232-executor] Seeking to latest offset of partition transactions-0
2025-11-09 03:24:07 [Executor task launch worker for task 0.0 in stage 8.0 (TID 8)] INFO  o.a.k.c.c.i.SubscriptionState - [Consumer clientId=consumer-spark-kafka-source-598d9184-ff11-4c8f-b55c-e51776cc2079--2111622232-executor-1, groupId=spark-kafka-source-598d9184-ff11-4c8f-b55c-e51776cc2079--2111622232-executor] Resetting offset for partition transactions-0 to position FetchPosition{offset=262, offsetEpoch=Optional.empty, currentLeader=LeaderAndEpoch{leader=Optional[localhost:9092 (id: 1 rack: null)], epoch=0}}.
2025-11-09 03:24:07 [Executor task launch worker for task 0.0 in stage 8.0 (TID 8)] INFO  o.a.s.s.e.d.v2.DataWritingSparkTask - Commit authorized for partition 0 (task 8, attempt 0, stage 8.0)
2025-11-09 03:24:07 [Executor task launch worker for task 0.0 in stage 8.0 (TID 8)] INFO  o.a.s.s.e.d.v2.DataWritingSparkTask - Committed partition 0 (task 8, attempt 0, stage 8.0)
2025-11-09 03:24:07 [Executor task launch worker for task 0.0 in stage 8.0 (TID 8)] INFO  org.apache.spark.executor.Executor - Finished task 0.0 in stage 8.0 (TID 8). 2172 bytes result sent to driver
2025-11-09 03:24:07 [task-result-getter-0] INFO  o.a.spark.scheduler.TaskSetManager - Finished task 0.0 in stage 8.0 (TID 8) in 532 ms on 192.168.1.6 (executor driver) (1/1)
2025-11-09 03:24:07 [task-result-getter-0] INFO  o.a.s.scheduler.TaskSchedulerImpl - Removed TaskSet 8.0, whose tasks have all completed, from pool 
2025-11-09 03:24:07 [dag-scheduler-event-loop] INFO  o.a.spark.scheduler.DAGScheduler - ResultStage 8 (start at FraudDetection.scala:66) finished in 0.537 s
2025-11-09 03:24:07 [dag-scheduler-event-loop] INFO  o.a.spark.scheduler.DAGScheduler - Job 8 is finished. Cancelling potential speculative or zombie tasks for this job
2025-11-09 03:24:07 [dag-scheduler-event-loop] INFO  o.a.s.scheduler.TaskSchedulerImpl - Killing all running tasks in stage 8: Stage finished
2025-11-09 03:24:07 [stream execution thread for [id = 7a53a007-fc5f-4b62-88f2-95a7e4acbf62, runId = 40354a01-ccb6-4dae-b705-87d59d863863]] INFO  o.a.spark.scheduler.DAGScheduler - Job 8 finished: start at FraudDetection.scala:66, took 0.538897 s
2025-11-09 03:24:07 [stream execution thread for [id = 7a53a007-fc5f-4b62-88f2-95a7e4acbf62, runId = 40354a01-ccb6-4dae-b705-87d59d863863]] INFO  o.a.s.s.e.d.v.WriteToDataSourceV2Exec - Data source write support MicroBatchWrite[epoch: 8, writer: ConsoleWriter[numRows=20, truncate=false]] is committing.
2025-11-09 03:24:07 [stream execution thread for [id = 7a53a007-fc5f-4b62-88f2-95a7e4acbf62, runId = 40354a01-ccb6-4dae-b705-87d59d863863]] INFO  o.a.s.s.e.d.v.WriteToDataSourceV2Exec - Data source write support MicroBatchWrite[epoch: 8, writer: ConsoleWriter[numRows=20, truncate=false]] committed.
2025-11-09 03:24:07 [stream execution thread for [id = 7a53a007-fc5f-4b62-88f2-95a7e4acbf62, runId = 40354a01-ccb6-4dae-b705-87d59d863863]] INFO  o.a.s.s.e.s.CheckpointFileManager - Writing atomically to file:/private/var/folders/d1/0lfypfw93vx8vhhstp40dlv40000gn/T/temporary-c0656fe9-68e0-4587-bcb3-94528327941d/commits/8 using temp file file:/private/var/folders/d1/0lfypfw93vx8vhhstp40dlv40000gn/T/temporary-c0656fe9-68e0-4587-bcb3-94528327941d/commits/.8.b474ba8e-6845-4eb6-aee0-99f083645f2e.tmp
2025-11-09 03:24:07 [stream execution thread for [id = 7a53a007-fc5f-4b62-88f2-95a7e4acbf62, runId = 40354a01-ccb6-4dae-b705-87d59d863863]] INFO  o.a.s.s.e.s.CheckpointFileManager - Renamed temp file file:/private/var/folders/d1/0lfypfw93vx8vhhstp40dlv40000gn/T/temporary-c0656fe9-68e0-4587-bcb3-94528327941d/commits/.8.b474ba8e-6845-4eb6-aee0-99f083645f2e.tmp to file:/private/var/folders/d1/0lfypfw93vx8vhhstp40dlv40000gn/T/temporary-c0656fe9-68e0-4587-bcb3-94528327941d/commits/8
2025-11-09 03:24:07 [stream execution thread for [id = 7a53a007-fc5f-4b62-88f2-95a7e4acbf62, runId = 40354a01-ccb6-4dae-b705-87d59d863863]] INFO  o.a.s.s.e.s.MicroBatchExecution - Streaming query made progress: {
  "id" : "7a53a007-fc5f-4b62-88f2-95a7e4acbf62",
  "runId" : "40354a01-ccb6-4dae-b705-87d59d863863",
  "name" : null,
  "timestamp" : "2025-11-08T21:54:06.727Z",
  "batchId" : 8,
  "numInputRows" : 1,
  "inputRowsPerSecond" : 62.5,
  "processedRowsPerSecond" : 1.4771048744460855,
  "durationMs" : {
    "addBatch" : 579,
    "commitOffsets" : 50,
    "getBatch" : 0,
    "latestOffset" : 4,
    "queryPlanning" : 6,
    "triggerExecution" : 677,
    "walCommit" : 37
  },
  "stateOperators" : [ ],
  "sources" : [ {
    "description" : "KafkaV2[Subscribe[transactions]]",
    "startOffset" : {
      "transactions" : {
        "0" : 261
      }
    },
    "endOffset" : {
      "transactions" : {
        "0" : 262
      }
    },
    "latestOffset" : {
      "transactions" : {
        "0" : 262
      }
    },
    "numInputRows" : 1,
    "inputRowsPerSecond" : 62.5,
    "processedRowsPerSecond" : 1.4771048744460855,
    "metrics" : {
      "avgOffsetsBehindLatest" : "0.0",
      "maxOffsetsBehindLatest" : "0",
      "minOffsetsBehindLatest" : "0"
    }
  } ],
  "sink" : {
    "description" : "org.apache.spark.sql.execution.streaming.ConsoleTable$@6e4ae8d1",
    "numOutputRows" : 1
  }
}
2025-11-09 03:24:07 [stream execution thread for [id = 7a53a007-fc5f-4b62-88f2-95a7e4acbf62, runId = 40354a01-ccb6-4dae-b705-87d59d863863]] INFO  o.a.s.s.e.s.CheckpointFileManager - Writing atomically to file:/private/var/folders/d1/0lfypfw93vx8vhhstp40dlv40000gn/T/temporary-c0656fe9-68e0-4587-bcb3-94528327941d/offsets/9 using temp file file:/private/var/folders/d1/0lfypfw93vx8vhhstp40dlv40000gn/T/temporary-c0656fe9-68e0-4587-bcb3-94528327941d/offsets/.9.30ab0793-46c9-4cd6-8263-0de8caf2532a.tmp
2025-11-09 03:24:07 [stream execution thread for [id = 7a53a007-fc5f-4b62-88f2-95a7e4acbf62, runId = 40354a01-ccb6-4dae-b705-87d59d863863]] INFO  o.a.s.s.e.s.CheckpointFileManager - Renamed temp file file:/private/var/folders/d1/0lfypfw93vx8vhhstp40dlv40000gn/T/temporary-c0656fe9-68e0-4587-bcb3-94528327941d/offsets/.9.30ab0793-46c9-4cd6-8263-0de8caf2532a.tmp to file:/private/var/folders/d1/0lfypfw93vx8vhhstp40dlv40000gn/T/temporary-c0656fe9-68e0-4587-bcb3-94528327941d/offsets/9
2025-11-09 03:24:07 [stream execution thread for [id = 7a53a007-fc5f-4b62-88f2-95a7e4acbf62, runId = 40354a01-ccb6-4dae-b705-87d59d863863]] INFO  o.a.s.s.e.s.MicroBatchExecution - Committed offsets for batch 9. Metadata OffsetSeqMetadata(0,1762638847731,Map(spark.sql.streaming.stateStore.providerClass -> org.apache.spark.sql.execution.streaming.state.HDFSBackedStateStoreProvider, spark.sql.streaming.join.stateFormatVersion -> 2, spark.sql.streaming.stateStore.compression.codec -> lz4, spark.sql.streaming.stateStore.rocksdb.formatVersion -> 5, spark.sql.streaming.statefulOperator.useStrictDistribution -> true, spark.sql.streaming.flatMapGroupsWithState.stateFormatVersion -> 2, spark.sql.streaming.multipleWatermarkPolicy -> min, spark.sql.streaming.aggregation.stateFormatVersion -> 2, spark.sql.shuffle.partitions -> 200))
2025-11-09 03:24:07 [stream execution thread for [id = 7a53a007-fc5f-4b62-88f2-95a7e4acbf62, runId = 40354a01-ccb6-4dae-b705-87d59d863863]] INFO  o.a.s.s.k.KafkaOffsetReaderAdmin - Partitions added: Map()
2025-11-09 03:24:07 [stream execution thread for [id = 7a53a007-fc5f-4b62-88f2-95a7e4acbf62, runId = 40354a01-ccb6-4dae-b705-87d59d863863]] INFO  o.a.s.s.k.KafkaOffsetReaderAdmin - Partitions added: Map()
2025-11-09 03:24:07 [stream execution thread for [id = 7a53a007-fc5f-4b62-88f2-95a7e4acbf62, runId = 40354a01-ccb6-4dae-b705-87d59d863863]] INFO  o.a.s.s.k.KafkaOffsetReaderAdmin - Partitions added: Map()
2025-11-09 03:24:07 [stream execution thread for [id = 7a53a007-fc5f-4b62-88f2-95a7e4acbf62, runId = 40354a01-ccb6-4dae-b705-87d59d863863]] INFO  o.a.s.s.k.KafkaOffsetReaderAdmin - Partitions added: Map()
2025-11-09 03:24:07 [stream execution thread for [id = 7a53a007-fc5f-4b62-88f2-95a7e4acbf62, runId = 40354a01-ccb6-4dae-b705-87d59d863863]] INFO  o.a.s.s.k.KafkaOffsetReaderAdmin - Partitions added: Map()
2025-11-09 03:24:07 [stream execution thread for [id = 7a53a007-fc5f-4b62-88f2-95a7e4acbf62, runId = 40354a01-ccb6-4dae-b705-87d59d863863]] INFO  o.a.s.s.k.KafkaOffsetReaderAdmin - Partitions added: Map()
2025-11-09 03:24:07 [stream execution thread for [id = 7a53a007-fc5f-4b62-88f2-95a7e4acbf62, runId = 40354a01-ccb6-4dae-b705-87d59d863863]] INFO  o.a.s.s.e.d.v.WriteToDataSourceV2Exec - Start processing data source write support: MicroBatchWrite[epoch: 9, writer: ConsoleWriter[numRows=20, truncate=false]]. The input RDD has 1 partitions.
2025-11-09 03:24:07 [stream execution thread for [id = 7a53a007-fc5f-4b62-88f2-95a7e4acbf62, runId = 40354a01-ccb6-4dae-b705-87d59d863863]] INFO  org.apache.spark.SparkContext - Starting job: start at FraudDetection.scala:66
2025-11-09 03:24:07 [dag-scheduler-event-loop] INFO  o.a.spark.scheduler.DAGScheduler - Got job 9 (start at FraudDetection.scala:66) with 1 output partitions
2025-11-09 03:24:07 [dag-scheduler-event-loop] INFO  o.a.spark.scheduler.DAGScheduler - Final stage: ResultStage 9 (start at FraudDetection.scala:66)
2025-11-09 03:24:07 [dag-scheduler-event-loop] INFO  o.a.spark.scheduler.DAGScheduler - Parents of final stage: List()
2025-11-09 03:24:07 [dag-scheduler-event-loop] INFO  o.a.spark.scheduler.DAGScheduler - Missing parents: List()
2025-11-09 03:24:07 [dag-scheduler-event-loop] INFO  o.a.spark.scheduler.DAGScheduler - Submitting ResultStage 9 (MapPartitionsRDD[40] at start at FraudDetection.scala:66), which has no missing parents
2025-11-09 03:24:07 [dag-scheduler-event-loop] INFO  o.a.spark.storage.memory.MemoryStore - Block broadcast_9 stored as values in memory (estimated size 25.6 KiB, free 1048.7 MiB)
2025-11-09 03:24:07 [dag-scheduler-event-loop] INFO  o.a.spark.storage.memory.MemoryStore - Block broadcast_9_piece0 stored as bytes in memory (estimated size 11.8 KiB, free 1048.7 MiB)
2025-11-09 03:24:07 [dispatcher-BlockManagerMaster] INFO  o.a.spark.storage.BlockManagerInfo - Added broadcast_9_piece0 in memory on 127.0.0.1:51276 (size: 11.8 KiB, free: 1048.8 MiB)
2025-11-09 03:24:07 [dag-scheduler-event-loop] INFO  org.apache.spark.SparkContext - Created broadcast 9 from broadcast at DAGScheduler.scala:1535
2025-11-09 03:24:07 [dag-scheduler-event-loop] INFO  o.a.spark.scheduler.DAGScheduler - Submitting 1 missing tasks from ResultStage 9 (MapPartitionsRDD[40] at start at FraudDetection.scala:66) (first 15 tasks are for partitions Vector(0))
2025-11-09 03:24:07 [dag-scheduler-event-loop] INFO  o.a.s.scheduler.TaskSchedulerImpl - Adding task set 9.0 with 1 tasks resource profile 0
2025-11-09 03:24:07 [dispatcher-event-loop-3] INFO  o.a.spark.scheduler.TaskSetManager - Starting task 0.0 in stage 9.0 (TID 9) (192.168.1.6, executor driver, partition 0, PROCESS_LOCAL, 8476 bytes) 
2025-11-09 03:24:07 [Executor task launch worker for task 0.0 in stage 9.0 (TID 9)] INFO  org.apache.spark.executor.Executor - Running task 0.0 in stage 9.0 (TID 9)
2025-11-09 03:24:07 [Executor task launch worker for task 0.0 in stage 9.0 (TID 9)] INFO  o.a.k.clients.consumer.KafkaConsumer - [Consumer clientId=consumer-spark-kafka-source-598d9184-ff11-4c8f-b55c-e51776cc2079--2111622232-executor-1, groupId=spark-kafka-source-598d9184-ff11-4c8f-b55c-e51776cc2079--2111622232-executor] Seeking to offset 262 for partition transactions-0
2025-11-09 03:24:07 [Executor task launch worker for task 0.0 in stage 9.0 (TID 9)] INFO  o.a.k.c.c.i.SubscriptionState - [Consumer clientId=consumer-spark-kafka-source-598d9184-ff11-4c8f-b55c-e51776cc2079--2111622232-executor-1, groupId=spark-kafka-source-598d9184-ff11-4c8f-b55c-e51776cc2079--2111622232-executor] Seeking to earliest offset of partition transactions-0
2025-11-09 03:24:08 [Executor task launch worker for task 0.0 in stage 9.0 (TID 9)] INFO  o.a.k.c.c.i.SubscriptionState - [Consumer clientId=consumer-spark-kafka-source-598d9184-ff11-4c8f-b55c-e51776cc2079--2111622232-executor-1, groupId=spark-kafka-source-598d9184-ff11-4c8f-b55c-e51776cc2079--2111622232-executor] Resetting offset for partition transactions-0 to position FetchPosition{offset=0, offsetEpoch=Optional.empty, currentLeader=LeaderAndEpoch{leader=Optional[localhost:9092 (id: 1 rack: null)], epoch=0}}.
2025-11-09 03:24:08 [Executor task launch worker for task 0.0 in stage 9.0 (TID 9)] INFO  o.a.k.c.c.i.SubscriptionState - [Consumer clientId=consumer-spark-kafka-source-598d9184-ff11-4c8f-b55c-e51776cc2079--2111622232-executor-1, groupId=spark-kafka-source-598d9184-ff11-4c8f-b55c-e51776cc2079--2111622232-executor] Seeking to latest offset of partition transactions-0
2025-11-09 03:24:08 [Executor task launch worker for task 0.0 in stage 9.0 (TID 9)] INFO  o.a.k.c.c.i.SubscriptionState - [Consumer clientId=consumer-spark-kafka-source-598d9184-ff11-4c8f-b55c-e51776cc2079--2111622232-executor-1, groupId=spark-kafka-source-598d9184-ff11-4c8f-b55c-e51776cc2079--2111622232-executor] Resetting offset for partition transactions-0 to position FetchPosition{offset=263, offsetEpoch=Optional.empty, currentLeader=LeaderAndEpoch{leader=Optional[localhost:9092 (id: 1 rack: null)], epoch=0}}.
2025-11-09 03:24:08 [Executor task launch worker for task 0.0 in stage 9.0 (TID 9)] INFO  o.a.s.s.e.d.v2.DataWritingSparkTask - Commit authorized for partition 0 (task 9, attempt 0, stage 9.0)
2025-11-09 03:24:08 [Executor task launch worker for task 0.0 in stage 9.0 (TID 9)] INFO  o.a.s.s.e.d.v2.DataWritingSparkTask - Committed partition 0 (task 9, attempt 0, stage 9.0)
2025-11-09 03:24:08 [Executor task launch worker for task 0.0 in stage 9.0 (TID 9)] INFO  org.apache.spark.executor.Executor - Finished task 0.0 in stage 9.0 (TID 9). 2180 bytes result sent to driver
2025-11-09 03:24:08 [task-result-getter-1] INFO  o.a.spark.scheduler.TaskSetManager - Finished task 0.0 in stage 9.0 (TID 9) in 536 ms on 192.168.1.6 (executor driver) (1/1)
2025-11-09 03:24:08 [task-result-getter-1] INFO  o.a.s.scheduler.TaskSchedulerImpl - Removed TaskSet 9.0, whose tasks have all completed, from pool 
2025-11-09 03:24:08 [dag-scheduler-event-loop] INFO  o.a.spark.scheduler.DAGScheduler - ResultStage 9 (start at FraudDetection.scala:66) finished in 0.541 s
2025-11-09 03:24:08 [dag-scheduler-event-loop] INFO  o.a.spark.scheduler.DAGScheduler - Job 9 is finished. Cancelling potential speculative or zombie tasks for this job
2025-11-09 03:24:08 [dag-scheduler-event-loop] INFO  o.a.s.scheduler.TaskSchedulerImpl - Killing all running tasks in stage 9: Stage finished
2025-11-09 03:24:08 [stream execution thread for [id = 7a53a007-fc5f-4b62-88f2-95a7e4acbf62, runId = 40354a01-ccb6-4dae-b705-87d59d863863]] INFO  o.a.spark.scheduler.DAGScheduler - Job 9 finished: start at FraudDetection.scala:66, took 0.542177 s
2025-11-09 03:24:08 [stream execution thread for [id = 7a53a007-fc5f-4b62-88f2-95a7e4acbf62, runId = 40354a01-ccb6-4dae-b705-87d59d863863]] INFO  o.a.s.s.e.d.v.WriteToDataSourceV2Exec - Data source write support MicroBatchWrite[epoch: 9, writer: ConsoleWriter[numRows=20, truncate=false]] is committing.
2025-11-09 03:24:08 [stream execution thread for [id = 7a53a007-fc5f-4b62-88f2-95a7e4acbf62, runId = 40354a01-ccb6-4dae-b705-87d59d863863]] INFO  o.a.s.s.e.d.v.WriteToDataSourceV2Exec - Data source write support MicroBatchWrite[epoch: 9, writer: ConsoleWriter[numRows=20, truncate=false]] committed.
2025-11-09 03:24:08 [stream execution thread for [id = 7a53a007-fc5f-4b62-88f2-95a7e4acbf62, runId = 40354a01-ccb6-4dae-b705-87d59d863863]] INFO  o.a.s.s.e.s.CheckpointFileManager - Writing atomically to file:/private/var/folders/d1/0lfypfw93vx8vhhstp40dlv40000gn/T/temporary-c0656fe9-68e0-4587-bcb3-94528327941d/commits/9 using temp file file:/private/var/folders/d1/0lfypfw93vx8vhhstp40dlv40000gn/T/temporary-c0656fe9-68e0-4587-bcb3-94528327941d/commits/.9.9ef86d36-d5fd-469d-a84a-a15d0f658f12.tmp
2025-11-09 03:24:08 [stream execution thread for [id = 7a53a007-fc5f-4b62-88f2-95a7e4acbf62, runId = 40354a01-ccb6-4dae-b705-87d59d863863]] INFO  o.a.s.s.e.s.CheckpointFileManager - Renamed temp file file:/private/var/folders/d1/0lfypfw93vx8vhhstp40dlv40000gn/T/temporary-c0656fe9-68e0-4587-bcb3-94528327941d/commits/.9.9ef86d36-d5fd-469d-a84a-a15d0f658f12.tmp to file:/private/var/folders/d1/0lfypfw93vx8vhhstp40dlv40000gn/T/temporary-c0656fe9-68e0-4587-bcb3-94528327941d/commits/9
2025-11-09 03:24:08 [stream execution thread for [id = 7a53a007-fc5f-4b62-88f2-95a7e4acbf62, runId = 40354a01-ccb6-4dae-b705-87d59d863863]] INFO  o.a.s.s.e.s.MicroBatchExecution - Streaming query made progress: {
  "id" : "7a53a007-fc5f-4b62-88f2-95a7e4acbf62",
  "runId" : "40354a01-ccb6-4dae-b705-87d59d863863",
  "name" : null,
  "timestamp" : "2025-11-08T21:54:07.727Z",
  "batchId" : 9,
  "numInputRows" : 1,
  "inputRowsPerSecond" : 62.5,
  "processedRowsPerSecond" : 1.4662756598240467,
  "durationMs" : {
    "addBatch" : 579,
    "commitOffsets" : 49,
    "getBatch" : 0,
    "latestOffset" : 4,
    "queryPlanning" : 7,
    "triggerExecution" : 682,
    "walCommit" : 43
  },
  "stateOperators" : [ ],
  "sources" : [ {
    "description" : "KafkaV2[Subscribe[transactions]]",
    "startOffset" : {
      "transactions" : {
        "0" : 262
      }
    },
    "endOffset" : {
      "transactions" : {
        "0" : 263
      }
    },
    "latestOffset" : {
      "transactions" : {
        "0" : 263
      }
    },
    "numInputRows" : 1,
    "inputRowsPerSecond" : 62.5,
    "processedRowsPerSecond" : 1.4662756598240467,
    "metrics" : {
      "avgOffsetsBehindLatest" : "0.0",
      "maxOffsetsBehindLatest" : "0",
      "minOffsetsBehindLatest" : "0"
    }
  } ],
  "sink" : {
    "description" : "org.apache.spark.sql.execution.streaming.ConsoleTable$@6e4ae8d1",
    "numOutputRows" : 1
  }
}
2025-11-09 03:24:08 [stream execution thread for [id = 7a53a007-fc5f-4b62-88f2-95a7e4acbf62, runId = 40354a01-ccb6-4dae-b705-87d59d863863]] INFO  o.a.s.s.e.s.CheckpointFileManager - Writing atomically to file:/private/var/folders/d1/0lfypfw93vx8vhhstp40dlv40000gn/T/temporary-c0656fe9-68e0-4587-bcb3-94528327941d/offsets/10 using temp file file:/private/var/folders/d1/0lfypfw93vx8vhhstp40dlv40000gn/T/temporary-c0656fe9-68e0-4587-bcb3-94528327941d/offsets/.10.43b155b0-4a5c-475c-b619-f4b50c2b2f3e.tmp
2025-11-09 03:24:08 [stream execution thread for [id = 7a53a007-fc5f-4b62-88f2-95a7e4acbf62, runId = 40354a01-ccb6-4dae-b705-87d59d863863]] INFO  o.a.s.s.e.s.CheckpointFileManager - Renamed temp file file:/private/var/folders/d1/0lfypfw93vx8vhhstp40dlv40000gn/T/temporary-c0656fe9-68e0-4587-bcb3-94528327941d/offsets/.10.43b155b0-4a5c-475c-b619-f4b50c2b2f3e.tmp to file:/private/var/folders/d1/0lfypfw93vx8vhhstp40dlv40000gn/T/temporary-c0656fe9-68e0-4587-bcb3-94528327941d/offsets/10
2025-11-09 03:24:08 [stream execution thread for [id = 7a53a007-fc5f-4b62-88f2-95a7e4acbf62, runId = 40354a01-ccb6-4dae-b705-87d59d863863]] INFO  o.a.s.s.e.s.MicroBatchExecution - Committed offsets for batch 10. Metadata OffsetSeqMetadata(0,1762638848735,Map(spark.sql.streaming.stateStore.providerClass -> org.apache.spark.sql.execution.streaming.state.HDFSBackedStateStoreProvider, spark.sql.streaming.join.stateFormatVersion -> 2, spark.sql.streaming.stateStore.compression.codec -> lz4, spark.sql.streaming.stateStore.rocksdb.formatVersion -> 5, spark.sql.streaming.statefulOperator.useStrictDistribution -> true, spark.sql.streaming.flatMapGroupsWithState.stateFormatVersion -> 2, spark.sql.streaming.multipleWatermarkPolicy -> min, spark.sql.streaming.aggregation.stateFormatVersion -> 2, spark.sql.shuffle.partitions -> 200))
2025-11-09 03:24:08 [stream execution thread for [id = 7a53a007-fc5f-4b62-88f2-95a7e4acbf62, runId = 40354a01-ccb6-4dae-b705-87d59d863863]] INFO  o.a.s.s.k.KafkaOffsetReaderAdmin - Partitions added: Map()
2025-11-09 03:24:08 [stream execution thread for [id = 7a53a007-fc5f-4b62-88f2-95a7e4acbf62, runId = 40354a01-ccb6-4dae-b705-87d59d863863]] INFO  o.a.s.s.k.KafkaOffsetReaderAdmin - Partitions added: Map()
2025-11-09 03:24:08 [stream execution thread for [id = 7a53a007-fc5f-4b62-88f2-95a7e4acbf62, runId = 40354a01-ccb6-4dae-b705-87d59d863863]] INFO  o.a.s.s.k.KafkaOffsetReaderAdmin - Partitions added: Map()
2025-11-09 03:24:08 [stream execution thread for [id = 7a53a007-fc5f-4b62-88f2-95a7e4acbf62, runId = 40354a01-ccb6-4dae-b705-87d59d863863]] INFO  o.a.s.s.k.KafkaOffsetReaderAdmin - Partitions added: Map()
2025-11-09 03:24:08 [stream execution thread for [id = 7a53a007-fc5f-4b62-88f2-95a7e4acbf62, runId = 40354a01-ccb6-4dae-b705-87d59d863863]] INFO  o.a.s.s.k.KafkaOffsetReaderAdmin - Partitions added: Map()
2025-11-09 03:24:08 [stream execution thread for [id = 7a53a007-fc5f-4b62-88f2-95a7e4acbf62, runId = 40354a01-ccb6-4dae-b705-87d59d863863]] INFO  o.a.s.s.k.KafkaOffsetReaderAdmin - Partitions added: Map()
2025-11-09 03:24:08 [stream execution thread for [id = 7a53a007-fc5f-4b62-88f2-95a7e4acbf62, runId = 40354a01-ccb6-4dae-b705-87d59d863863]] INFO  o.a.s.s.e.d.v.WriteToDataSourceV2Exec - Start processing data source write support: MicroBatchWrite[epoch: 10, writer: ConsoleWriter[numRows=20, truncate=false]]. The input RDD has 1 partitions.
2025-11-09 03:24:08 [stream execution thread for [id = 7a53a007-fc5f-4b62-88f2-95a7e4acbf62, runId = 40354a01-ccb6-4dae-b705-87d59d863863]] INFO  org.apache.spark.SparkContext - Starting job: start at FraudDetection.scala:66
2025-11-09 03:24:08 [dag-scheduler-event-loop] INFO  o.a.spark.scheduler.DAGScheduler - Got job 10 (start at FraudDetection.scala:66) with 1 output partitions
2025-11-09 03:24:08 [dag-scheduler-event-loop] INFO  o.a.spark.scheduler.DAGScheduler - Final stage: ResultStage 10 (start at FraudDetection.scala:66)
2025-11-09 03:24:08 [dag-scheduler-event-loop] INFO  o.a.spark.scheduler.DAGScheduler - Parents of final stage: List()
2025-11-09 03:24:08 [dag-scheduler-event-loop] INFO  o.a.spark.scheduler.DAGScheduler - Missing parents: List()
2025-11-09 03:24:08 [dag-scheduler-event-loop] INFO  o.a.spark.scheduler.DAGScheduler - Submitting ResultStage 10 (MapPartitionsRDD[44] at start at FraudDetection.scala:66), which has no missing parents
2025-11-09 03:24:08 [dag-scheduler-event-loop] INFO  o.a.spark.storage.memory.MemoryStore - Block broadcast_10 stored as values in memory (estimated size 25.6 KiB, free 1048.6 MiB)
2025-11-09 03:24:08 [dag-scheduler-event-loop] INFO  o.a.spark.storage.memory.MemoryStore - Block broadcast_10_piece0 stored as bytes in memory (estimated size 11.8 KiB, free 1048.6 MiB)
2025-11-09 03:24:08 [dispatcher-BlockManagerMaster] INFO  o.a.spark.storage.BlockManagerInfo - Added broadcast_10_piece0 in memory on 127.0.0.1:51276 (size: 11.8 KiB, free: 1048.7 MiB)
2025-11-09 03:24:08 [dag-scheduler-event-loop] INFO  org.apache.spark.SparkContext - Created broadcast 10 from broadcast at DAGScheduler.scala:1535
2025-11-09 03:24:08 [dag-scheduler-event-loop] INFO  o.a.spark.scheduler.DAGScheduler - Submitting 1 missing tasks from ResultStage 10 (MapPartitionsRDD[44] at start at FraudDetection.scala:66) (first 15 tasks are for partitions Vector(0))
2025-11-09 03:24:08 [dag-scheduler-event-loop] INFO  o.a.s.scheduler.TaskSchedulerImpl - Adding task set 10.0 with 1 tasks resource profile 0
2025-11-09 03:24:08 [dispatcher-event-loop-7] INFO  o.a.spark.scheduler.TaskSetManager - Starting task 0.0 in stage 10.0 (TID 10) (192.168.1.6, executor driver, partition 0, PROCESS_LOCAL, 8476 bytes) 
2025-11-09 03:24:08 [Executor task launch worker for task 0.0 in stage 10.0 (TID 10)] INFO  org.apache.spark.executor.Executor - Running task 0.0 in stage 10.0 (TID 10)
2025-11-09 03:24:08 [Executor task launch worker for task 0.0 in stage 10.0 (TID 10)] INFO  o.a.k.clients.consumer.KafkaConsumer - [Consumer clientId=consumer-spark-kafka-source-598d9184-ff11-4c8f-b55c-e51776cc2079--2111622232-executor-1, groupId=spark-kafka-source-598d9184-ff11-4c8f-b55c-e51776cc2079--2111622232-executor] Seeking to offset 263 for partition transactions-0
2025-11-09 03:24:08 [Executor task launch worker for task 0.0 in stage 10.0 (TID 10)] INFO  o.a.k.c.c.i.SubscriptionState - [Consumer clientId=consumer-spark-kafka-source-598d9184-ff11-4c8f-b55c-e51776cc2079--2111622232-executor-1, groupId=spark-kafka-source-598d9184-ff11-4c8f-b55c-e51776cc2079--2111622232-executor] Seeking to earliest offset of partition transactions-0
2025-11-09 03:24:09 [Executor task launch worker for task 0.0 in stage 10.0 (TID 10)] INFO  o.a.k.c.c.i.SubscriptionState - [Consumer clientId=consumer-spark-kafka-source-598d9184-ff11-4c8f-b55c-e51776cc2079--2111622232-executor-1, groupId=spark-kafka-source-598d9184-ff11-4c8f-b55c-e51776cc2079--2111622232-executor] Resetting offset for partition transactions-0 to position FetchPosition{offset=0, offsetEpoch=Optional.empty, currentLeader=LeaderAndEpoch{leader=Optional[localhost:9092 (id: 1 rack: null)], epoch=0}}.
2025-11-09 03:24:09 [Executor task launch worker for task 0.0 in stage 10.0 (TID 10)] INFO  o.a.k.c.c.i.SubscriptionState - [Consumer clientId=consumer-spark-kafka-source-598d9184-ff11-4c8f-b55c-e51776cc2079--2111622232-executor-1, groupId=spark-kafka-source-598d9184-ff11-4c8f-b55c-e51776cc2079--2111622232-executor] Seeking to latest offset of partition transactions-0
2025-11-09 03:24:09 [Executor task launch worker for task 0.0 in stage 10.0 (TID 10)] INFO  o.a.k.c.c.i.SubscriptionState - [Consumer clientId=consumer-spark-kafka-source-598d9184-ff11-4c8f-b55c-e51776cc2079--2111622232-executor-1, groupId=spark-kafka-source-598d9184-ff11-4c8f-b55c-e51776cc2079--2111622232-executor] Resetting offset for partition transactions-0 to position FetchPosition{offset=264, offsetEpoch=Optional.empty, currentLeader=LeaderAndEpoch{leader=Optional[localhost:9092 (id: 1 rack: null)], epoch=0}}.
2025-11-09 03:24:09 [Executor task launch worker for task 0.0 in stage 10.0 (TID 10)] INFO  o.a.s.s.e.d.v2.DataWritingSparkTask - Commit authorized for partition 0 (task 10, attempt 0, stage 10.0)
2025-11-09 03:24:09 [Executor task launch worker for task 0.0 in stage 10.0 (TID 10)] INFO  o.a.s.s.e.d.v2.DataWritingSparkTask - Committed partition 0 (task 10, attempt 0, stage 10.0)
2025-11-09 03:24:09 [Executor task launch worker for task 0.0 in stage 10.0 (TID 10)] INFO  org.apache.spark.executor.Executor - Finished task 0.0 in stage 10.0 (TID 10). 2180 bytes result sent to driver
2025-11-09 03:24:09 [task-result-getter-2] INFO  o.a.spark.scheduler.TaskSetManager - Finished task 0.0 in stage 10.0 (TID 10) in 529 ms on 192.168.1.6 (executor driver) (1/1)
2025-11-09 03:24:09 [task-result-getter-2] INFO  o.a.s.scheduler.TaskSchedulerImpl - Removed TaskSet 10.0, whose tasks have all completed, from pool 
2025-11-09 03:24:09 [dag-scheduler-event-loop] INFO  o.a.spark.scheduler.DAGScheduler - ResultStage 10 (start at FraudDetection.scala:66) finished in 0.534 s
2025-11-09 03:24:09 [dag-scheduler-event-loop] INFO  o.a.spark.scheduler.DAGScheduler - Job 10 is finished. Cancelling potential speculative or zombie tasks for this job
2025-11-09 03:24:09 [dag-scheduler-event-loop] INFO  o.a.s.scheduler.TaskSchedulerImpl - Killing all running tasks in stage 10: Stage finished
2025-11-09 03:24:09 [stream execution thread for [id = 7a53a007-fc5f-4b62-88f2-95a7e4acbf62, runId = 40354a01-ccb6-4dae-b705-87d59d863863]] INFO  o.a.spark.scheduler.DAGScheduler - Job 10 finished: start at FraudDetection.scala:66, took 0.535010 s
2025-11-09 03:24:09 [stream execution thread for [id = 7a53a007-fc5f-4b62-88f2-95a7e4acbf62, runId = 40354a01-ccb6-4dae-b705-87d59d863863]] INFO  o.a.s.s.e.d.v.WriteToDataSourceV2Exec - Data source write support MicroBatchWrite[epoch: 10, writer: ConsoleWriter[numRows=20, truncate=false]] is committing.
2025-11-09 03:24:09 [stream execution thread for [id = 7a53a007-fc5f-4b62-88f2-95a7e4acbf62, runId = 40354a01-ccb6-4dae-b705-87d59d863863]] INFO  o.a.s.s.e.d.v.WriteToDataSourceV2Exec - Data source write support MicroBatchWrite[epoch: 10, writer: ConsoleWriter[numRows=20, truncate=false]] committed.
2025-11-09 03:24:09 [stream execution thread for [id = 7a53a007-fc5f-4b62-88f2-95a7e4acbf62, runId = 40354a01-ccb6-4dae-b705-87d59d863863]] INFO  o.a.s.s.e.s.CheckpointFileManager - Writing atomically to file:/private/var/folders/d1/0lfypfw93vx8vhhstp40dlv40000gn/T/temporary-c0656fe9-68e0-4587-bcb3-94528327941d/commits/10 using temp file file:/private/var/folders/d1/0lfypfw93vx8vhhstp40dlv40000gn/T/temporary-c0656fe9-68e0-4587-bcb3-94528327941d/commits/.10.65a7be0c-13e0-40fc-8828-4fce16a071a4.tmp
2025-11-09 03:24:09 [stream execution thread for [id = 7a53a007-fc5f-4b62-88f2-95a7e4acbf62, runId = 40354a01-ccb6-4dae-b705-87d59d863863]] INFO  o.a.s.s.e.s.CheckpointFileManager - Renamed temp file file:/private/var/folders/d1/0lfypfw93vx8vhhstp40dlv40000gn/T/temporary-c0656fe9-68e0-4587-bcb3-94528327941d/commits/.10.65a7be0c-13e0-40fc-8828-4fce16a071a4.tmp to file:/private/var/folders/d1/0lfypfw93vx8vhhstp40dlv40000gn/T/temporary-c0656fe9-68e0-4587-bcb3-94528327941d/commits/10
2025-11-09 03:24:09 [stream execution thread for [id = 7a53a007-fc5f-4b62-88f2-95a7e4acbf62, runId = 40354a01-ccb6-4dae-b705-87d59d863863]] INFO  o.a.s.s.e.s.MicroBatchExecution - Streaming query made progress: {
  "id" : "7a53a007-fc5f-4b62-88f2-95a7e4acbf62",
  "runId" : "40354a01-ccb6-4dae-b705-87d59d863863",
  "name" : null,
  "timestamp" : "2025-11-08T21:54:08.728Z",
  "batchId" : 10,
  "numInputRows" : 1,
  "inputRowsPerSecond" : 58.8235294117647,
  "processedRowsPerSecond" : 1.4792899408284024,
  "durationMs" : {
    "addBatch" : 567,
    "commitOffsets" : 44,
    "getBatch" : 0,
    "latestOffset" : 7,
    "queryPlanning" : 8,
    "triggerExecution" : 676,
    "walCommit" : 50
  },
  "stateOperators" : [ ],
  "sources" : [ {
    "description" : "KafkaV2[Subscribe[transactions]]",
    "startOffset" : {
      "transactions" : {
        "0" : 263
      }
    },
    "endOffset" : {
      "transactions" : {
        "0" : 264
      }
    },
    "latestOffset" : {
      "transactions" : {
        "0" : 264
      }
    },
    "numInputRows" : 1,
    "inputRowsPerSecond" : 58.8235294117647,
    "processedRowsPerSecond" : 1.4792899408284024,
    "metrics" : {
      "avgOffsetsBehindLatest" : "0.0",
      "maxOffsetsBehindLatest" : "0",
      "minOffsetsBehindLatest" : "0"
    }
  } ],
  "sink" : {
    "description" : "org.apache.spark.sql.execution.streaming.ConsoleTable$@6e4ae8d1",
    "numOutputRows" : 1
  }
}
2025-11-09 03:24:09 [stream execution thread for [id = 7a53a007-fc5f-4b62-88f2-95a7e4acbf62, runId = 40354a01-ccb6-4dae-b705-87d59d863863]] INFO  o.a.s.s.e.s.CheckpointFileManager - Writing atomically to file:/private/var/folders/d1/0lfypfw93vx8vhhstp40dlv40000gn/T/temporary-c0656fe9-68e0-4587-bcb3-94528327941d/offsets/11 using temp file file:/private/var/folders/d1/0lfypfw93vx8vhhstp40dlv40000gn/T/temporary-c0656fe9-68e0-4587-bcb3-94528327941d/offsets/.11.1bfb4c68-c212-4951-83b6-84a8c59a0d0e.tmp
2025-11-09 03:24:09 [stream execution thread for [id = 7a53a007-fc5f-4b62-88f2-95a7e4acbf62, runId = 40354a01-ccb6-4dae-b705-87d59d863863]] INFO  o.a.s.s.e.s.CheckpointFileManager - Renamed temp file file:/private/var/folders/d1/0lfypfw93vx8vhhstp40dlv40000gn/T/temporary-c0656fe9-68e0-4587-bcb3-94528327941d/offsets/.11.1bfb4c68-c212-4951-83b6-84a8c59a0d0e.tmp to file:/private/var/folders/d1/0lfypfw93vx8vhhstp40dlv40000gn/T/temporary-c0656fe9-68e0-4587-bcb3-94528327941d/offsets/11
2025-11-09 03:24:09 [stream execution thread for [id = 7a53a007-fc5f-4b62-88f2-95a7e4acbf62, runId = 40354a01-ccb6-4dae-b705-87d59d863863]] INFO  o.a.s.s.e.s.MicroBatchExecution - Committed offsets for batch 11. Metadata OffsetSeqMetadata(0,1762638849745,Map(spark.sql.streaming.stateStore.providerClass -> org.apache.spark.sql.execution.streaming.state.HDFSBackedStateStoreProvider, spark.sql.streaming.join.stateFormatVersion -> 2, spark.sql.streaming.stateStore.compression.codec -> lz4, spark.sql.streaming.stateStore.rocksdb.formatVersion -> 5, spark.sql.streaming.statefulOperator.useStrictDistribution -> true, spark.sql.streaming.flatMapGroupsWithState.stateFormatVersion -> 2, spark.sql.streaming.multipleWatermarkPolicy -> min, spark.sql.streaming.aggregation.stateFormatVersion -> 2, spark.sql.shuffle.partitions -> 200))
2025-11-09 03:24:09 [stream execution thread for [id = 7a53a007-fc5f-4b62-88f2-95a7e4acbf62, runId = 40354a01-ccb6-4dae-b705-87d59d863863]] INFO  o.a.s.s.k.KafkaOffsetReaderAdmin - Partitions added: Map()
2025-11-09 03:24:09 [stream execution thread for [id = 7a53a007-fc5f-4b62-88f2-95a7e4acbf62, runId = 40354a01-ccb6-4dae-b705-87d59d863863]] INFO  o.a.s.s.k.KafkaOffsetReaderAdmin - Partitions added: Map()
2025-11-09 03:24:09 [stream execution thread for [id = 7a53a007-fc5f-4b62-88f2-95a7e4acbf62, runId = 40354a01-ccb6-4dae-b705-87d59d863863]] INFO  o.a.s.s.k.KafkaOffsetReaderAdmin - Partitions added: Map()
2025-11-09 03:24:09 [stream execution thread for [id = 7a53a007-fc5f-4b62-88f2-95a7e4acbf62, runId = 40354a01-ccb6-4dae-b705-87d59d863863]] INFO  o.a.s.s.k.KafkaOffsetReaderAdmin - Partitions added: Map()
2025-11-09 03:24:09 [stream execution thread for [id = 7a53a007-fc5f-4b62-88f2-95a7e4acbf62, runId = 40354a01-ccb6-4dae-b705-87d59d863863]] INFO  o.a.s.s.k.KafkaOffsetReaderAdmin - Partitions added: Map()
2025-11-09 03:24:09 [stream execution thread for [id = 7a53a007-fc5f-4b62-88f2-95a7e4acbf62, runId = 40354a01-ccb6-4dae-b705-87d59d863863]] INFO  o.a.s.s.k.KafkaOffsetReaderAdmin - Partitions added: Map()
2025-11-09 03:24:09 [stream execution thread for [id = 7a53a007-fc5f-4b62-88f2-95a7e4acbf62, runId = 40354a01-ccb6-4dae-b705-87d59d863863]] INFO  o.a.s.s.e.d.v.WriteToDataSourceV2Exec - Start processing data source write support: MicroBatchWrite[epoch: 11, writer: ConsoleWriter[numRows=20, truncate=false]]. The input RDD has 1 partitions.
2025-11-09 03:24:09 [stream execution thread for [id = 7a53a007-fc5f-4b62-88f2-95a7e4acbf62, runId = 40354a01-ccb6-4dae-b705-87d59d863863]] INFO  org.apache.spark.SparkContext - Starting job: start at FraudDetection.scala:66
2025-11-09 03:24:09 [dag-scheduler-event-loop] INFO  o.a.spark.scheduler.DAGScheduler - Got job 11 (start at FraudDetection.scala:66) with 1 output partitions
2025-11-09 03:24:09 [dag-scheduler-event-loop] INFO  o.a.spark.scheduler.DAGScheduler - Final stage: ResultStage 11 (start at FraudDetection.scala:66)
2025-11-09 03:24:09 [dag-scheduler-event-loop] INFO  o.a.spark.scheduler.DAGScheduler - Parents of final stage: List()
2025-11-09 03:24:09 [dag-scheduler-event-loop] INFO  o.a.spark.scheduler.DAGScheduler - Missing parents: List()
2025-11-09 03:24:09 [dag-scheduler-event-loop] INFO  o.a.spark.scheduler.DAGScheduler - Submitting ResultStage 11 (MapPartitionsRDD[48] at start at FraudDetection.scala:66), which has no missing parents
2025-11-09 03:24:09 [dag-scheduler-event-loop] INFO  o.a.spark.storage.memory.MemoryStore - Block broadcast_11 stored as values in memory (estimated size 25.6 KiB, free 1048.6 MiB)
2025-11-09 03:24:09 [dag-scheduler-event-loop] INFO  o.a.spark.storage.memory.MemoryStore - Block broadcast_11_piece0 stored as bytes in memory (estimated size 11.8 KiB, free 1048.6 MiB)
2025-11-09 03:24:09 [dispatcher-BlockManagerMaster] INFO  o.a.spark.storage.BlockManagerInfo - Added broadcast_11_piece0 in memory on 127.0.0.1:51276 (size: 11.8 KiB, free: 1048.7 MiB)
2025-11-09 03:24:09 [dag-scheduler-event-loop] INFO  org.apache.spark.SparkContext - Created broadcast 11 from broadcast at DAGScheduler.scala:1535
2025-11-09 03:24:09 [dag-scheduler-event-loop] INFO  o.a.spark.scheduler.DAGScheduler - Submitting 1 missing tasks from ResultStage 11 (MapPartitionsRDD[48] at start at FraudDetection.scala:66) (first 15 tasks are for partitions Vector(0))
2025-11-09 03:24:09 [dag-scheduler-event-loop] INFO  o.a.s.scheduler.TaskSchedulerImpl - Adding task set 11.0 with 1 tasks resource profile 0
2025-11-09 03:24:09 [dispatcher-event-loop-3] INFO  o.a.spark.scheduler.TaskSetManager - Starting task 0.0 in stage 11.0 (TID 11) (192.168.1.6, executor driver, partition 0, PROCESS_LOCAL, 8476 bytes) 
2025-11-09 03:24:09 [Executor task launch worker for task 0.0 in stage 11.0 (TID 11)] INFO  org.apache.spark.executor.Executor - Running task 0.0 in stage 11.0 (TID 11)
2025-11-09 03:24:09 [Executor task launch worker for task 0.0 in stage 11.0 (TID 11)] INFO  o.a.k.clients.consumer.KafkaConsumer - [Consumer clientId=consumer-spark-kafka-source-598d9184-ff11-4c8f-b55c-e51776cc2079--2111622232-executor-1, groupId=spark-kafka-source-598d9184-ff11-4c8f-b55c-e51776cc2079--2111622232-executor] Seeking to offset 264 for partition transactions-0
2025-11-09 03:24:09 [Executor task launch worker for task 0.0 in stage 11.0 (TID 11)] INFO  o.a.k.c.c.i.SubscriptionState - [Consumer clientId=consumer-spark-kafka-source-598d9184-ff11-4c8f-b55c-e51776cc2079--2111622232-executor-1, groupId=spark-kafka-source-598d9184-ff11-4c8f-b55c-e51776cc2079--2111622232-executor] Seeking to earliest offset of partition transactions-0
2025-11-09 03:24:10 [Executor task launch worker for task 0.0 in stage 11.0 (TID 11)] INFO  o.a.k.c.c.i.SubscriptionState - [Consumer clientId=consumer-spark-kafka-source-598d9184-ff11-4c8f-b55c-e51776cc2079--2111622232-executor-1, groupId=spark-kafka-source-598d9184-ff11-4c8f-b55c-e51776cc2079--2111622232-executor] Resetting offset for partition transactions-0 to position FetchPosition{offset=0, offsetEpoch=Optional.empty, currentLeader=LeaderAndEpoch{leader=Optional[localhost:9092 (id: 1 rack: null)], epoch=0}}.
2025-11-09 03:24:10 [Executor task launch worker for task 0.0 in stage 11.0 (TID 11)] INFO  o.a.k.c.c.i.SubscriptionState - [Consumer clientId=consumer-spark-kafka-source-598d9184-ff11-4c8f-b55c-e51776cc2079--2111622232-executor-1, groupId=spark-kafka-source-598d9184-ff11-4c8f-b55c-e51776cc2079--2111622232-executor] Seeking to latest offset of partition transactions-0
2025-11-09 03:24:10 [Executor task launch worker for task 0.0 in stage 11.0 (TID 11)] INFO  o.a.k.c.c.i.SubscriptionState - [Consumer clientId=consumer-spark-kafka-source-598d9184-ff11-4c8f-b55c-e51776cc2079--2111622232-executor-1, groupId=spark-kafka-source-598d9184-ff11-4c8f-b55c-e51776cc2079--2111622232-executor] Resetting offset for partition transactions-0 to position FetchPosition{offset=265, offsetEpoch=Optional.empty, currentLeader=LeaderAndEpoch{leader=Optional[localhost:9092 (id: 1 rack: null)], epoch=0}}.
2025-11-09 03:24:10 [Executor task launch worker for task 0.0 in stage 11.0 (TID 11)] INFO  o.a.s.s.e.d.v2.DataWritingSparkTask - Commit authorized for partition 0 (task 11, attempt 0, stage 11.0)
2025-11-09 03:24:10 [Executor task launch worker for task 0.0 in stage 11.0 (TID 11)] INFO  o.a.s.s.e.d.v2.DataWritingSparkTask - Committed partition 0 (task 11, attempt 0, stage 11.0)
2025-11-09 03:24:10 [Executor task launch worker for task 0.0 in stage 11.0 (TID 11)] INFO  org.apache.spark.executor.Executor - Finished task 0.0 in stage 11.0 (TID 11). 2180 bytes result sent to driver
2025-11-09 03:24:10 [task-result-getter-3] INFO  o.a.spark.scheduler.TaskSetManager - Finished task 0.0 in stage 11.0 (TID 11) in 530 ms on 192.168.1.6 (executor driver) (1/1)
2025-11-09 03:24:10 [task-result-getter-3] INFO  o.a.s.scheduler.TaskSchedulerImpl - Removed TaskSet 11.0, whose tasks have all completed, from pool 
2025-11-09 03:24:10 [dag-scheduler-event-loop] INFO  o.a.spark.scheduler.DAGScheduler - ResultStage 11 (start at FraudDetection.scala:66) finished in 0.534 s
2025-11-09 03:24:10 [dag-scheduler-event-loop] INFO  o.a.spark.scheduler.DAGScheduler - Job 11 is finished. Cancelling potential speculative or zombie tasks for this job
2025-11-09 03:24:10 [dag-scheduler-event-loop] INFO  o.a.s.scheduler.TaskSchedulerImpl - Killing all running tasks in stage 11: Stage finished
2025-11-09 03:24:10 [stream execution thread for [id = 7a53a007-fc5f-4b62-88f2-95a7e4acbf62, runId = 40354a01-ccb6-4dae-b705-87d59d863863]] INFO  o.a.spark.scheduler.DAGScheduler - Job 11 finished: start at FraudDetection.scala:66, took 0.536612 s
2025-11-09 03:24:10 [stream execution thread for [id = 7a53a007-fc5f-4b62-88f2-95a7e4acbf62, runId = 40354a01-ccb6-4dae-b705-87d59d863863]] INFO  o.a.s.s.e.d.v.WriteToDataSourceV2Exec - Data source write support MicroBatchWrite[epoch: 11, writer: ConsoleWriter[numRows=20, truncate=false]] is committing.
2025-11-09 03:24:10 [stream execution thread for [id = 7a53a007-fc5f-4b62-88f2-95a7e4acbf62, runId = 40354a01-ccb6-4dae-b705-87d59d863863]] INFO  o.a.s.s.e.d.v.WriteToDataSourceV2Exec - Data source write support MicroBatchWrite[epoch: 11, writer: ConsoleWriter[numRows=20, truncate=false]] committed.
2025-11-09 03:24:10 [stream execution thread for [id = 7a53a007-fc5f-4b62-88f2-95a7e4acbf62, runId = 40354a01-ccb6-4dae-b705-87d59d863863]] INFO  o.a.s.s.e.s.CheckpointFileManager - Writing atomically to file:/private/var/folders/d1/0lfypfw93vx8vhhstp40dlv40000gn/T/temporary-c0656fe9-68e0-4587-bcb3-94528327941d/commits/11 using temp file file:/private/var/folders/d1/0lfypfw93vx8vhhstp40dlv40000gn/T/temporary-c0656fe9-68e0-4587-bcb3-94528327941d/commits/.11.340b0aa9-9d48-4c0b-9c41-d4d0ad95ad5b.tmp
2025-11-09 03:24:10 [stream execution thread for [id = 7a53a007-fc5f-4b62-88f2-95a7e4acbf62, runId = 40354a01-ccb6-4dae-b705-87d59d863863]] INFO  o.a.s.s.e.s.CheckpointFileManager - Renamed temp file file:/private/var/folders/d1/0lfypfw93vx8vhhstp40dlv40000gn/T/temporary-c0656fe9-68e0-4587-bcb3-94528327941d/commits/.11.340b0aa9-9d48-4c0b-9c41-d4d0ad95ad5b.tmp to file:/private/var/folders/d1/0lfypfw93vx8vhhstp40dlv40000gn/T/temporary-c0656fe9-68e0-4587-bcb3-94528327941d/commits/11
2025-11-09 03:24:10 [stream execution thread for [id = 7a53a007-fc5f-4b62-88f2-95a7e4acbf62, runId = 40354a01-ccb6-4dae-b705-87d59d863863]] INFO  o.a.s.s.e.s.MicroBatchExecution - Streaming query made progress: {
  "id" : "7a53a007-fc5f-4b62-88f2-95a7e4acbf62",
  "runId" : "40354a01-ccb6-4dae-b705-87d59d863863",
  "name" : null,
  "timestamp" : "2025-11-08T21:54:09.740Z",
  "batchId" : 11,
  "numInputRows" : 1,
  "inputRowsPerSecond" : 62.5,
  "processedRowsPerSecond" : 1.4662756598240467,
  "durationMs" : {
    "addBatch" : 575,
    "commitOffsets" : 53,
    "getBatch" : 0,
    "latestOffset" : 5,
    "queryPlanning" : 8,
    "triggerExecution" : 682,
    "walCommit" : 41
  },
  "stateOperators" : [ ],
  "sources" : [ {
    "description" : "KafkaV2[Subscribe[transactions]]",
    "startOffset" : {
      "transactions" : {
        "0" : 264
      }
    },
    "endOffset" : {
      "transactions" : {
        "0" : 265
      }
    },
    "latestOffset" : {
      "transactions" : {
        "0" : 265
      }
    },
    "numInputRows" : 1,
    "inputRowsPerSecond" : 62.5,
    "processedRowsPerSecond" : 1.4662756598240467,
    "metrics" : {
      "avgOffsetsBehindLatest" : "0.0",
      "maxOffsetsBehindLatest" : "0",
      "minOffsetsBehindLatest" : "0"
    }
  } ],
  "sink" : {
    "description" : "org.apache.spark.sql.execution.streaming.ConsoleTable$@6e4ae8d1",
    "numOutputRows" : 1
  }
}
2025-11-09 03:24:10 [stream execution thread for [id = 7a53a007-fc5f-4b62-88f2-95a7e4acbf62, runId = 40354a01-ccb6-4dae-b705-87d59d863863]] INFO  o.a.s.s.e.s.CheckpointFileManager - Writing atomically to file:/private/var/folders/d1/0lfypfw93vx8vhhstp40dlv40000gn/T/temporary-c0656fe9-68e0-4587-bcb3-94528327941d/offsets/12 using temp file file:/private/var/folders/d1/0lfypfw93vx8vhhstp40dlv40000gn/T/temporary-c0656fe9-68e0-4587-bcb3-94528327941d/offsets/.12.dbb2bb42-3c6a-4f03-acbb-a43bab491e57.tmp
2025-11-09 03:24:10 [stream execution thread for [id = 7a53a007-fc5f-4b62-88f2-95a7e4acbf62, runId = 40354a01-ccb6-4dae-b705-87d59d863863]] INFO  o.a.s.s.e.s.CheckpointFileManager - Renamed temp file file:/private/var/folders/d1/0lfypfw93vx8vhhstp40dlv40000gn/T/temporary-c0656fe9-68e0-4587-bcb3-94528327941d/offsets/.12.dbb2bb42-3c6a-4f03-acbb-a43bab491e57.tmp to file:/private/var/folders/d1/0lfypfw93vx8vhhstp40dlv40000gn/T/temporary-c0656fe9-68e0-4587-bcb3-94528327941d/offsets/12
2025-11-09 03:24:10 [stream execution thread for [id = 7a53a007-fc5f-4b62-88f2-95a7e4acbf62, runId = 40354a01-ccb6-4dae-b705-87d59d863863]] INFO  o.a.s.s.e.s.MicroBatchExecution - Committed offsets for batch 12. Metadata OffsetSeqMetadata(0,1762638850742,Map(spark.sql.streaming.stateStore.providerClass -> org.apache.spark.sql.execution.streaming.state.HDFSBackedStateStoreProvider, spark.sql.streaming.join.stateFormatVersion -> 2, spark.sql.streaming.stateStore.compression.codec -> lz4, spark.sql.streaming.stateStore.rocksdb.formatVersion -> 5, spark.sql.streaming.statefulOperator.useStrictDistribution -> true, spark.sql.streaming.flatMapGroupsWithState.stateFormatVersion -> 2, spark.sql.streaming.multipleWatermarkPolicy -> min, spark.sql.streaming.aggregation.stateFormatVersion -> 2, spark.sql.shuffle.partitions -> 200))
2025-11-09 03:24:10 [stream execution thread for [id = 7a53a007-fc5f-4b62-88f2-95a7e4acbf62, runId = 40354a01-ccb6-4dae-b705-87d59d863863]] INFO  o.a.s.s.k.KafkaOffsetReaderAdmin - Partitions added: Map()
2025-11-09 03:24:10 [stream execution thread for [id = 7a53a007-fc5f-4b62-88f2-95a7e4acbf62, runId = 40354a01-ccb6-4dae-b705-87d59d863863]] INFO  o.a.s.s.k.KafkaOffsetReaderAdmin - Partitions added: Map()
2025-11-09 03:24:10 [stream execution thread for [id = 7a53a007-fc5f-4b62-88f2-95a7e4acbf62, runId = 40354a01-ccb6-4dae-b705-87d59d863863]] INFO  o.a.s.s.k.KafkaOffsetReaderAdmin - Partitions added: Map()
2025-11-09 03:24:10 [stream execution thread for [id = 7a53a007-fc5f-4b62-88f2-95a7e4acbf62, runId = 40354a01-ccb6-4dae-b705-87d59d863863]] INFO  o.a.s.s.k.KafkaOffsetReaderAdmin - Partitions added: Map()
2025-11-09 03:24:10 [stream execution thread for [id = 7a53a007-fc5f-4b62-88f2-95a7e4acbf62, runId = 40354a01-ccb6-4dae-b705-87d59d863863]] INFO  o.a.s.s.k.KafkaOffsetReaderAdmin - Partitions added: Map()
2025-11-09 03:24:10 [stream execution thread for [id = 7a53a007-fc5f-4b62-88f2-95a7e4acbf62, runId = 40354a01-ccb6-4dae-b705-87d59d863863]] INFO  o.a.s.s.k.KafkaOffsetReaderAdmin - Partitions added: Map()
2025-11-09 03:24:10 [stream execution thread for [id = 7a53a007-fc5f-4b62-88f2-95a7e4acbf62, runId = 40354a01-ccb6-4dae-b705-87d59d863863]] INFO  o.a.s.s.e.d.v.WriteToDataSourceV2Exec - Start processing data source write support: MicroBatchWrite[epoch: 12, writer: ConsoleWriter[numRows=20, truncate=false]]. The input RDD has 1 partitions.
2025-11-09 03:24:10 [stream execution thread for [id = 7a53a007-fc5f-4b62-88f2-95a7e4acbf62, runId = 40354a01-ccb6-4dae-b705-87d59d863863]] INFO  org.apache.spark.SparkContext - Starting job: start at FraudDetection.scala:66
2025-11-09 03:24:10 [dag-scheduler-event-loop] INFO  o.a.spark.scheduler.DAGScheduler - Got job 12 (start at FraudDetection.scala:66) with 1 output partitions
2025-11-09 03:24:10 [dag-scheduler-event-loop] INFO  o.a.spark.scheduler.DAGScheduler - Final stage: ResultStage 12 (start at FraudDetection.scala:66)
2025-11-09 03:24:10 [dag-scheduler-event-loop] INFO  o.a.spark.scheduler.DAGScheduler - Parents of final stage: List()
2025-11-09 03:24:10 [dag-scheduler-event-loop] INFO  o.a.spark.scheduler.DAGScheduler - Missing parents: List()
2025-11-09 03:24:10 [dag-scheduler-event-loop] INFO  o.a.spark.scheduler.DAGScheduler - Submitting ResultStage 12 (MapPartitionsRDD[52] at start at FraudDetection.scala:66), which has no missing parents
2025-11-09 03:24:10 [dag-scheduler-event-loop] INFO  o.a.spark.storage.memory.MemoryStore - Block broadcast_12 stored as values in memory (estimated size 25.6 KiB, free 1048.6 MiB)
2025-11-09 03:24:10 [dag-scheduler-event-loop] INFO  o.a.spark.storage.memory.MemoryStore - Block broadcast_12_piece0 stored as bytes in memory (estimated size 11.7 KiB, free 1048.5 MiB)
2025-11-09 03:24:10 [dispatcher-BlockManagerMaster] INFO  o.a.spark.storage.BlockManagerInfo - Added broadcast_12_piece0 in memory on 127.0.0.1:51276 (size: 11.7 KiB, free: 1048.7 MiB)
2025-11-09 03:24:10 [dag-scheduler-event-loop] INFO  org.apache.spark.SparkContext - Created broadcast 12 from broadcast at DAGScheduler.scala:1535
2025-11-09 03:24:10 [dag-scheduler-event-loop] INFO  o.a.spark.scheduler.DAGScheduler - Submitting 1 missing tasks from ResultStage 12 (MapPartitionsRDD[52] at start at FraudDetection.scala:66) (first 15 tasks are for partitions Vector(0))
2025-11-09 03:24:10 [dag-scheduler-event-loop] INFO  o.a.s.scheduler.TaskSchedulerImpl - Adding task set 12.0 with 1 tasks resource profile 0
2025-11-09 03:24:10 [dispatcher-event-loop-7] INFO  o.a.spark.scheduler.TaskSetManager - Starting task 0.0 in stage 12.0 (TID 12) (192.168.1.6, executor driver, partition 0, PROCESS_LOCAL, 8476 bytes) 
2025-11-09 03:24:10 [Executor task launch worker for task 0.0 in stage 12.0 (TID 12)] INFO  org.apache.spark.executor.Executor - Running task 0.0 in stage 12.0 (TID 12)
2025-11-09 03:24:10 [Executor task launch worker for task 0.0 in stage 12.0 (TID 12)] INFO  o.a.k.clients.consumer.KafkaConsumer - [Consumer clientId=consumer-spark-kafka-source-598d9184-ff11-4c8f-b55c-e51776cc2079--2111622232-executor-1, groupId=spark-kafka-source-598d9184-ff11-4c8f-b55c-e51776cc2079--2111622232-executor] Seeking to offset 265 for partition transactions-0
2025-11-09 03:24:10 [Executor task launch worker for task 0.0 in stage 12.0 (TID 12)] INFO  o.a.k.c.c.i.SubscriptionState - [Consumer clientId=consumer-spark-kafka-source-598d9184-ff11-4c8f-b55c-e51776cc2079--2111622232-executor-1, groupId=spark-kafka-source-598d9184-ff11-4c8f-b55c-e51776cc2079--2111622232-executor] Seeking to earliest offset of partition transactions-0
2025-11-09 03:24:11 [Executor task launch worker for task 0.0 in stage 12.0 (TID 12)] INFO  o.a.k.c.c.i.SubscriptionState - [Consumer clientId=consumer-spark-kafka-source-598d9184-ff11-4c8f-b55c-e51776cc2079--2111622232-executor-1, groupId=spark-kafka-source-598d9184-ff11-4c8f-b55c-e51776cc2079--2111622232-executor] Resetting offset for partition transactions-0 to position FetchPosition{offset=0, offsetEpoch=Optional.empty, currentLeader=LeaderAndEpoch{leader=Optional[localhost:9092 (id: 1 rack: null)], epoch=0}}.
2025-11-09 03:24:11 [Executor task launch worker for task 0.0 in stage 12.0 (TID 12)] INFO  o.a.k.c.c.i.SubscriptionState - [Consumer clientId=consumer-spark-kafka-source-598d9184-ff11-4c8f-b55c-e51776cc2079--2111622232-executor-1, groupId=spark-kafka-source-598d9184-ff11-4c8f-b55c-e51776cc2079--2111622232-executor] Seeking to latest offset of partition transactions-0
2025-11-09 03:24:11 [Executor task launch worker for task 0.0 in stage 12.0 (TID 12)] INFO  o.a.k.c.c.i.SubscriptionState - [Consumer clientId=consumer-spark-kafka-source-598d9184-ff11-4c8f-b55c-e51776cc2079--2111622232-executor-1, groupId=spark-kafka-source-598d9184-ff11-4c8f-b55c-e51776cc2079--2111622232-executor] Resetting offset for partition transactions-0 to position FetchPosition{offset=266, offsetEpoch=Optional.empty, currentLeader=LeaderAndEpoch{leader=Optional[localhost:9092 (id: 1 rack: null)], epoch=0}}.
2025-11-09 03:24:11 [Executor task launch worker for task 0.0 in stage 12.0 (TID 12)] INFO  o.a.s.s.e.d.v2.DataWritingSparkTask - Commit authorized for partition 0 (task 12, attempt 0, stage 12.0)
2025-11-09 03:24:11 [Executor task launch worker for task 0.0 in stage 12.0 (TID 12)] INFO  o.a.s.s.e.d.v2.DataWritingSparkTask - Committed partition 0 (task 12, attempt 0, stage 12.0)
2025-11-09 03:24:11 [Executor task launch worker for task 0.0 in stage 12.0 (TID 12)] INFO  org.apache.spark.executor.Executor - Finished task 0.0 in stage 12.0 (TID 12). 2180 bytes result sent to driver
2025-11-09 03:24:11 [task-result-getter-0] INFO  o.a.spark.scheduler.TaskSetManager - Finished task 0.0 in stage 12.0 (TID 12) in 531 ms on 192.168.1.6 (executor driver) (1/1)
2025-11-09 03:24:11 [task-result-getter-0] INFO  o.a.s.scheduler.TaskSchedulerImpl - Removed TaskSet 12.0, whose tasks have all completed, from pool 
2025-11-09 03:24:11 [dag-scheduler-event-loop] INFO  o.a.spark.scheduler.DAGScheduler - ResultStage 12 (start at FraudDetection.scala:66) finished in 0.537 s
2025-11-09 03:24:11 [dag-scheduler-event-loop] INFO  o.a.spark.scheduler.DAGScheduler - Job 12 is finished. Cancelling potential speculative or zombie tasks for this job
2025-11-09 03:24:11 [dag-scheduler-event-loop] INFO  o.a.s.scheduler.TaskSchedulerImpl - Killing all running tasks in stage 12: Stage finished
2025-11-09 03:24:11 [stream execution thread for [id = 7a53a007-fc5f-4b62-88f2-95a7e4acbf62, runId = 40354a01-ccb6-4dae-b705-87d59d863863]] INFO  o.a.spark.scheduler.DAGScheduler - Job 12 finished: start at FraudDetection.scala:66, took 0.539371 s
2025-11-09 03:24:11 [stream execution thread for [id = 7a53a007-fc5f-4b62-88f2-95a7e4acbf62, runId = 40354a01-ccb6-4dae-b705-87d59d863863]] INFO  o.a.s.s.e.d.v.WriteToDataSourceV2Exec - Data source write support MicroBatchWrite[epoch: 12, writer: ConsoleWriter[numRows=20, truncate=false]] is committing.
2025-11-09 03:24:11 [stream execution thread for [id = 7a53a007-fc5f-4b62-88f2-95a7e4acbf62, runId = 40354a01-ccb6-4dae-b705-87d59d863863]] INFO  o.a.s.s.e.d.v.WriteToDataSourceV2Exec - Data source write support MicroBatchWrite[epoch: 12, writer: ConsoleWriter[numRows=20, truncate=false]] committed.
2025-11-09 03:24:11 [stream execution thread for [id = 7a53a007-fc5f-4b62-88f2-95a7e4acbf62, runId = 40354a01-ccb6-4dae-b705-87d59d863863]] INFO  o.a.s.s.e.s.CheckpointFileManager - Writing atomically to file:/private/var/folders/d1/0lfypfw93vx8vhhstp40dlv40000gn/T/temporary-c0656fe9-68e0-4587-bcb3-94528327941d/commits/12 using temp file file:/private/var/folders/d1/0lfypfw93vx8vhhstp40dlv40000gn/T/temporary-c0656fe9-68e0-4587-bcb3-94528327941d/commits/.12.c736ddfe-596e-449e-9b43-8a4db4734674.tmp
2025-11-09 03:24:11 [stream execution thread for [id = 7a53a007-fc5f-4b62-88f2-95a7e4acbf62, runId = 40354a01-ccb6-4dae-b705-87d59d863863]] INFO  o.a.s.s.e.s.CheckpointFileManager - Renamed temp file file:/private/var/folders/d1/0lfypfw93vx8vhhstp40dlv40000gn/T/temporary-c0656fe9-68e0-4587-bcb3-94528327941d/commits/.12.c736ddfe-596e-449e-9b43-8a4db4734674.tmp to file:/private/var/folders/d1/0lfypfw93vx8vhhstp40dlv40000gn/T/temporary-c0656fe9-68e0-4587-bcb3-94528327941d/commits/12
2025-11-09 03:24:11 [stream execution thread for [id = 7a53a007-fc5f-4b62-88f2-95a7e4acbf62, runId = 40354a01-ccb6-4dae-b705-87d59d863863]] INFO  o.a.s.s.e.s.MicroBatchExecution - Streaming query made progress: {
  "id" : "7a53a007-fc5f-4b62-88f2-95a7e4acbf62",
  "runId" : "40354a01-ccb6-4dae-b705-87d59d863863",
  "name" : null,
  "timestamp" : "2025-11-08T21:54:10.737Z",
  "batchId" : 12,
  "numInputRows" : 1,
  "inputRowsPerSecond" : 52.631578947368425,
  "processedRowsPerSecond" : 1.4814814814814814,
  "durationMs" : {
    "addBatch" : 573,
    "commitOffsets" : 50,
    "getBatch" : 0,
    "latestOffset" : 5,
    "queryPlanning" : 6,
    "triggerExecution" : 675,
    "walCommit" : 41
  },
  "stateOperators" : [ ],
  "sources" : [ {
    "description" : "KafkaV2[Subscribe[transactions]]",
    "startOffset" : {
      "transactions" : {
        "0" : 265
      }
    },
    "endOffset" : {
      "transactions" : {
        "0" : 266
      }
    },
    "latestOffset" : {
      "transactions" : {
        "0" : 266
      }
    },
    "numInputRows" : 1,
    "inputRowsPerSecond" : 52.631578947368425,
    "processedRowsPerSecond" : 1.4814814814814814,
    "metrics" : {
      "avgOffsetsBehindLatest" : "0.0",
      "maxOffsetsBehindLatest" : "0",
      "minOffsetsBehindLatest" : "0"
    }
  } ],
  "sink" : {
    "description" : "org.apache.spark.sql.execution.streaming.ConsoleTable$@6e4ae8d1",
    "numOutputRows" : 1
  }
}
2025-11-09 03:24:11 [stream execution thread for [id = 7a53a007-fc5f-4b62-88f2-95a7e4acbf62, runId = 40354a01-ccb6-4dae-b705-87d59d863863]] INFO  o.a.s.s.e.s.CheckpointFileManager - Writing atomically to file:/private/var/folders/d1/0lfypfw93vx8vhhstp40dlv40000gn/T/temporary-c0656fe9-68e0-4587-bcb3-94528327941d/offsets/13 using temp file file:/private/var/folders/d1/0lfypfw93vx8vhhstp40dlv40000gn/T/temporary-c0656fe9-68e0-4587-bcb3-94528327941d/offsets/.13.e71143ea-fff4-45e0-b3e9-2d0a89e6e765.tmp
2025-11-09 03:24:11 [stream execution thread for [id = 7a53a007-fc5f-4b62-88f2-95a7e4acbf62, runId = 40354a01-ccb6-4dae-b705-87d59d863863]] INFO  o.a.s.s.e.s.CheckpointFileManager - Renamed temp file file:/private/var/folders/d1/0lfypfw93vx8vhhstp40dlv40000gn/T/temporary-c0656fe9-68e0-4587-bcb3-94528327941d/offsets/.13.e71143ea-fff4-45e0-b3e9-2d0a89e6e765.tmp to file:/private/var/folders/d1/0lfypfw93vx8vhhstp40dlv40000gn/T/temporary-c0656fe9-68e0-4587-bcb3-94528327941d/offsets/13
2025-11-09 03:24:11 [stream execution thread for [id = 7a53a007-fc5f-4b62-88f2-95a7e4acbf62, runId = 40354a01-ccb6-4dae-b705-87d59d863863]] INFO  o.a.s.s.e.s.MicroBatchExecution - Committed offsets for batch 13. Metadata OffsetSeqMetadata(0,1762638851745,Map(spark.sql.streaming.stateStore.providerClass -> org.apache.spark.sql.execution.streaming.state.HDFSBackedStateStoreProvider, spark.sql.streaming.join.stateFormatVersion -> 2, spark.sql.streaming.stateStore.compression.codec -> lz4, spark.sql.streaming.stateStore.rocksdb.formatVersion -> 5, spark.sql.streaming.statefulOperator.useStrictDistribution -> true, spark.sql.streaming.flatMapGroupsWithState.stateFormatVersion -> 2, spark.sql.streaming.multipleWatermarkPolicy -> min, spark.sql.streaming.aggregation.stateFormatVersion -> 2, spark.sql.shuffle.partitions -> 200))
2025-11-09 03:24:11 [stream execution thread for [id = 7a53a007-fc5f-4b62-88f2-95a7e4acbf62, runId = 40354a01-ccb6-4dae-b705-87d59d863863]] INFO  o.a.s.s.k.KafkaOffsetReaderAdmin - Partitions added: Map()
2025-11-09 03:24:11 [stream execution thread for [id = 7a53a007-fc5f-4b62-88f2-95a7e4acbf62, runId = 40354a01-ccb6-4dae-b705-87d59d863863]] INFO  o.a.s.s.k.KafkaOffsetReaderAdmin - Partitions added: Map()
2025-11-09 03:24:11 [stream execution thread for [id = 7a53a007-fc5f-4b62-88f2-95a7e4acbf62, runId = 40354a01-ccb6-4dae-b705-87d59d863863]] INFO  o.a.s.s.k.KafkaOffsetReaderAdmin - Partitions added: Map()
2025-11-09 03:24:11 [stream execution thread for [id = 7a53a007-fc5f-4b62-88f2-95a7e4acbf62, runId = 40354a01-ccb6-4dae-b705-87d59d863863]] INFO  o.a.s.s.k.KafkaOffsetReaderAdmin - Partitions added: Map()
2025-11-09 03:24:11 [stream execution thread for [id = 7a53a007-fc5f-4b62-88f2-95a7e4acbf62, runId = 40354a01-ccb6-4dae-b705-87d59d863863]] INFO  o.a.s.s.k.KafkaOffsetReaderAdmin - Partitions added: Map()
2025-11-09 03:24:11 [stream execution thread for [id = 7a53a007-fc5f-4b62-88f2-95a7e4acbf62, runId = 40354a01-ccb6-4dae-b705-87d59d863863]] INFO  o.a.s.s.k.KafkaOffsetReaderAdmin - Partitions added: Map()
2025-11-09 03:24:11 [stream execution thread for [id = 7a53a007-fc5f-4b62-88f2-95a7e4acbf62, runId = 40354a01-ccb6-4dae-b705-87d59d863863]] INFO  o.a.s.s.e.d.v.WriteToDataSourceV2Exec - Start processing data source write support: MicroBatchWrite[epoch: 13, writer: ConsoleWriter[numRows=20, truncate=false]]. The input RDD has 1 partitions.
2025-11-09 03:24:11 [stream execution thread for [id = 7a53a007-fc5f-4b62-88f2-95a7e4acbf62, runId = 40354a01-ccb6-4dae-b705-87d59d863863]] INFO  org.apache.spark.SparkContext - Starting job: start at FraudDetection.scala:66
2025-11-09 03:24:11 [dag-scheduler-event-loop] INFO  o.a.spark.scheduler.DAGScheduler - Got job 13 (start at FraudDetection.scala:66) with 1 output partitions
2025-11-09 03:24:11 [dag-scheduler-event-loop] INFO  o.a.spark.scheduler.DAGScheduler - Final stage: ResultStage 13 (start at FraudDetection.scala:66)
2025-11-09 03:24:11 [dag-scheduler-event-loop] INFO  o.a.spark.scheduler.DAGScheduler - Parents of final stage: List()
2025-11-09 03:24:11 [dag-scheduler-event-loop] INFO  o.a.spark.scheduler.DAGScheduler - Missing parents: List()
2025-11-09 03:24:11 [dag-scheduler-event-loop] INFO  o.a.spark.scheduler.DAGScheduler - Submitting ResultStage 13 (MapPartitionsRDD[56] at start at FraudDetection.scala:66), which has no missing parents
2025-11-09 03:24:11 [dag-scheduler-event-loop] INFO  o.a.spark.storage.memory.MemoryStore - Block broadcast_13 stored as values in memory (estimated size 25.6 KiB, free 1048.5 MiB)
2025-11-09 03:24:11 [dag-scheduler-event-loop] INFO  o.a.spark.storage.memory.MemoryStore - Block broadcast_13_piece0 stored as bytes in memory (estimated size 11.8 KiB, free 1048.5 MiB)
2025-11-09 03:24:11 [dispatcher-BlockManagerMaster] INFO  o.a.spark.storage.BlockManagerInfo - Added broadcast_13_piece0 in memory on 127.0.0.1:51276 (size: 11.8 KiB, free: 1048.7 MiB)
2025-11-09 03:24:11 [dag-scheduler-event-loop] INFO  org.apache.spark.SparkContext - Created broadcast 13 from broadcast at DAGScheduler.scala:1535
2025-11-09 03:24:11 [dag-scheduler-event-loop] INFO  o.a.spark.scheduler.DAGScheduler - Submitting 1 missing tasks from ResultStage 13 (MapPartitionsRDD[56] at start at FraudDetection.scala:66) (first 15 tasks are for partitions Vector(0))
2025-11-09 03:24:11 [dag-scheduler-event-loop] INFO  o.a.s.scheduler.TaskSchedulerImpl - Adding task set 13.0 with 1 tasks resource profile 0
2025-11-09 03:24:11 [dispatcher-event-loop-3] INFO  o.a.spark.scheduler.TaskSetManager - Starting task 0.0 in stage 13.0 (TID 13) (192.168.1.6, executor driver, partition 0, PROCESS_LOCAL, 8476 bytes) 
2025-11-09 03:24:11 [Executor task launch worker for task 0.0 in stage 13.0 (TID 13)] INFO  org.apache.spark.executor.Executor - Running task 0.0 in stage 13.0 (TID 13)
2025-11-09 03:24:11 [Executor task launch worker for task 0.0 in stage 13.0 (TID 13)] INFO  o.a.k.clients.consumer.KafkaConsumer - [Consumer clientId=consumer-spark-kafka-source-598d9184-ff11-4c8f-b55c-e51776cc2079--2111622232-executor-1, groupId=spark-kafka-source-598d9184-ff11-4c8f-b55c-e51776cc2079--2111622232-executor] Seeking to offset 266 for partition transactions-0
2025-11-09 03:24:11 [Executor task launch worker for task 0.0 in stage 13.0 (TID 13)] INFO  o.a.k.c.c.i.SubscriptionState - [Consumer clientId=consumer-spark-kafka-source-598d9184-ff11-4c8f-b55c-e51776cc2079--2111622232-executor-1, groupId=spark-kafka-source-598d9184-ff11-4c8f-b55c-e51776cc2079--2111622232-executor] Seeking to earliest offset of partition transactions-0
2025-11-09 03:24:12 [Executor task launch worker for task 0.0 in stage 13.0 (TID 13)] INFO  o.a.k.c.c.i.SubscriptionState - [Consumer clientId=consumer-spark-kafka-source-598d9184-ff11-4c8f-b55c-e51776cc2079--2111622232-executor-1, groupId=spark-kafka-source-598d9184-ff11-4c8f-b55c-e51776cc2079--2111622232-executor] Resetting offset for partition transactions-0 to position FetchPosition{offset=0, offsetEpoch=Optional.empty, currentLeader=LeaderAndEpoch{leader=Optional[localhost:9092 (id: 1 rack: null)], epoch=0}}.
2025-11-09 03:24:12 [Executor task launch worker for task 0.0 in stage 13.0 (TID 13)] INFO  o.a.k.c.c.i.SubscriptionState - [Consumer clientId=consumer-spark-kafka-source-598d9184-ff11-4c8f-b55c-e51776cc2079--2111622232-executor-1, groupId=spark-kafka-source-598d9184-ff11-4c8f-b55c-e51776cc2079--2111622232-executor] Seeking to latest offset of partition transactions-0
2025-11-09 03:24:12 [Executor task launch worker for task 0.0 in stage 13.0 (TID 13)] INFO  o.a.k.c.c.i.SubscriptionState - [Consumer clientId=consumer-spark-kafka-source-598d9184-ff11-4c8f-b55c-e51776cc2079--2111622232-executor-1, groupId=spark-kafka-source-598d9184-ff11-4c8f-b55c-e51776cc2079--2111622232-executor] Resetting offset for partition transactions-0 to position FetchPosition{offset=267, offsetEpoch=Optional.empty, currentLeader=LeaderAndEpoch{leader=Optional[localhost:9092 (id: 1 rack: null)], epoch=0}}.
2025-11-09 03:24:12 [Executor task launch worker for task 0.0 in stage 13.0 (TID 13)] INFO  o.a.s.s.e.d.v2.DataWritingSparkTask - Commit authorized for partition 0 (task 13, attempt 0, stage 13.0)
2025-11-09 03:24:12 [Executor task launch worker for task 0.0 in stage 13.0 (TID 13)] INFO  o.a.s.s.e.d.v2.DataWritingSparkTask - Committed partition 0 (task 13, attempt 0, stage 13.0)
2025-11-09 03:24:12 [Executor task launch worker for task 0.0 in stage 13.0 (TID 13)] INFO  org.apache.spark.executor.Executor - Finished task 0.0 in stage 13.0 (TID 13). 2180 bytes result sent to driver
2025-11-09 03:24:12 [task-result-getter-1] INFO  o.a.spark.scheduler.TaskSetManager - Finished task 0.0 in stage 13.0 (TID 13) in 532 ms on 192.168.1.6 (executor driver) (1/1)
2025-11-09 03:24:12 [task-result-getter-1] INFO  o.a.s.scheduler.TaskSchedulerImpl - Removed TaskSet 13.0, whose tasks have all completed, from pool 
2025-11-09 03:24:12 [dag-scheduler-event-loop] INFO  o.a.spark.scheduler.DAGScheduler - ResultStage 13 (start at FraudDetection.scala:66) finished in 0.537 s
2025-11-09 03:24:12 [dag-scheduler-event-loop] INFO  o.a.spark.scheduler.DAGScheduler - Job 13 is finished. Cancelling potential speculative or zombie tasks for this job
2025-11-09 03:24:12 [dag-scheduler-event-loop] INFO  o.a.s.scheduler.TaskSchedulerImpl - Killing all running tasks in stage 13: Stage finished
2025-11-09 03:24:12 [stream execution thread for [id = 7a53a007-fc5f-4b62-88f2-95a7e4acbf62, runId = 40354a01-ccb6-4dae-b705-87d59d863863]] INFO  o.a.spark.scheduler.DAGScheduler - Job 13 finished: start at FraudDetection.scala:66, took 0.538043 s
2025-11-09 03:24:12 [stream execution thread for [id = 7a53a007-fc5f-4b62-88f2-95a7e4acbf62, runId = 40354a01-ccb6-4dae-b705-87d59d863863]] INFO  o.a.s.s.e.d.v.WriteToDataSourceV2Exec - Data source write support MicroBatchWrite[epoch: 13, writer: ConsoleWriter[numRows=20, truncate=false]] is committing.
2025-11-09 03:24:12 [stream execution thread for [id = 7a53a007-fc5f-4b62-88f2-95a7e4acbf62, runId = 40354a01-ccb6-4dae-b705-87d59d863863]] INFO  o.a.s.s.e.d.v.WriteToDataSourceV2Exec - Data source write support MicroBatchWrite[epoch: 13, writer: ConsoleWriter[numRows=20, truncate=false]] committed.
2025-11-09 03:24:12 [stream execution thread for [id = 7a53a007-fc5f-4b62-88f2-95a7e4acbf62, runId = 40354a01-ccb6-4dae-b705-87d59d863863]] INFO  o.a.s.s.e.s.CheckpointFileManager - Writing atomically to file:/private/var/folders/d1/0lfypfw93vx8vhhstp40dlv40000gn/T/temporary-c0656fe9-68e0-4587-bcb3-94528327941d/commits/13 using temp file file:/private/var/folders/d1/0lfypfw93vx8vhhstp40dlv40000gn/T/temporary-c0656fe9-68e0-4587-bcb3-94528327941d/commits/.13.dde777b9-d63c-486f-88ca-bee7c15aedc5.tmp
2025-11-09 03:24:12 [stream execution thread for [id = 7a53a007-fc5f-4b62-88f2-95a7e4acbf62, runId = 40354a01-ccb6-4dae-b705-87d59d863863]] INFO  o.a.s.s.e.s.CheckpointFileManager - Renamed temp file file:/private/var/folders/d1/0lfypfw93vx8vhhstp40dlv40000gn/T/temporary-c0656fe9-68e0-4587-bcb3-94528327941d/commits/.13.dde777b9-d63c-486f-88ca-bee7c15aedc5.tmp to file:/private/var/folders/d1/0lfypfw93vx8vhhstp40dlv40000gn/T/temporary-c0656fe9-68e0-4587-bcb3-94528327941d/commits/13
2025-11-09 03:24:12 [stream execution thread for [id = 7a53a007-fc5f-4b62-88f2-95a7e4acbf62, runId = 40354a01-ccb6-4dae-b705-87d59d863863]] INFO  o.a.s.s.e.s.MicroBatchExecution - Streaming query made progress: {
  "id" : "7a53a007-fc5f-4b62-88f2-95a7e4acbf62",
  "runId" : "40354a01-ccb6-4dae-b705-87d59d863863",
  "name" : null,
  "timestamp" : "2025-11-08T21:54:11.740Z",
  "batchId" : 13,
  "numInputRows" : 1,
  "inputRowsPerSecond" : 55.55555555555556,
  "processedRowsPerSecond" : 1.4727540500736376,
  "durationMs" : {
    "addBatch" : 571,
    "commitOffsets" : 54,
    "getBatch" : 0,
    "latestOffset" : 5,
    "queryPlanning" : 7,
    "triggerExecution" : 679,
    "walCommit" : 42
  },
  "stateOperators" : [ ],
  "sources" : [ {
    "description" : "KafkaV2[Subscribe[transactions]]",
    "startOffset" : {
      "transactions" : {
        "0" : 266
      }
    },
    "endOffset" : {
      "transactions" : {
        "0" : 267
      }
    },
    "latestOffset" : {
      "transactions" : {
        "0" : 267
      }
    },
    "numInputRows" : 1,
    "inputRowsPerSecond" : 55.55555555555556,
    "processedRowsPerSecond" : 1.4727540500736376,
    "metrics" : {
      "avgOffsetsBehindLatest" : "0.0",
      "maxOffsetsBehindLatest" : "0",
      "minOffsetsBehindLatest" : "0"
    }
  } ],
  "sink" : {
    "description" : "org.apache.spark.sql.execution.streaming.ConsoleTable$@6e4ae8d1",
    "numOutputRows" : 1
  }
}
2025-11-09 03:24:12 [stream execution thread for [id = 7a53a007-fc5f-4b62-88f2-95a7e4acbf62, runId = 40354a01-ccb6-4dae-b705-87d59d863863]] INFO  o.a.s.s.e.s.CheckpointFileManager - Writing atomically to file:/private/var/folders/d1/0lfypfw93vx8vhhstp40dlv40000gn/T/temporary-c0656fe9-68e0-4587-bcb3-94528327941d/offsets/14 using temp file file:/private/var/folders/d1/0lfypfw93vx8vhhstp40dlv40000gn/T/temporary-c0656fe9-68e0-4587-bcb3-94528327941d/offsets/.14.47689434-e4b7-425d-878a-66805bbff941.tmp
2025-11-09 03:24:12 [stream execution thread for [id = 7a53a007-fc5f-4b62-88f2-95a7e4acbf62, runId = 40354a01-ccb6-4dae-b705-87d59d863863]] INFO  o.a.s.s.e.s.CheckpointFileManager - Renamed temp file file:/private/var/folders/d1/0lfypfw93vx8vhhstp40dlv40000gn/T/temporary-c0656fe9-68e0-4587-bcb3-94528327941d/offsets/.14.47689434-e4b7-425d-878a-66805bbff941.tmp to file:/private/var/folders/d1/0lfypfw93vx8vhhstp40dlv40000gn/T/temporary-c0656fe9-68e0-4587-bcb3-94528327941d/offsets/14
2025-11-09 03:24:12 [stream execution thread for [id = 7a53a007-fc5f-4b62-88f2-95a7e4acbf62, runId = 40354a01-ccb6-4dae-b705-87d59d863863]] INFO  o.a.s.s.e.s.MicroBatchExecution - Committed offsets for batch 14. Metadata OffsetSeqMetadata(0,1762638852747,Map(spark.sql.streaming.stateStore.providerClass -> org.apache.spark.sql.execution.streaming.state.HDFSBackedStateStoreProvider, spark.sql.streaming.join.stateFormatVersion -> 2, spark.sql.streaming.stateStore.compression.codec -> lz4, spark.sql.streaming.stateStore.rocksdb.formatVersion -> 5, spark.sql.streaming.statefulOperator.useStrictDistribution -> true, spark.sql.streaming.flatMapGroupsWithState.stateFormatVersion -> 2, spark.sql.streaming.multipleWatermarkPolicy -> min, spark.sql.streaming.aggregation.stateFormatVersion -> 2, spark.sql.shuffle.partitions -> 200))
2025-11-09 03:24:12 [stream execution thread for [id = 7a53a007-fc5f-4b62-88f2-95a7e4acbf62, runId = 40354a01-ccb6-4dae-b705-87d59d863863]] INFO  o.a.s.s.k.KafkaOffsetReaderAdmin - Partitions added: Map()
2025-11-09 03:24:12 [stream execution thread for [id = 7a53a007-fc5f-4b62-88f2-95a7e4acbf62, runId = 40354a01-ccb6-4dae-b705-87d59d863863]] INFO  o.a.s.s.k.KafkaOffsetReaderAdmin - Partitions added: Map()
2025-11-09 03:24:12 [stream execution thread for [id = 7a53a007-fc5f-4b62-88f2-95a7e4acbf62, runId = 40354a01-ccb6-4dae-b705-87d59d863863]] INFO  o.a.s.s.k.KafkaOffsetReaderAdmin - Partitions added: Map()
2025-11-09 03:24:12 [dispatcher-BlockManagerMaster] INFO  o.a.spark.storage.BlockManagerInfo - Removed broadcast_9_piece0 on 127.0.0.1:51276 in memory (size: 11.8 KiB, free: 1048.7 MiB)
2025-11-09 03:24:12 [stream execution thread for [id = 7a53a007-fc5f-4b62-88f2-95a7e4acbf62, runId = 40354a01-ccb6-4dae-b705-87d59d863863]] INFO  o.a.s.s.k.KafkaOffsetReaderAdmin - Partitions added: Map()
2025-11-09 03:24:12 [dispatcher-BlockManagerMaster] INFO  o.a.spark.storage.BlockManagerInfo - Removed broadcast_12_piece0 on 127.0.0.1:51276 in memory (size: 11.7 KiB, free: 1048.7 MiB)
2025-11-09 03:24:12 [dispatcher-BlockManagerMaster] INFO  o.a.spark.storage.BlockManagerInfo - Removed broadcast_10_piece0 on 127.0.0.1:51276 in memory (size: 11.8 KiB, free: 1048.7 MiB)
2025-11-09 03:24:12 [dispatcher-BlockManagerMaster] INFO  o.a.spark.storage.BlockManagerInfo - Removed broadcast_7_piece0 on 127.0.0.1:51276 in memory (size: 11.8 KiB, free: 1048.8 MiB)
2025-11-09 03:24:12 [dispatcher-BlockManagerMaster] INFO  o.a.spark.storage.BlockManagerInfo - Removed broadcast_13_piece0 on 127.0.0.1:51276 in memory (size: 11.8 KiB, free: 1048.8 MiB)
2025-11-09 03:24:12 [stream execution thread for [id = 7a53a007-fc5f-4b62-88f2-95a7e4acbf62, runId = 40354a01-ccb6-4dae-b705-87d59d863863]] INFO  o.a.s.s.k.KafkaOffsetReaderAdmin - Partitions added: Map()
2025-11-09 03:24:12 [stream execution thread for [id = 7a53a007-fc5f-4b62-88f2-95a7e4acbf62, runId = 40354a01-ccb6-4dae-b705-87d59d863863]] INFO  o.a.s.s.k.KafkaOffsetReaderAdmin - Partitions added: Map()
2025-11-09 03:24:12 [dispatcher-BlockManagerMaster] INFO  o.a.spark.storage.BlockManagerInfo - Removed broadcast_8_piece0 on 127.0.0.1:51276 in memory (size: 11.8 KiB, free: 1048.8 MiB)
2025-11-09 03:24:12 [dispatcher-BlockManagerMaster] INFO  o.a.spark.storage.BlockManagerInfo - Removed broadcast_6_piece0 on 127.0.0.1:51276 in memory (size: 11.7 KiB, free: 1048.8 MiB)
2025-11-09 03:24:12 [dispatcher-BlockManagerMaster] INFO  o.a.spark.storage.BlockManagerInfo - Removed broadcast_11_piece0 on 127.0.0.1:51276 in memory (size: 11.8 KiB, free: 1048.8 MiB)
2025-11-09 03:24:12 [stream execution thread for [id = 7a53a007-fc5f-4b62-88f2-95a7e4acbf62, runId = 40354a01-ccb6-4dae-b705-87d59d863863]] INFO  o.a.s.s.e.d.v.WriteToDataSourceV2Exec - Start processing data source write support: MicroBatchWrite[epoch: 14, writer: ConsoleWriter[numRows=20, truncate=false]]. The input RDD has 1 partitions.
2025-11-09 03:24:12 [stream execution thread for [id = 7a53a007-fc5f-4b62-88f2-95a7e4acbf62, runId = 40354a01-ccb6-4dae-b705-87d59d863863]] INFO  org.apache.spark.SparkContext - Starting job: start at FraudDetection.scala:66
2025-11-09 03:24:12 [dag-scheduler-event-loop] INFO  o.a.spark.scheduler.DAGScheduler - Got job 14 (start at FraudDetection.scala:66) with 1 output partitions
2025-11-09 03:24:12 [dag-scheduler-event-loop] INFO  o.a.spark.scheduler.DAGScheduler - Final stage: ResultStage 14 (start at FraudDetection.scala:66)
2025-11-09 03:24:12 [dag-scheduler-event-loop] INFO  o.a.spark.scheduler.DAGScheduler - Parents of final stage: List()
2025-11-09 03:24:12 [dag-scheduler-event-loop] INFO  o.a.spark.scheduler.DAGScheduler - Missing parents: List()
2025-11-09 03:24:12 [dag-scheduler-event-loop] INFO  o.a.spark.scheduler.DAGScheduler - Submitting ResultStage 14 (MapPartitionsRDD[60] at start at FraudDetection.scala:66), which has no missing parents
2025-11-09 03:24:12 [dag-scheduler-event-loop] INFO  o.a.spark.storage.memory.MemoryStore - Block broadcast_14 stored as values in memory (estimated size 25.6 KiB, free 1048.8 MiB)
2025-11-09 03:24:12 [dag-scheduler-event-loop] INFO  o.a.spark.storage.memory.MemoryStore - Block broadcast_14_piece0 stored as bytes in memory (estimated size 11.8 KiB, free 1048.8 MiB)
2025-11-09 03:24:12 [dispatcher-BlockManagerMaster] INFO  o.a.spark.storage.BlockManagerInfo - Added broadcast_14_piece0 in memory on 127.0.0.1:51276 (size: 11.8 KiB, free: 1048.8 MiB)
2025-11-09 03:24:12 [dag-scheduler-event-loop] INFO  org.apache.spark.SparkContext - Created broadcast 14 from broadcast at DAGScheduler.scala:1535
2025-11-09 03:24:12 [dag-scheduler-event-loop] INFO  o.a.spark.scheduler.DAGScheduler - Submitting 1 missing tasks from ResultStage 14 (MapPartitionsRDD[60] at start at FraudDetection.scala:66) (first 15 tasks are for partitions Vector(0))
2025-11-09 03:24:12 [dag-scheduler-event-loop] INFO  o.a.s.scheduler.TaskSchedulerImpl - Adding task set 14.0 with 1 tasks resource profile 0
2025-11-09 03:24:12 [dispatcher-event-loop-7] INFO  o.a.spark.scheduler.TaskSetManager - Starting task 0.0 in stage 14.0 (TID 14) (192.168.1.6, executor driver, partition 0, PROCESS_LOCAL, 8476 bytes) 
2025-11-09 03:24:12 [Executor task launch worker for task 0.0 in stage 14.0 (TID 14)] INFO  org.apache.spark.executor.Executor - Running task 0.0 in stage 14.0 (TID 14)
2025-11-09 03:24:12 [Executor task launch worker for task 0.0 in stage 14.0 (TID 14)] INFO  o.a.k.clients.consumer.KafkaConsumer - [Consumer clientId=consumer-spark-kafka-source-598d9184-ff11-4c8f-b55c-e51776cc2079--2111622232-executor-1, groupId=spark-kafka-source-598d9184-ff11-4c8f-b55c-e51776cc2079--2111622232-executor] Seeking to offset 267 for partition transactions-0
2025-11-09 03:24:12 [Executor task launch worker for task 0.0 in stage 14.0 (TID 14)] INFO  o.a.k.c.c.i.SubscriptionState - [Consumer clientId=consumer-spark-kafka-source-598d9184-ff11-4c8f-b55c-e51776cc2079--2111622232-executor-1, groupId=spark-kafka-source-598d9184-ff11-4c8f-b55c-e51776cc2079--2111622232-executor] Seeking to earliest offset of partition transactions-0
2025-11-09 03:24:13 [Executor task launch worker for task 0.0 in stage 14.0 (TID 14)] INFO  o.a.k.c.c.i.SubscriptionState - [Consumer clientId=consumer-spark-kafka-source-598d9184-ff11-4c8f-b55c-e51776cc2079--2111622232-executor-1, groupId=spark-kafka-source-598d9184-ff11-4c8f-b55c-e51776cc2079--2111622232-executor] Resetting offset for partition transactions-0 to position FetchPosition{offset=0, offsetEpoch=Optional.empty, currentLeader=LeaderAndEpoch{leader=Optional[localhost:9092 (id: 1 rack: null)], epoch=0}}.
2025-11-09 03:24:13 [Executor task launch worker for task 0.0 in stage 14.0 (TID 14)] INFO  o.a.k.c.c.i.SubscriptionState - [Consumer clientId=consumer-spark-kafka-source-598d9184-ff11-4c8f-b55c-e51776cc2079--2111622232-executor-1, groupId=spark-kafka-source-598d9184-ff11-4c8f-b55c-e51776cc2079--2111622232-executor] Seeking to latest offset of partition transactions-0
2025-11-09 03:24:13 [Executor task launch worker for task 0.0 in stage 14.0 (TID 14)] INFO  o.a.k.c.c.i.SubscriptionState - [Consumer clientId=consumer-spark-kafka-source-598d9184-ff11-4c8f-b55c-e51776cc2079--2111622232-executor-1, groupId=spark-kafka-source-598d9184-ff11-4c8f-b55c-e51776cc2079--2111622232-executor] Resetting offset for partition transactions-0 to position FetchPosition{offset=268, offsetEpoch=Optional.empty, currentLeader=LeaderAndEpoch{leader=Optional[localhost:9092 (id: 1 rack: null)], epoch=0}}.
2025-11-09 03:24:13 [Executor task launch worker for task 0.0 in stage 14.0 (TID 14)] INFO  o.a.s.s.e.d.v2.DataWritingSparkTask - Commit authorized for partition 0 (task 14, attempt 0, stage 14.0)
2025-11-09 03:24:13 [Executor task launch worker for task 0.0 in stage 14.0 (TID 14)] INFO  o.a.s.s.e.d.v2.DataWritingSparkTask - Committed partition 0 (task 14, attempt 0, stage 14.0)
2025-11-09 03:24:13 [Executor task launch worker for task 0.0 in stage 14.0 (TID 14)] INFO  org.apache.spark.executor.Executor - Finished task 0.0 in stage 14.0 (TID 14). 2180 bytes result sent to driver
2025-11-09 03:24:13 [task-result-getter-2] INFO  o.a.spark.scheduler.TaskSetManager - Finished task 0.0 in stage 14.0 (TID 14) in 527 ms on 192.168.1.6 (executor driver) (1/1)
2025-11-09 03:24:13 [task-result-getter-2] INFO  o.a.s.scheduler.TaskSchedulerImpl - Removed TaskSet 14.0, whose tasks have all completed, from pool 
2025-11-09 03:24:13 [dag-scheduler-event-loop] INFO  o.a.spark.scheduler.DAGScheduler - ResultStage 14 (start at FraudDetection.scala:66) finished in 0.530 s
2025-11-09 03:24:13 [dag-scheduler-event-loop] INFO  o.a.spark.scheduler.DAGScheduler - Job 14 is finished. Cancelling potential speculative or zombie tasks for this job
2025-11-09 03:24:13 [dag-scheduler-event-loop] INFO  o.a.s.scheduler.TaskSchedulerImpl - Killing all running tasks in stage 14: Stage finished
2025-11-09 03:24:13 [stream execution thread for [id = 7a53a007-fc5f-4b62-88f2-95a7e4acbf62, runId = 40354a01-ccb6-4dae-b705-87d59d863863]] INFO  o.a.spark.scheduler.DAGScheduler - Job 14 finished: start at FraudDetection.scala:66, took 0.532158 s
2025-11-09 03:24:13 [stream execution thread for [id = 7a53a007-fc5f-4b62-88f2-95a7e4acbf62, runId = 40354a01-ccb6-4dae-b705-87d59d863863]] INFO  o.a.s.s.e.d.v.WriteToDataSourceV2Exec - Data source write support MicroBatchWrite[epoch: 14, writer: ConsoleWriter[numRows=20, truncate=false]] is committing.
2025-11-09 03:24:13 [stream execution thread for [id = 7a53a007-fc5f-4b62-88f2-95a7e4acbf62, runId = 40354a01-ccb6-4dae-b705-87d59d863863]] INFO  o.a.s.s.e.d.v.WriteToDataSourceV2Exec - Data source write support MicroBatchWrite[epoch: 14, writer: ConsoleWriter[numRows=20, truncate=false]] committed.
2025-11-09 03:24:13 [stream execution thread for [id = 7a53a007-fc5f-4b62-88f2-95a7e4acbf62, runId = 40354a01-ccb6-4dae-b705-87d59d863863]] INFO  o.a.s.s.e.s.CheckpointFileManager - Writing atomically to file:/private/var/folders/d1/0lfypfw93vx8vhhstp40dlv40000gn/T/temporary-c0656fe9-68e0-4587-bcb3-94528327941d/commits/14 using temp file file:/private/var/folders/d1/0lfypfw93vx8vhhstp40dlv40000gn/T/temporary-c0656fe9-68e0-4587-bcb3-94528327941d/commits/.14.2aa72202-90af-4f4c-a000-877c028e4ead.tmp
2025-11-09 03:24:13 [stream execution thread for [id = 7a53a007-fc5f-4b62-88f2-95a7e4acbf62, runId = 40354a01-ccb6-4dae-b705-87d59d863863]] INFO  o.a.s.s.e.s.CheckpointFileManager - Renamed temp file file:/private/var/folders/d1/0lfypfw93vx8vhhstp40dlv40000gn/T/temporary-c0656fe9-68e0-4587-bcb3-94528327941d/commits/.14.2aa72202-90af-4f4c-a000-877c028e4ead.tmp to file:/private/var/folders/d1/0lfypfw93vx8vhhstp40dlv40000gn/T/temporary-c0656fe9-68e0-4587-bcb3-94528327941d/commits/14
2025-11-09 03:24:13 [stream execution thread for [id = 7a53a007-fc5f-4b62-88f2-95a7e4acbf62, runId = 40354a01-ccb6-4dae-b705-87d59d863863]] INFO  o.a.s.s.e.s.MicroBatchExecution - Streaming query made progress: {
  "id" : "7a53a007-fc5f-4b62-88f2-95a7e4acbf62",
  "runId" : "40354a01-ccb6-4dae-b705-87d59d863863",
  "name" : null,
  "timestamp" : "2025-11-08T21:54:12.742Z",
  "batchId" : 14,
  "numInputRows" : 1,
  "inputRowsPerSecond" : 62.5,
  "processedRowsPerSecond" : 1.4792899408284024,
  "durationMs" : {
    "addBatch" : 580,
    "commitOffsets" : 51,
    "getBatch" : 1,
    "latestOffset" : 5,
    "queryPlanning" : 5,
    "triggerExecution" : 676,
    "walCommit" : 34
  },
  "stateOperators" : [ ],
  "sources" : [ {
    "description" : "KafkaV2[Subscribe[transactions]]",
    "startOffset" : {
      "transactions" : {
        "0" : 267
      }
    },
    "endOffset" : {
      "transactions" : {
        "0" : 268
      }
    },
    "latestOffset" : {
      "transactions" : {
        "0" : 268
      }
    },
    "numInputRows" : 1,
    "inputRowsPerSecond" : 62.5,
    "processedRowsPerSecond" : 1.4792899408284024,
    "metrics" : {
      "avgOffsetsBehindLatest" : "0.0",
      "maxOffsetsBehindLatest" : "0",
      "minOffsetsBehindLatest" : "0"
    }
  } ],
  "sink" : {
    "description" : "org.apache.spark.sql.execution.streaming.ConsoleTable$@6e4ae8d1",
    "numOutputRows" : 1
  }
}
2025-11-09 03:24:13 [stream execution thread for [id = 7a53a007-fc5f-4b62-88f2-95a7e4acbf62, runId = 40354a01-ccb6-4dae-b705-87d59d863863]] INFO  o.a.s.s.e.s.CheckpointFileManager - Writing atomically to file:/private/var/folders/d1/0lfypfw93vx8vhhstp40dlv40000gn/T/temporary-c0656fe9-68e0-4587-bcb3-94528327941d/offsets/15 using temp file file:/private/var/folders/d1/0lfypfw93vx8vhhstp40dlv40000gn/T/temporary-c0656fe9-68e0-4587-bcb3-94528327941d/offsets/.15.dec763d4-e600-4cda-a207-f8be079950d1.tmp
2025-11-09 03:24:13 [stream execution thread for [id = 7a53a007-fc5f-4b62-88f2-95a7e4acbf62, runId = 40354a01-ccb6-4dae-b705-87d59d863863]] INFO  o.a.s.s.e.s.CheckpointFileManager - Renamed temp file file:/private/var/folders/d1/0lfypfw93vx8vhhstp40dlv40000gn/T/temporary-c0656fe9-68e0-4587-bcb3-94528327941d/offsets/.15.dec763d4-e600-4cda-a207-f8be079950d1.tmp to file:/private/var/folders/d1/0lfypfw93vx8vhhstp40dlv40000gn/T/temporary-c0656fe9-68e0-4587-bcb3-94528327941d/offsets/15
2025-11-09 03:24:13 [stream execution thread for [id = 7a53a007-fc5f-4b62-88f2-95a7e4acbf62, runId = 40354a01-ccb6-4dae-b705-87d59d863863]] INFO  o.a.s.s.e.s.MicroBatchExecution - Committed offsets for batch 15. Metadata OffsetSeqMetadata(0,1762638853746,Map(spark.sql.streaming.stateStore.providerClass -> org.apache.spark.sql.execution.streaming.state.HDFSBackedStateStoreProvider, spark.sql.streaming.join.stateFormatVersion -> 2, spark.sql.streaming.stateStore.compression.codec -> lz4, spark.sql.streaming.stateStore.rocksdb.formatVersion -> 5, spark.sql.streaming.statefulOperator.useStrictDistribution -> true, spark.sql.streaming.flatMapGroupsWithState.stateFormatVersion -> 2, spark.sql.streaming.multipleWatermarkPolicy -> min, spark.sql.streaming.aggregation.stateFormatVersion -> 2, spark.sql.shuffle.partitions -> 200))
2025-11-09 03:24:13 [stream execution thread for [id = 7a53a007-fc5f-4b62-88f2-95a7e4acbf62, runId = 40354a01-ccb6-4dae-b705-87d59d863863]] INFO  o.a.s.s.k.KafkaOffsetReaderAdmin - Partitions added: Map()
2025-11-09 03:24:13 [stream execution thread for [id = 7a53a007-fc5f-4b62-88f2-95a7e4acbf62, runId = 40354a01-ccb6-4dae-b705-87d59d863863]] INFO  o.a.s.s.k.KafkaOffsetReaderAdmin - Partitions added: Map()
2025-11-09 03:24:13 [stream execution thread for [id = 7a53a007-fc5f-4b62-88f2-95a7e4acbf62, runId = 40354a01-ccb6-4dae-b705-87d59d863863]] INFO  o.a.s.s.k.KafkaOffsetReaderAdmin - Partitions added: Map()
2025-11-09 03:24:13 [stream execution thread for [id = 7a53a007-fc5f-4b62-88f2-95a7e4acbf62, runId = 40354a01-ccb6-4dae-b705-87d59d863863]] INFO  o.a.s.s.k.KafkaOffsetReaderAdmin - Partitions added: Map()
2025-11-09 03:24:13 [stream execution thread for [id = 7a53a007-fc5f-4b62-88f2-95a7e4acbf62, runId = 40354a01-ccb6-4dae-b705-87d59d863863]] INFO  o.a.s.s.k.KafkaOffsetReaderAdmin - Partitions added: Map()
2025-11-09 03:24:13 [stream execution thread for [id = 7a53a007-fc5f-4b62-88f2-95a7e4acbf62, runId = 40354a01-ccb6-4dae-b705-87d59d863863]] INFO  o.a.s.s.k.KafkaOffsetReaderAdmin - Partitions added: Map()
2025-11-09 03:24:13 [stream execution thread for [id = 7a53a007-fc5f-4b62-88f2-95a7e4acbf62, runId = 40354a01-ccb6-4dae-b705-87d59d863863]] INFO  o.a.s.s.e.d.v.WriteToDataSourceV2Exec - Start processing data source write support: MicroBatchWrite[epoch: 15, writer: ConsoleWriter[numRows=20, truncate=false]]. The input RDD has 1 partitions.
2025-11-09 03:24:13 [stream execution thread for [id = 7a53a007-fc5f-4b62-88f2-95a7e4acbf62, runId = 40354a01-ccb6-4dae-b705-87d59d863863]] INFO  org.apache.spark.SparkContext - Starting job: start at FraudDetection.scala:66
2025-11-09 03:24:13 [dag-scheduler-event-loop] INFO  o.a.spark.scheduler.DAGScheduler - Got job 15 (start at FraudDetection.scala:66) with 1 output partitions
2025-11-09 03:24:13 [dag-scheduler-event-loop] INFO  o.a.spark.scheduler.DAGScheduler - Final stage: ResultStage 15 (start at FraudDetection.scala:66)
2025-11-09 03:24:13 [dag-scheduler-event-loop] INFO  o.a.spark.scheduler.DAGScheduler - Parents of final stage: List()
2025-11-09 03:24:13 [dag-scheduler-event-loop] INFO  o.a.spark.scheduler.DAGScheduler - Missing parents: List()
2025-11-09 03:24:13 [dag-scheduler-event-loop] INFO  o.a.spark.scheduler.DAGScheduler - Submitting ResultStage 15 (MapPartitionsRDD[64] at start at FraudDetection.scala:66), which has no missing parents
2025-11-09 03:24:13 [dag-scheduler-event-loop] INFO  o.a.spark.storage.memory.MemoryStore - Block broadcast_15 stored as values in memory (estimated size 25.6 KiB, free 1048.7 MiB)
2025-11-09 03:24:13 [dag-scheduler-event-loop] INFO  o.a.spark.storage.memory.MemoryStore - Block broadcast_15_piece0 stored as bytes in memory (estimated size 11.8 KiB, free 1048.7 MiB)
2025-11-09 03:24:13 [dispatcher-BlockManagerMaster] INFO  o.a.spark.storage.BlockManagerInfo - Added broadcast_15_piece0 in memory on 127.0.0.1:51276 (size: 11.8 KiB, free: 1048.8 MiB)
2025-11-09 03:24:13 [dag-scheduler-event-loop] INFO  org.apache.spark.SparkContext - Created broadcast 15 from broadcast at DAGScheduler.scala:1535
2025-11-09 03:24:13 [dag-scheduler-event-loop] INFO  o.a.spark.scheduler.DAGScheduler - Submitting 1 missing tasks from ResultStage 15 (MapPartitionsRDD[64] at start at FraudDetection.scala:66) (first 15 tasks are for partitions Vector(0))
2025-11-09 03:24:13 [dag-scheduler-event-loop] INFO  o.a.s.scheduler.TaskSchedulerImpl - Adding task set 15.0 with 1 tasks resource profile 0
2025-11-09 03:24:13 [dispatcher-event-loop-3] INFO  o.a.spark.scheduler.TaskSetManager - Starting task 0.0 in stage 15.0 (TID 15) (192.168.1.6, executor driver, partition 0, PROCESS_LOCAL, 8476 bytes) 
2025-11-09 03:24:13 [Executor task launch worker for task 0.0 in stage 15.0 (TID 15)] INFO  org.apache.spark.executor.Executor - Running task 0.0 in stage 15.0 (TID 15)
2025-11-09 03:24:13 [Executor task launch worker for task 0.0 in stage 15.0 (TID 15)] INFO  o.a.k.clients.consumer.KafkaConsumer - [Consumer clientId=consumer-spark-kafka-source-598d9184-ff11-4c8f-b55c-e51776cc2079--2111622232-executor-1, groupId=spark-kafka-source-598d9184-ff11-4c8f-b55c-e51776cc2079--2111622232-executor] Seeking to offset 268 for partition transactions-0
2025-11-09 03:24:13 [Executor task launch worker for task 0.0 in stage 15.0 (TID 15)] INFO  o.a.k.c.c.i.SubscriptionState - [Consumer clientId=consumer-spark-kafka-source-598d9184-ff11-4c8f-b55c-e51776cc2079--2111622232-executor-1, groupId=spark-kafka-source-598d9184-ff11-4c8f-b55c-e51776cc2079--2111622232-executor] Seeking to earliest offset of partition transactions-0
2025-11-09 03:24:14 [Executor task launch worker for task 0.0 in stage 15.0 (TID 15)] INFO  o.a.k.c.c.i.SubscriptionState - [Consumer clientId=consumer-spark-kafka-source-598d9184-ff11-4c8f-b55c-e51776cc2079--2111622232-executor-1, groupId=spark-kafka-source-598d9184-ff11-4c8f-b55c-e51776cc2079--2111622232-executor] Resetting offset for partition transactions-0 to position FetchPosition{offset=0, offsetEpoch=Optional.empty, currentLeader=LeaderAndEpoch{leader=Optional[localhost:9092 (id: 1 rack: null)], epoch=0}}.
2025-11-09 03:24:14 [Executor task launch worker for task 0.0 in stage 15.0 (TID 15)] INFO  o.a.k.c.c.i.SubscriptionState - [Consumer clientId=consumer-spark-kafka-source-598d9184-ff11-4c8f-b55c-e51776cc2079--2111622232-executor-1, groupId=spark-kafka-source-598d9184-ff11-4c8f-b55c-e51776cc2079--2111622232-executor] Seeking to latest offset of partition transactions-0
2025-11-09 03:24:14 [Executor task launch worker for task 0.0 in stage 15.0 (TID 15)] INFO  o.a.k.c.c.i.SubscriptionState - [Consumer clientId=consumer-spark-kafka-source-598d9184-ff11-4c8f-b55c-e51776cc2079--2111622232-executor-1, groupId=spark-kafka-source-598d9184-ff11-4c8f-b55c-e51776cc2079--2111622232-executor] Resetting offset for partition transactions-0 to position FetchPosition{offset=269, offsetEpoch=Optional.empty, currentLeader=LeaderAndEpoch{leader=Optional[localhost:9092 (id: 1 rack: null)], epoch=0}}.
2025-11-09 03:24:14 [Executor task launch worker for task 0.0 in stage 15.0 (TID 15)] INFO  o.a.s.s.e.d.v2.DataWritingSparkTask - Commit authorized for partition 0 (task 15, attempt 0, stage 15.0)
2025-11-09 03:24:14 [Executor task launch worker for task 0.0 in stage 15.0 (TID 15)] INFO  o.a.s.s.e.d.v2.DataWritingSparkTask - Committed partition 0 (task 15, attempt 0, stage 15.0)
2025-11-09 03:24:14 [Executor task launch worker for task 0.0 in stage 15.0 (TID 15)] INFO  org.apache.spark.executor.Executor - Finished task 0.0 in stage 15.0 (TID 15). 2180 bytes result sent to driver
2025-11-09 03:24:14 [task-result-getter-3] INFO  o.a.spark.scheduler.TaskSetManager - Finished task 0.0 in stage 15.0 (TID 15) in 527 ms on 192.168.1.6 (executor driver) (1/1)
2025-11-09 03:24:14 [task-result-getter-3] INFO  o.a.s.scheduler.TaskSchedulerImpl - Removed TaskSet 15.0, whose tasks have all completed, from pool 
2025-11-09 03:24:14 [dag-scheduler-event-loop] INFO  o.a.spark.scheduler.DAGScheduler - ResultStage 15 (start at FraudDetection.scala:66) finished in 0.531 s
2025-11-09 03:24:14 [dag-scheduler-event-loop] INFO  o.a.spark.scheduler.DAGScheduler - Job 15 is finished. Cancelling potential speculative or zombie tasks for this job
2025-11-09 03:24:14 [dag-scheduler-event-loop] INFO  o.a.s.scheduler.TaskSchedulerImpl - Killing all running tasks in stage 15: Stage finished
2025-11-09 03:24:14 [stream execution thread for [id = 7a53a007-fc5f-4b62-88f2-95a7e4acbf62, runId = 40354a01-ccb6-4dae-b705-87d59d863863]] INFO  o.a.spark.scheduler.DAGScheduler - Job 15 finished: start at FraudDetection.scala:66, took 0.532485 s
2025-11-09 03:24:14 [stream execution thread for [id = 7a53a007-fc5f-4b62-88f2-95a7e4acbf62, runId = 40354a01-ccb6-4dae-b705-87d59d863863]] INFO  o.a.s.s.e.d.v.WriteToDataSourceV2Exec - Data source write support MicroBatchWrite[epoch: 15, writer: ConsoleWriter[numRows=20, truncate=false]] is committing.
2025-11-09 03:24:14 [stream execution thread for [id = 7a53a007-fc5f-4b62-88f2-95a7e4acbf62, runId = 40354a01-ccb6-4dae-b705-87d59d863863]] INFO  o.a.s.s.e.d.v.WriteToDataSourceV2Exec - Data source write support MicroBatchWrite[epoch: 15, writer: ConsoleWriter[numRows=20, truncate=false]] committed.
2025-11-09 03:24:14 [stream execution thread for [id = 7a53a007-fc5f-4b62-88f2-95a7e4acbf62, runId = 40354a01-ccb6-4dae-b705-87d59d863863]] INFO  o.a.s.s.e.s.CheckpointFileManager - Writing atomically to file:/private/var/folders/d1/0lfypfw93vx8vhhstp40dlv40000gn/T/temporary-c0656fe9-68e0-4587-bcb3-94528327941d/commits/15 using temp file file:/private/var/folders/d1/0lfypfw93vx8vhhstp40dlv40000gn/T/temporary-c0656fe9-68e0-4587-bcb3-94528327941d/commits/.15.90d5aa91-1f79-4dfe-ac1e-17c63236aafb.tmp
2025-11-09 03:24:14 [stream execution thread for [id = 7a53a007-fc5f-4b62-88f2-95a7e4acbf62, runId = 40354a01-ccb6-4dae-b705-87d59d863863]] INFO  o.a.s.s.e.s.CheckpointFileManager - Renamed temp file file:/private/var/folders/d1/0lfypfw93vx8vhhstp40dlv40000gn/T/temporary-c0656fe9-68e0-4587-bcb3-94528327941d/commits/.15.90d5aa91-1f79-4dfe-ac1e-17c63236aafb.tmp to file:/private/var/folders/d1/0lfypfw93vx8vhhstp40dlv40000gn/T/temporary-c0656fe9-68e0-4587-bcb3-94528327941d/commits/15
2025-11-09 03:24:14 [stream execution thread for [id = 7a53a007-fc5f-4b62-88f2-95a7e4acbf62, runId = 40354a01-ccb6-4dae-b705-87d59d863863]] INFO  o.a.s.s.e.s.MicroBatchExecution - Streaming query made progress: {
  "id" : "7a53a007-fc5f-4b62-88f2-95a7e4acbf62",
  "runId" : "40354a01-ccb6-4dae-b705-87d59d863863",
  "name" : null,
  "timestamp" : "2025-11-08T21:54:13.740Z",
  "batchId" : 15,
  "numInputRows" : 1,
  "inputRowsPerSecond" : 71.42857142857143,
  "processedRowsPerSecond" : 1.497005988023952,
  "durationMs" : {
    "addBatch" : 571,
    "commitOffsets" : 48,
    "getBatch" : 0,
    "latestOffset" : 5,
    "queryPlanning" : 6,
    "triggerExecution" : 668,
    "walCommit" : 37
  },
  "stateOperators" : [ ],
  "sources" : [ {
    "description" : "KafkaV2[Subscribe[transactions]]",
    "startOffset" : {
      "transactions" : {
        "0" : 268
      }
    },
    "endOffset" : {
      "transactions" : {
        "0" : 269
      }
    },
    "latestOffset" : {
      "transactions" : {
        "0" : 269
      }
    },
    "numInputRows" : 1,
    "inputRowsPerSecond" : 71.42857142857143,
    "processedRowsPerSecond" : 1.497005988023952,
    "metrics" : {
      "avgOffsetsBehindLatest" : "0.0",
      "maxOffsetsBehindLatest" : "0",
      "minOffsetsBehindLatest" : "0"
    }
  } ],
  "sink" : {
    "description" : "org.apache.spark.sql.execution.streaming.ConsoleTable$@6e4ae8d1",
    "numOutputRows" : 1
  }
}
2025-11-09 03:24:14 [stream execution thread for [id = 7a53a007-fc5f-4b62-88f2-95a7e4acbf62, runId = 40354a01-ccb6-4dae-b705-87d59d863863]] INFO  o.a.s.s.e.s.CheckpointFileManager - Writing atomically to file:/private/var/folders/d1/0lfypfw93vx8vhhstp40dlv40000gn/T/temporary-c0656fe9-68e0-4587-bcb3-94528327941d/offsets/16 using temp file file:/private/var/folders/d1/0lfypfw93vx8vhhstp40dlv40000gn/T/temporary-c0656fe9-68e0-4587-bcb3-94528327941d/offsets/.16.7ed3249e-f34e-4cc8-9c0d-ba7cd56831bb.tmp
2025-11-09 03:24:14 [stream execution thread for [id = 7a53a007-fc5f-4b62-88f2-95a7e4acbf62, runId = 40354a01-ccb6-4dae-b705-87d59d863863]] INFO  o.a.s.s.e.s.CheckpointFileManager - Renamed temp file file:/private/var/folders/d1/0lfypfw93vx8vhhstp40dlv40000gn/T/temporary-c0656fe9-68e0-4587-bcb3-94528327941d/offsets/.16.7ed3249e-f34e-4cc8-9c0d-ba7cd56831bb.tmp to file:/private/var/folders/d1/0lfypfw93vx8vhhstp40dlv40000gn/T/temporary-c0656fe9-68e0-4587-bcb3-94528327941d/offsets/16
2025-11-09 03:24:14 [stream execution thread for [id = 7a53a007-fc5f-4b62-88f2-95a7e4acbf62, runId = 40354a01-ccb6-4dae-b705-87d59d863863]] INFO  o.a.s.s.e.s.MicroBatchExecution - Committed offsets for batch 16. Metadata OffsetSeqMetadata(0,1762638854748,Map(spark.sql.streaming.stateStore.providerClass -> org.apache.spark.sql.execution.streaming.state.HDFSBackedStateStoreProvider, spark.sql.streaming.join.stateFormatVersion -> 2, spark.sql.streaming.stateStore.compression.codec -> lz4, spark.sql.streaming.stateStore.rocksdb.formatVersion -> 5, spark.sql.streaming.statefulOperator.useStrictDistribution -> true, spark.sql.streaming.flatMapGroupsWithState.stateFormatVersion -> 2, spark.sql.streaming.multipleWatermarkPolicy -> min, spark.sql.streaming.aggregation.stateFormatVersion -> 2, spark.sql.shuffle.partitions -> 200))
2025-11-09 03:24:14 [stream execution thread for [id = 7a53a007-fc5f-4b62-88f2-95a7e4acbf62, runId = 40354a01-ccb6-4dae-b705-87d59d863863]] INFO  o.a.s.s.k.KafkaOffsetReaderAdmin - Partitions added: Map()
2025-11-09 03:24:14 [stream execution thread for [id = 7a53a007-fc5f-4b62-88f2-95a7e4acbf62, runId = 40354a01-ccb6-4dae-b705-87d59d863863]] INFO  o.a.s.s.k.KafkaOffsetReaderAdmin - Partitions added: Map()
2025-11-09 03:24:14 [stream execution thread for [id = 7a53a007-fc5f-4b62-88f2-95a7e4acbf62, runId = 40354a01-ccb6-4dae-b705-87d59d863863]] INFO  o.a.s.s.k.KafkaOffsetReaderAdmin - Partitions added: Map()
2025-11-09 03:24:14 [stream execution thread for [id = 7a53a007-fc5f-4b62-88f2-95a7e4acbf62, runId = 40354a01-ccb6-4dae-b705-87d59d863863]] INFO  o.a.s.s.k.KafkaOffsetReaderAdmin - Partitions added: Map()
2025-11-09 03:24:14 [stream execution thread for [id = 7a53a007-fc5f-4b62-88f2-95a7e4acbf62, runId = 40354a01-ccb6-4dae-b705-87d59d863863]] INFO  o.a.s.s.k.KafkaOffsetReaderAdmin - Partitions added: Map()
2025-11-09 03:24:14 [stream execution thread for [id = 7a53a007-fc5f-4b62-88f2-95a7e4acbf62, runId = 40354a01-ccb6-4dae-b705-87d59d863863]] INFO  o.a.s.s.k.KafkaOffsetReaderAdmin - Partitions added: Map()
2025-11-09 03:24:14 [stream execution thread for [id = 7a53a007-fc5f-4b62-88f2-95a7e4acbf62, runId = 40354a01-ccb6-4dae-b705-87d59d863863]] INFO  o.a.s.s.e.d.v.WriteToDataSourceV2Exec - Start processing data source write support: MicroBatchWrite[epoch: 16, writer: ConsoleWriter[numRows=20, truncate=false]]. The input RDD has 1 partitions.
2025-11-09 03:24:14 [stream execution thread for [id = 7a53a007-fc5f-4b62-88f2-95a7e4acbf62, runId = 40354a01-ccb6-4dae-b705-87d59d863863]] INFO  org.apache.spark.SparkContext - Starting job: start at FraudDetection.scala:66
2025-11-09 03:24:14 [dag-scheduler-event-loop] INFO  o.a.spark.scheduler.DAGScheduler - Got job 16 (start at FraudDetection.scala:66) with 1 output partitions
2025-11-09 03:24:14 [dag-scheduler-event-loop] INFO  o.a.spark.scheduler.DAGScheduler - Final stage: ResultStage 16 (start at FraudDetection.scala:66)
2025-11-09 03:24:14 [dag-scheduler-event-loop] INFO  o.a.spark.scheduler.DAGScheduler - Parents of final stage: List()
2025-11-09 03:24:14 [dag-scheduler-event-loop] INFO  o.a.spark.scheduler.DAGScheduler - Missing parents: List()
2025-11-09 03:24:14 [dag-scheduler-event-loop] INFO  o.a.spark.scheduler.DAGScheduler - Submitting ResultStage 16 (MapPartitionsRDD[68] at start at FraudDetection.scala:66), which has no missing parents
2025-11-09 03:24:14 [dag-scheduler-event-loop] INFO  o.a.spark.storage.memory.MemoryStore - Block broadcast_16 stored as values in memory (estimated size 25.6 KiB, free 1048.7 MiB)
2025-11-09 03:24:14 [dag-scheduler-event-loop] INFO  o.a.spark.storage.memory.MemoryStore - Block broadcast_16_piece0 stored as bytes in memory (estimated size 11.8 KiB, free 1048.7 MiB)
2025-11-09 03:24:14 [dispatcher-BlockManagerMaster] INFO  o.a.spark.storage.BlockManagerInfo - Added broadcast_16_piece0 in memory on 127.0.0.1:51276 (size: 11.8 KiB, free: 1048.8 MiB)
2025-11-09 03:24:14 [dag-scheduler-event-loop] INFO  org.apache.spark.SparkContext - Created broadcast 16 from broadcast at DAGScheduler.scala:1535
2025-11-09 03:24:14 [dag-scheduler-event-loop] INFO  o.a.spark.scheduler.DAGScheduler - Submitting 1 missing tasks from ResultStage 16 (MapPartitionsRDD[68] at start at FraudDetection.scala:66) (first 15 tasks are for partitions Vector(0))
2025-11-09 03:24:14 [dag-scheduler-event-loop] INFO  o.a.s.scheduler.TaskSchedulerImpl - Adding task set 16.0 with 1 tasks resource profile 0
2025-11-09 03:24:14 [dispatcher-event-loop-7] INFO  o.a.spark.scheduler.TaskSetManager - Starting task 0.0 in stage 16.0 (TID 16) (192.168.1.6, executor driver, partition 0, PROCESS_LOCAL, 8476 bytes) 
2025-11-09 03:24:14 [Executor task launch worker for task 0.0 in stage 16.0 (TID 16)] INFO  org.apache.spark.executor.Executor - Running task 0.0 in stage 16.0 (TID 16)
2025-11-09 03:24:14 [Executor task launch worker for task 0.0 in stage 16.0 (TID 16)] INFO  o.a.k.clients.consumer.KafkaConsumer - [Consumer clientId=consumer-spark-kafka-source-598d9184-ff11-4c8f-b55c-e51776cc2079--2111622232-executor-1, groupId=spark-kafka-source-598d9184-ff11-4c8f-b55c-e51776cc2079--2111622232-executor] Seeking to offset 269 for partition transactions-0
2025-11-09 03:24:14 [Executor task launch worker for task 0.0 in stage 16.0 (TID 16)] INFO  o.a.k.c.c.i.SubscriptionState - [Consumer clientId=consumer-spark-kafka-source-598d9184-ff11-4c8f-b55c-e51776cc2079--2111622232-executor-1, groupId=spark-kafka-source-598d9184-ff11-4c8f-b55c-e51776cc2079--2111622232-executor] Seeking to earliest offset of partition transactions-0
2025-11-09 03:24:15 [Executor task launch worker for task 0.0 in stage 16.0 (TID 16)] INFO  o.a.k.c.c.i.SubscriptionState - [Consumer clientId=consumer-spark-kafka-source-598d9184-ff11-4c8f-b55c-e51776cc2079--2111622232-executor-1, groupId=spark-kafka-source-598d9184-ff11-4c8f-b55c-e51776cc2079--2111622232-executor] Resetting offset for partition transactions-0 to position FetchPosition{offset=0, offsetEpoch=Optional.empty, currentLeader=LeaderAndEpoch{leader=Optional[localhost:9092 (id: 1 rack: null)], epoch=0}}.
2025-11-09 03:24:15 [Executor task launch worker for task 0.0 in stage 16.0 (TID 16)] INFO  o.a.k.c.c.i.SubscriptionState - [Consumer clientId=consumer-spark-kafka-source-598d9184-ff11-4c8f-b55c-e51776cc2079--2111622232-executor-1, groupId=spark-kafka-source-598d9184-ff11-4c8f-b55c-e51776cc2079--2111622232-executor] Seeking to latest offset of partition transactions-0
2025-11-09 03:24:15 [Executor task launch worker for task 0.0 in stage 16.0 (TID 16)] INFO  o.a.k.c.c.i.SubscriptionState - [Consumer clientId=consumer-spark-kafka-source-598d9184-ff11-4c8f-b55c-e51776cc2079--2111622232-executor-1, groupId=spark-kafka-source-598d9184-ff11-4c8f-b55c-e51776cc2079--2111622232-executor] Resetting offset for partition transactions-0 to position FetchPosition{offset=270, offsetEpoch=Optional.empty, currentLeader=LeaderAndEpoch{leader=Optional[localhost:9092 (id: 1 rack: null)], epoch=0}}.
2025-11-09 03:24:15 [Executor task launch worker for task 0.0 in stage 16.0 (TID 16)] INFO  o.a.s.s.e.d.v2.DataWritingSparkTask - Commit authorized for partition 0 (task 16, attempt 0, stage 16.0)
2025-11-09 03:24:15 [Executor task launch worker for task 0.0 in stage 16.0 (TID 16)] INFO  o.a.s.s.e.d.v2.DataWritingSparkTask - Committed partition 0 (task 16, attempt 0, stage 16.0)
2025-11-09 03:24:15 [Executor task launch worker for task 0.0 in stage 16.0 (TID 16)] INFO  org.apache.spark.executor.Executor - Finished task 0.0 in stage 16.0 (TID 16). 2180 bytes result sent to driver
2025-11-09 03:24:15 [task-result-getter-0] INFO  o.a.spark.scheduler.TaskSetManager - Finished task 0.0 in stage 16.0 (TID 16) in 534 ms on 192.168.1.6 (executor driver) (1/1)
2025-11-09 03:24:15 [task-result-getter-0] INFO  o.a.s.scheduler.TaskSchedulerImpl - Removed TaskSet 16.0, whose tasks have all completed, from pool 
2025-11-09 03:24:15 [dag-scheduler-event-loop] INFO  o.a.spark.scheduler.DAGScheduler - ResultStage 16 (start at FraudDetection.scala:66) finished in 0.537 s
2025-11-09 03:24:15 [dag-scheduler-event-loop] INFO  o.a.spark.scheduler.DAGScheduler - Job 16 is finished. Cancelling potential speculative or zombie tasks for this job
2025-11-09 03:24:15 [dag-scheduler-event-loop] INFO  o.a.s.scheduler.TaskSchedulerImpl - Killing all running tasks in stage 16: Stage finished
2025-11-09 03:24:15 [stream execution thread for [id = 7a53a007-fc5f-4b62-88f2-95a7e4acbf62, runId = 40354a01-ccb6-4dae-b705-87d59d863863]] INFO  o.a.spark.scheduler.DAGScheduler - Job 16 finished: start at FraudDetection.scala:66, took 0.538977 s
2025-11-09 03:24:15 [stream execution thread for [id = 7a53a007-fc5f-4b62-88f2-95a7e4acbf62, runId = 40354a01-ccb6-4dae-b705-87d59d863863]] INFO  o.a.s.s.e.d.v.WriteToDataSourceV2Exec - Data source write support MicroBatchWrite[epoch: 16, writer: ConsoleWriter[numRows=20, truncate=false]] is committing.
2025-11-09 03:24:15 [stream execution thread for [id = 7a53a007-fc5f-4b62-88f2-95a7e4acbf62, runId = 40354a01-ccb6-4dae-b705-87d59d863863]] INFO  o.a.s.s.e.d.v.WriteToDataSourceV2Exec - Data source write support MicroBatchWrite[epoch: 16, writer: ConsoleWriter[numRows=20, truncate=false]] committed.
2025-11-09 03:24:15 [stream execution thread for [id = 7a53a007-fc5f-4b62-88f2-95a7e4acbf62, runId = 40354a01-ccb6-4dae-b705-87d59d863863]] INFO  o.a.s.s.e.s.CheckpointFileManager - Writing atomically to file:/private/var/folders/d1/0lfypfw93vx8vhhstp40dlv40000gn/T/temporary-c0656fe9-68e0-4587-bcb3-94528327941d/commits/16 using temp file file:/private/var/folders/d1/0lfypfw93vx8vhhstp40dlv40000gn/T/temporary-c0656fe9-68e0-4587-bcb3-94528327941d/commits/.16.ff4bce9a-b0aa-4bfc-ae7e-db579bfbbbc7.tmp
2025-11-09 03:24:15 [stream execution thread for [id = 7a53a007-fc5f-4b62-88f2-95a7e4acbf62, runId = 40354a01-ccb6-4dae-b705-87d59d863863]] INFO  o.a.s.s.e.s.CheckpointFileManager - Renamed temp file file:/private/var/folders/d1/0lfypfw93vx8vhhstp40dlv40000gn/T/temporary-c0656fe9-68e0-4587-bcb3-94528327941d/commits/.16.ff4bce9a-b0aa-4bfc-ae7e-db579bfbbbc7.tmp to file:/private/var/folders/d1/0lfypfw93vx8vhhstp40dlv40000gn/T/temporary-c0656fe9-68e0-4587-bcb3-94528327941d/commits/16
2025-11-09 03:24:15 [stream execution thread for [id = 7a53a007-fc5f-4b62-88f2-95a7e4acbf62, runId = 40354a01-ccb6-4dae-b705-87d59d863863]] INFO  o.a.s.s.e.s.MicroBatchExecution - Streaming query made progress: {
  "id" : "7a53a007-fc5f-4b62-88f2-95a7e4acbf62",
  "runId" : "40354a01-ccb6-4dae-b705-87d59d863863",
  "name" : null,
  "timestamp" : "2025-11-08T21:54:14.744Z",
  "batchId" : 16,
  "numInputRows" : 1,
  "inputRowsPerSecond" : 55.55555555555556,
  "processedRowsPerSecond" : 1.4903129657228018,
  "durationMs" : {
    "addBatch" : 571,
    "commitOffsets" : 51,
    "getBatch" : 0,
    "latestOffset" : 4,
    "queryPlanning" : 6,
    "triggerExecution" : 671,
    "walCommit" : 37
  },
  "stateOperators" : [ ],
  "sources" : [ {
    "description" : "KafkaV2[Subscribe[transactions]]",
    "startOffset" : {
      "transactions" : {
        "0" : 269
      }
    },
    "endOffset" : {
      "transactions" : {
        "0" : 270
      }
    },
    "latestOffset" : {
      "transactions" : {
        "0" : 270
      }
    },
    "numInputRows" : 1,
    "inputRowsPerSecond" : 55.55555555555556,
    "processedRowsPerSecond" : 1.4903129657228018,
    "metrics" : {
      "avgOffsetsBehindLatest" : "0.0",
      "maxOffsetsBehindLatest" : "0",
      "minOffsetsBehindLatest" : "0"
    }
  } ],
  "sink" : {
    "description" : "org.apache.spark.sql.execution.streaming.ConsoleTable$@6e4ae8d1",
    "numOutputRows" : 1
  }
}
2025-11-09 03:24:15 [stream execution thread for [id = 7a53a007-fc5f-4b62-88f2-95a7e4acbf62, runId = 40354a01-ccb6-4dae-b705-87d59d863863]] INFO  o.a.s.s.e.s.CheckpointFileManager - Writing atomically to file:/private/var/folders/d1/0lfypfw93vx8vhhstp40dlv40000gn/T/temporary-c0656fe9-68e0-4587-bcb3-94528327941d/offsets/17 using temp file file:/private/var/folders/d1/0lfypfw93vx8vhhstp40dlv40000gn/T/temporary-c0656fe9-68e0-4587-bcb3-94528327941d/offsets/.17.75094e82-c880-4584-894b-cc11f92d5dfd.tmp
2025-11-09 03:24:15 [stream execution thread for [id = 7a53a007-fc5f-4b62-88f2-95a7e4acbf62, runId = 40354a01-ccb6-4dae-b705-87d59d863863]] INFO  o.a.s.s.e.s.CheckpointFileManager - Renamed temp file file:/private/var/folders/d1/0lfypfw93vx8vhhstp40dlv40000gn/T/temporary-c0656fe9-68e0-4587-bcb3-94528327941d/offsets/.17.75094e82-c880-4584-894b-cc11f92d5dfd.tmp to file:/private/var/folders/d1/0lfypfw93vx8vhhstp40dlv40000gn/T/temporary-c0656fe9-68e0-4587-bcb3-94528327941d/offsets/17
2025-11-09 03:24:15 [stream execution thread for [id = 7a53a007-fc5f-4b62-88f2-95a7e4acbf62, runId = 40354a01-ccb6-4dae-b705-87d59d863863]] INFO  o.a.s.s.e.s.MicroBatchExecution - Committed offsets for batch 17. Metadata OffsetSeqMetadata(0,1762638855764,Map(spark.sql.streaming.stateStore.providerClass -> org.apache.spark.sql.execution.streaming.state.HDFSBackedStateStoreProvider, spark.sql.streaming.join.stateFormatVersion -> 2, spark.sql.streaming.stateStore.compression.codec -> lz4, spark.sql.streaming.stateStore.rocksdb.formatVersion -> 5, spark.sql.streaming.statefulOperator.useStrictDistribution -> true, spark.sql.streaming.flatMapGroupsWithState.stateFormatVersion -> 2, spark.sql.streaming.multipleWatermarkPolicy -> min, spark.sql.streaming.aggregation.stateFormatVersion -> 2, spark.sql.shuffle.partitions -> 200))
2025-11-09 03:24:15 [stream execution thread for [id = 7a53a007-fc5f-4b62-88f2-95a7e4acbf62, runId = 40354a01-ccb6-4dae-b705-87d59d863863]] INFO  o.a.s.s.k.KafkaOffsetReaderAdmin - Partitions added: Map()
2025-11-09 03:24:15 [stream execution thread for [id = 7a53a007-fc5f-4b62-88f2-95a7e4acbf62, runId = 40354a01-ccb6-4dae-b705-87d59d863863]] INFO  o.a.s.s.k.KafkaOffsetReaderAdmin - Partitions added: Map()
2025-11-09 03:24:15 [stream execution thread for [id = 7a53a007-fc5f-4b62-88f2-95a7e4acbf62, runId = 40354a01-ccb6-4dae-b705-87d59d863863]] INFO  o.a.s.s.k.KafkaOffsetReaderAdmin - Partitions added: Map()
2025-11-09 03:24:15 [stream execution thread for [id = 7a53a007-fc5f-4b62-88f2-95a7e4acbf62, runId = 40354a01-ccb6-4dae-b705-87d59d863863]] INFO  o.a.s.s.k.KafkaOffsetReaderAdmin - Partitions added: Map()
2025-11-09 03:24:15 [stream execution thread for [id = 7a53a007-fc5f-4b62-88f2-95a7e4acbf62, runId = 40354a01-ccb6-4dae-b705-87d59d863863]] INFO  o.a.s.s.k.KafkaOffsetReaderAdmin - Partitions added: Map()
2025-11-09 03:24:15 [stream execution thread for [id = 7a53a007-fc5f-4b62-88f2-95a7e4acbf62, runId = 40354a01-ccb6-4dae-b705-87d59d863863]] INFO  o.a.s.s.k.KafkaOffsetReaderAdmin - Partitions added: Map()
2025-11-09 03:24:15 [stream execution thread for [id = 7a53a007-fc5f-4b62-88f2-95a7e4acbf62, runId = 40354a01-ccb6-4dae-b705-87d59d863863]] INFO  o.a.s.s.e.d.v.WriteToDataSourceV2Exec - Start processing data source write support: MicroBatchWrite[epoch: 17, writer: ConsoleWriter[numRows=20, truncate=false]]. The input RDD has 1 partitions.
2025-11-09 03:24:15 [stream execution thread for [id = 7a53a007-fc5f-4b62-88f2-95a7e4acbf62, runId = 40354a01-ccb6-4dae-b705-87d59d863863]] INFO  org.apache.spark.SparkContext - Starting job: start at FraudDetection.scala:66
2025-11-09 03:24:15 [dag-scheduler-event-loop] INFO  o.a.spark.scheduler.DAGScheduler - Got job 17 (start at FraudDetection.scala:66) with 1 output partitions
2025-11-09 03:24:15 [dag-scheduler-event-loop] INFO  o.a.spark.scheduler.DAGScheduler - Final stage: ResultStage 17 (start at FraudDetection.scala:66)
2025-11-09 03:24:15 [dag-scheduler-event-loop] INFO  o.a.spark.scheduler.DAGScheduler - Parents of final stage: List()
2025-11-09 03:24:15 [dag-scheduler-event-loop] INFO  o.a.spark.scheduler.DAGScheduler - Missing parents: List()
2025-11-09 03:24:15 [dag-scheduler-event-loop] INFO  o.a.spark.scheduler.DAGScheduler - Submitting ResultStage 17 (MapPartitionsRDD[72] at start at FraudDetection.scala:66), which has no missing parents
2025-11-09 03:24:15 [dag-scheduler-event-loop] INFO  o.a.spark.storage.memory.MemoryStore - Block broadcast_17 stored as values in memory (estimated size 25.6 KiB, free 1048.7 MiB)
2025-11-09 03:24:15 [dag-scheduler-event-loop] INFO  o.a.spark.storage.memory.MemoryStore - Block broadcast_17_piece0 stored as bytes in memory (estimated size 11.8 KiB, free 1048.7 MiB)
2025-11-09 03:24:15 [dispatcher-BlockManagerMaster] INFO  o.a.spark.storage.BlockManagerInfo - Added broadcast_17_piece0 in memory on 127.0.0.1:51276 (size: 11.8 KiB, free: 1048.8 MiB)
2025-11-09 03:24:15 [dag-scheduler-event-loop] INFO  org.apache.spark.SparkContext - Created broadcast 17 from broadcast at DAGScheduler.scala:1535
2025-11-09 03:24:15 [dag-scheduler-event-loop] INFO  o.a.spark.scheduler.DAGScheduler - Submitting 1 missing tasks from ResultStage 17 (MapPartitionsRDD[72] at start at FraudDetection.scala:66) (first 15 tasks are for partitions Vector(0))
2025-11-09 03:24:15 [dag-scheduler-event-loop] INFO  o.a.s.scheduler.TaskSchedulerImpl - Adding task set 17.0 with 1 tasks resource profile 0
2025-11-09 03:24:15 [dispatcher-event-loop-3] INFO  o.a.spark.scheduler.TaskSetManager - Starting task 0.0 in stage 17.0 (TID 17) (192.168.1.6, executor driver, partition 0, PROCESS_LOCAL, 8476 bytes) 
2025-11-09 03:24:15 [Executor task launch worker for task 0.0 in stage 17.0 (TID 17)] INFO  org.apache.spark.executor.Executor - Running task 0.0 in stage 17.0 (TID 17)
2025-11-09 03:24:15 [Executor task launch worker for task 0.0 in stage 17.0 (TID 17)] INFO  o.a.k.clients.consumer.KafkaConsumer - [Consumer clientId=consumer-spark-kafka-source-598d9184-ff11-4c8f-b55c-e51776cc2079--2111622232-executor-1, groupId=spark-kafka-source-598d9184-ff11-4c8f-b55c-e51776cc2079--2111622232-executor] Seeking to offset 270 for partition transactions-0
2025-11-09 03:24:15 [Executor task launch worker for task 0.0 in stage 17.0 (TID 17)] INFO  o.a.k.c.c.i.SubscriptionState - [Consumer clientId=consumer-spark-kafka-source-598d9184-ff11-4c8f-b55c-e51776cc2079--2111622232-executor-1, groupId=spark-kafka-source-598d9184-ff11-4c8f-b55c-e51776cc2079--2111622232-executor] Seeking to earliest offset of partition transactions-0
2025-11-09 03:24:16 [Executor task launch worker for task 0.0 in stage 17.0 (TID 17)] INFO  o.a.k.c.c.i.SubscriptionState - [Consumer clientId=consumer-spark-kafka-source-598d9184-ff11-4c8f-b55c-e51776cc2079--2111622232-executor-1, groupId=spark-kafka-source-598d9184-ff11-4c8f-b55c-e51776cc2079--2111622232-executor] Resetting offset for partition transactions-0 to position FetchPosition{offset=0, offsetEpoch=Optional.empty, currentLeader=LeaderAndEpoch{leader=Optional[localhost:9092 (id: 1 rack: null)], epoch=0}}.
2025-11-09 03:24:16 [Executor task launch worker for task 0.0 in stage 17.0 (TID 17)] INFO  o.a.k.c.c.i.SubscriptionState - [Consumer clientId=consumer-spark-kafka-source-598d9184-ff11-4c8f-b55c-e51776cc2079--2111622232-executor-1, groupId=spark-kafka-source-598d9184-ff11-4c8f-b55c-e51776cc2079--2111622232-executor] Seeking to latest offset of partition transactions-0
2025-11-09 03:24:16 [Executor task launch worker for task 0.0 in stage 17.0 (TID 17)] INFO  o.a.k.c.c.i.SubscriptionState - [Consumer clientId=consumer-spark-kafka-source-598d9184-ff11-4c8f-b55c-e51776cc2079--2111622232-executor-1, groupId=spark-kafka-source-598d9184-ff11-4c8f-b55c-e51776cc2079--2111622232-executor] Resetting offset for partition transactions-0 to position FetchPosition{offset=271, offsetEpoch=Optional.empty, currentLeader=LeaderAndEpoch{leader=Optional[localhost:9092 (id: 1 rack: null)], epoch=0}}.
2025-11-09 03:24:16 [Executor task launch worker for task 0.0 in stage 17.0 (TID 17)] INFO  o.a.s.s.e.d.v2.DataWritingSparkTask - Commit authorized for partition 0 (task 17, attempt 0, stage 17.0)
2025-11-09 03:24:16 [Executor task launch worker for task 0.0 in stage 17.0 (TID 17)] INFO  o.a.s.s.e.d.v2.DataWritingSparkTask - Committed partition 0 (task 17, attempt 0, stage 17.0)
2025-11-09 03:24:16 [Executor task launch worker for task 0.0 in stage 17.0 (TID 17)] INFO  org.apache.spark.executor.Executor - Finished task 0.0 in stage 17.0 (TID 17). 2180 bytes result sent to driver
2025-11-09 03:24:16 [task-result-getter-1] INFO  o.a.spark.scheduler.TaskSetManager - Finished task 0.0 in stage 17.0 (TID 17) in 532 ms on 192.168.1.6 (executor driver) (1/1)
2025-11-09 03:24:16 [task-result-getter-1] INFO  o.a.s.scheduler.TaskSchedulerImpl - Removed TaskSet 17.0, whose tasks have all completed, from pool 
2025-11-09 03:24:16 [dag-scheduler-event-loop] INFO  o.a.spark.scheduler.DAGScheduler - ResultStage 17 (start at FraudDetection.scala:66) finished in 0.536 s
2025-11-09 03:24:16 [dag-scheduler-event-loop] INFO  o.a.spark.scheduler.DAGScheduler - Job 17 is finished. Cancelling potential speculative or zombie tasks for this job
2025-11-09 03:24:16 [dag-scheduler-event-loop] INFO  o.a.s.scheduler.TaskSchedulerImpl - Killing all running tasks in stage 17: Stage finished
2025-11-09 03:24:16 [stream execution thread for [id = 7a53a007-fc5f-4b62-88f2-95a7e4acbf62, runId = 40354a01-ccb6-4dae-b705-87d59d863863]] INFO  o.a.spark.scheduler.DAGScheduler - Job 17 finished: start at FraudDetection.scala:66, took 0.538199 s
2025-11-09 03:24:16 [stream execution thread for [id = 7a53a007-fc5f-4b62-88f2-95a7e4acbf62, runId = 40354a01-ccb6-4dae-b705-87d59d863863]] INFO  o.a.s.s.e.d.v.WriteToDataSourceV2Exec - Data source write support MicroBatchWrite[epoch: 17, writer: ConsoleWriter[numRows=20, truncate=false]] is committing.
2025-11-09 03:24:16 [stream execution thread for [id = 7a53a007-fc5f-4b62-88f2-95a7e4acbf62, runId = 40354a01-ccb6-4dae-b705-87d59d863863]] INFO  o.a.s.s.e.d.v.WriteToDataSourceV2Exec - Data source write support MicroBatchWrite[epoch: 17, writer: ConsoleWriter[numRows=20, truncate=false]] committed.
2025-11-09 03:24:16 [stream execution thread for [id = 7a53a007-fc5f-4b62-88f2-95a7e4acbf62, runId = 40354a01-ccb6-4dae-b705-87d59d863863]] INFO  o.a.s.s.e.s.CheckpointFileManager - Writing atomically to file:/private/var/folders/d1/0lfypfw93vx8vhhstp40dlv40000gn/T/temporary-c0656fe9-68e0-4587-bcb3-94528327941d/commits/17 using temp file file:/private/var/folders/d1/0lfypfw93vx8vhhstp40dlv40000gn/T/temporary-c0656fe9-68e0-4587-bcb3-94528327941d/commits/.17.f51f3cd6-89d1-4e9c-9f66-f2e1db8908c3.tmp
2025-11-09 03:24:16 [stream execution thread for [id = 7a53a007-fc5f-4b62-88f2-95a7e4acbf62, runId = 40354a01-ccb6-4dae-b705-87d59d863863]] INFO  o.a.s.s.e.s.CheckpointFileManager - Renamed temp file file:/private/var/folders/d1/0lfypfw93vx8vhhstp40dlv40000gn/T/temporary-c0656fe9-68e0-4587-bcb3-94528327941d/commits/.17.f51f3cd6-89d1-4e9c-9f66-f2e1db8908c3.tmp to file:/private/var/folders/d1/0lfypfw93vx8vhhstp40dlv40000gn/T/temporary-c0656fe9-68e0-4587-bcb3-94528327941d/commits/17
2025-11-09 03:24:16 [stream execution thread for [id = 7a53a007-fc5f-4b62-88f2-95a7e4acbf62, runId = 40354a01-ccb6-4dae-b705-87d59d863863]] INFO  o.a.s.s.e.s.MicroBatchExecution - Streaming query made progress: {
  "id" : "7a53a007-fc5f-4b62-88f2-95a7e4acbf62",
  "runId" : "40354a01-ccb6-4dae-b705-87d59d863863",
  "name" : null,
  "timestamp" : "2025-11-08T21:54:15.760Z",
  "batchId" : 17,
  "numInputRows" : 1,
  "inputRowsPerSecond" : 55.55555555555556,
  "processedRowsPerSecond" : 1.4641288433382136,
  "durationMs" : {
    "addBatch" : 573,
    "commitOffsets" : 55,
    "getBatch" : 0,
    "latestOffset" : 4,
    "queryPlanning" : 5,
    "triggerExecution" : 683,
    "walCommit" : 46
  },
  "stateOperators" : [ ],
  "sources" : [ {
    "description" : "KafkaV2[Subscribe[transactions]]",
    "startOffset" : {
      "transactions" : {
        "0" : 270
      }
    },
    "endOffset" : {
      "transactions" : {
        "0" : 271
      }
    },
    "latestOffset" : {
      "transactions" : {
        "0" : 271
      }
    },
    "numInputRows" : 1,
    "inputRowsPerSecond" : 55.55555555555556,
    "processedRowsPerSecond" : 1.4641288433382136,
    "metrics" : {
      "avgOffsetsBehindLatest" : "0.0",
      "maxOffsetsBehindLatest" : "0",
      "minOffsetsBehindLatest" : "0"
    }
  } ],
  "sink" : {
    "description" : "org.apache.spark.sql.execution.streaming.ConsoleTable$@6e4ae8d1",
    "numOutputRows" : 1
  }
}
2025-11-09 03:24:16 [stream execution thread for [id = 7a53a007-fc5f-4b62-88f2-95a7e4acbf62, runId = 40354a01-ccb6-4dae-b705-87d59d863863]] INFO  o.a.s.s.e.s.CheckpointFileManager - Writing atomically to file:/private/var/folders/d1/0lfypfw93vx8vhhstp40dlv40000gn/T/temporary-c0656fe9-68e0-4587-bcb3-94528327941d/offsets/18 using temp file file:/private/var/folders/d1/0lfypfw93vx8vhhstp40dlv40000gn/T/temporary-c0656fe9-68e0-4587-bcb3-94528327941d/offsets/.18.1e6f55f9-15c4-49cc-94ce-c745270585b7.tmp
2025-11-09 03:24:16 [stream execution thread for [id = 7a53a007-fc5f-4b62-88f2-95a7e4acbf62, runId = 40354a01-ccb6-4dae-b705-87d59d863863]] INFO  o.a.s.s.e.s.CheckpointFileManager - Renamed temp file file:/private/var/folders/d1/0lfypfw93vx8vhhstp40dlv40000gn/T/temporary-c0656fe9-68e0-4587-bcb3-94528327941d/offsets/.18.1e6f55f9-15c4-49cc-94ce-c745270585b7.tmp to file:/private/var/folders/d1/0lfypfw93vx8vhhstp40dlv40000gn/T/temporary-c0656fe9-68e0-4587-bcb3-94528327941d/offsets/18
2025-11-09 03:24:16 [stream execution thread for [id = 7a53a007-fc5f-4b62-88f2-95a7e4acbf62, runId = 40354a01-ccb6-4dae-b705-87d59d863863]] INFO  o.a.s.s.e.s.MicroBatchExecution - Committed offsets for batch 18. Metadata OffsetSeqMetadata(0,1762638856755,Map(spark.sql.streaming.stateStore.providerClass -> org.apache.spark.sql.execution.streaming.state.HDFSBackedStateStoreProvider, spark.sql.streaming.join.stateFormatVersion -> 2, spark.sql.streaming.stateStore.compression.codec -> lz4, spark.sql.streaming.stateStore.rocksdb.formatVersion -> 5, spark.sql.streaming.statefulOperator.useStrictDistribution -> true, spark.sql.streaming.flatMapGroupsWithState.stateFormatVersion -> 2, spark.sql.streaming.multipleWatermarkPolicy -> min, spark.sql.streaming.aggregation.stateFormatVersion -> 2, spark.sql.shuffle.partitions -> 200))
2025-11-09 03:24:16 [stream execution thread for [id = 7a53a007-fc5f-4b62-88f2-95a7e4acbf62, runId = 40354a01-ccb6-4dae-b705-87d59d863863]] INFO  o.a.s.s.k.KafkaOffsetReaderAdmin - Partitions added: Map()
2025-11-09 03:24:16 [stream execution thread for [id = 7a53a007-fc5f-4b62-88f2-95a7e4acbf62, runId = 40354a01-ccb6-4dae-b705-87d59d863863]] INFO  o.a.s.s.k.KafkaOffsetReaderAdmin - Partitions added: Map()
2025-11-09 03:24:16 [stream execution thread for [id = 7a53a007-fc5f-4b62-88f2-95a7e4acbf62, runId = 40354a01-ccb6-4dae-b705-87d59d863863]] INFO  o.a.s.s.k.KafkaOffsetReaderAdmin - Partitions added: Map()
2025-11-09 03:24:16 [stream execution thread for [id = 7a53a007-fc5f-4b62-88f2-95a7e4acbf62, runId = 40354a01-ccb6-4dae-b705-87d59d863863]] INFO  o.a.s.s.k.KafkaOffsetReaderAdmin - Partitions added: Map()
2025-11-09 03:24:16 [stream execution thread for [id = 7a53a007-fc5f-4b62-88f2-95a7e4acbf62, runId = 40354a01-ccb6-4dae-b705-87d59d863863]] INFO  o.a.s.s.k.KafkaOffsetReaderAdmin - Partitions added: Map()
2025-11-09 03:24:16 [stream execution thread for [id = 7a53a007-fc5f-4b62-88f2-95a7e4acbf62, runId = 40354a01-ccb6-4dae-b705-87d59d863863]] INFO  o.a.s.s.k.KafkaOffsetReaderAdmin - Partitions added: Map()
2025-11-09 03:24:16 [stream execution thread for [id = 7a53a007-fc5f-4b62-88f2-95a7e4acbf62, runId = 40354a01-ccb6-4dae-b705-87d59d863863]] INFO  o.a.s.s.e.d.v.WriteToDataSourceV2Exec - Start processing data source write support: MicroBatchWrite[epoch: 18, writer: ConsoleWriter[numRows=20, truncate=false]]. The input RDD has 1 partitions.
2025-11-09 03:24:16 [stream execution thread for [id = 7a53a007-fc5f-4b62-88f2-95a7e4acbf62, runId = 40354a01-ccb6-4dae-b705-87d59d863863]] INFO  org.apache.spark.SparkContext - Starting job: start at FraudDetection.scala:66
2025-11-09 03:24:16 [dag-scheduler-event-loop] INFO  o.a.spark.scheduler.DAGScheduler - Got job 18 (start at FraudDetection.scala:66) with 1 output partitions
2025-11-09 03:24:16 [dag-scheduler-event-loop] INFO  o.a.spark.scheduler.DAGScheduler - Final stage: ResultStage 18 (start at FraudDetection.scala:66)
2025-11-09 03:24:16 [dag-scheduler-event-loop] INFO  o.a.spark.scheduler.DAGScheduler - Parents of final stage: List()
2025-11-09 03:24:16 [dag-scheduler-event-loop] INFO  o.a.spark.scheduler.DAGScheduler - Missing parents: List()
2025-11-09 03:24:16 [dag-scheduler-event-loop] INFO  o.a.spark.scheduler.DAGScheduler - Submitting ResultStage 18 (MapPartitionsRDD[76] at start at FraudDetection.scala:66), which has no missing parents
2025-11-09 03:24:16 [dag-scheduler-event-loop] INFO  o.a.spark.storage.memory.MemoryStore - Block broadcast_18 stored as values in memory (estimated size 25.6 KiB, free 1048.6 MiB)
2025-11-09 03:24:16 [dag-scheduler-event-loop] INFO  o.a.spark.storage.memory.MemoryStore - Block broadcast_18_piece0 stored as bytes in memory (estimated size 11.8 KiB, free 1048.6 MiB)
2025-11-09 03:24:16 [dispatcher-BlockManagerMaster] INFO  o.a.spark.storage.BlockManagerInfo - Added broadcast_18_piece0 in memory on 127.0.0.1:51276 (size: 11.8 KiB, free: 1048.7 MiB)
2025-11-09 03:24:16 [dag-scheduler-event-loop] INFO  org.apache.spark.SparkContext - Created broadcast 18 from broadcast at DAGScheduler.scala:1535
2025-11-09 03:24:16 [dag-scheduler-event-loop] INFO  o.a.spark.scheduler.DAGScheduler - Submitting 1 missing tasks from ResultStage 18 (MapPartitionsRDD[76] at start at FraudDetection.scala:66) (first 15 tasks are for partitions Vector(0))
2025-11-09 03:24:16 [dag-scheduler-event-loop] INFO  o.a.s.scheduler.TaskSchedulerImpl - Adding task set 18.0 with 1 tasks resource profile 0
2025-11-09 03:24:16 [dispatcher-event-loop-0] INFO  o.a.spark.scheduler.TaskSetManager - Starting task 0.0 in stage 18.0 (TID 18) (192.168.1.6, executor driver, partition 0, PROCESS_LOCAL, 8476 bytes) 
2025-11-09 03:24:16 [Executor task launch worker for task 0.0 in stage 18.0 (TID 18)] INFO  org.apache.spark.executor.Executor - Running task 0.0 in stage 18.0 (TID 18)
2025-11-09 03:24:16 [Executor task launch worker for task 0.0 in stage 18.0 (TID 18)] INFO  o.a.k.clients.consumer.KafkaConsumer - [Consumer clientId=consumer-spark-kafka-source-598d9184-ff11-4c8f-b55c-e51776cc2079--2111622232-executor-1, groupId=spark-kafka-source-598d9184-ff11-4c8f-b55c-e51776cc2079--2111622232-executor] Seeking to offset 271 for partition transactions-0
2025-11-09 03:24:16 [Executor task launch worker for task 0.0 in stage 18.0 (TID 18)] INFO  o.a.k.c.c.i.SubscriptionState - [Consumer clientId=consumer-spark-kafka-source-598d9184-ff11-4c8f-b55c-e51776cc2079--2111622232-executor-1, groupId=spark-kafka-source-598d9184-ff11-4c8f-b55c-e51776cc2079--2111622232-executor] Seeking to earliest offset of partition transactions-0
2025-11-09 03:24:17 [Executor task launch worker for task 0.0 in stage 18.0 (TID 18)] INFO  o.a.k.c.c.i.SubscriptionState - [Consumer clientId=consumer-spark-kafka-source-598d9184-ff11-4c8f-b55c-e51776cc2079--2111622232-executor-1, groupId=spark-kafka-source-598d9184-ff11-4c8f-b55c-e51776cc2079--2111622232-executor] Resetting offset for partition transactions-0 to position FetchPosition{offset=0, offsetEpoch=Optional.empty, currentLeader=LeaderAndEpoch{leader=Optional[localhost:9092 (id: 1 rack: null)], epoch=0}}.
2025-11-09 03:24:17 [Executor task launch worker for task 0.0 in stage 18.0 (TID 18)] INFO  o.a.k.c.c.i.SubscriptionState - [Consumer clientId=consumer-spark-kafka-source-598d9184-ff11-4c8f-b55c-e51776cc2079--2111622232-executor-1, groupId=spark-kafka-source-598d9184-ff11-4c8f-b55c-e51776cc2079--2111622232-executor] Seeking to latest offset of partition transactions-0
2025-11-09 03:24:17 [Executor task launch worker for task 0.0 in stage 18.0 (TID 18)] INFO  o.a.k.c.c.i.SubscriptionState - [Consumer clientId=consumer-spark-kafka-source-598d9184-ff11-4c8f-b55c-e51776cc2079--2111622232-executor-1, groupId=spark-kafka-source-598d9184-ff11-4c8f-b55c-e51776cc2079--2111622232-executor] Resetting offset for partition transactions-0 to position FetchPosition{offset=272, offsetEpoch=Optional.empty, currentLeader=LeaderAndEpoch{leader=Optional[localhost:9092 (id: 1 rack: null)], epoch=0}}.
2025-11-09 03:24:17 [Executor task launch worker for task 0.0 in stage 18.0 (TID 18)] INFO  o.a.s.s.e.d.v2.DataWritingSparkTask - Commit authorized for partition 0 (task 18, attempt 0, stage 18.0)
2025-11-09 03:24:17 [Executor task launch worker for task 0.0 in stage 18.0 (TID 18)] INFO  o.a.s.s.e.d.v2.DataWritingSparkTask - Committed partition 0 (task 18, attempt 0, stage 18.0)
2025-11-09 03:24:17 [Executor task launch worker for task 0.0 in stage 18.0 (TID 18)] INFO  org.apache.spark.executor.Executor - Finished task 0.0 in stage 18.0 (TID 18). 2172 bytes result sent to driver
2025-11-09 03:24:17 [task-result-getter-2] INFO  o.a.spark.scheduler.TaskSetManager - Finished task 0.0 in stage 18.0 (TID 18) in 529 ms on 192.168.1.6 (executor driver) (1/1)
2025-11-09 03:24:17 [task-result-getter-2] INFO  o.a.s.scheduler.TaskSchedulerImpl - Removed TaskSet 18.0, whose tasks have all completed, from pool 
2025-11-09 03:24:17 [dag-scheduler-event-loop] INFO  o.a.spark.scheduler.DAGScheduler - ResultStage 18 (start at FraudDetection.scala:66) finished in 0.534 s
2025-11-09 03:24:17 [dag-scheduler-event-loop] INFO  o.a.spark.scheduler.DAGScheduler - Job 18 is finished. Cancelling potential speculative or zombie tasks for this job
2025-11-09 03:24:17 [dag-scheduler-event-loop] INFO  o.a.s.scheduler.TaskSchedulerImpl - Killing all running tasks in stage 18: Stage finished
2025-11-09 03:24:17 [stream execution thread for [id = 7a53a007-fc5f-4b62-88f2-95a7e4acbf62, runId = 40354a01-ccb6-4dae-b705-87d59d863863]] INFO  o.a.spark.scheduler.DAGScheduler - Job 18 finished: start at FraudDetection.scala:66, took 0.536399 s
2025-11-09 03:24:17 [stream execution thread for [id = 7a53a007-fc5f-4b62-88f2-95a7e4acbf62, runId = 40354a01-ccb6-4dae-b705-87d59d863863]] INFO  o.a.s.s.e.d.v.WriteToDataSourceV2Exec - Data source write support MicroBatchWrite[epoch: 18, writer: ConsoleWriter[numRows=20, truncate=false]] is committing.
2025-11-09 03:24:17 [stream execution thread for [id = 7a53a007-fc5f-4b62-88f2-95a7e4acbf62, runId = 40354a01-ccb6-4dae-b705-87d59d863863]] INFO  o.a.s.s.e.d.v.WriteToDataSourceV2Exec - Data source write support MicroBatchWrite[epoch: 18, writer: ConsoleWriter[numRows=20, truncate=false]] committed.
2025-11-09 03:24:17 [stream execution thread for [id = 7a53a007-fc5f-4b62-88f2-95a7e4acbf62, runId = 40354a01-ccb6-4dae-b705-87d59d863863]] INFO  o.a.s.s.e.s.CheckpointFileManager - Writing atomically to file:/private/var/folders/d1/0lfypfw93vx8vhhstp40dlv40000gn/T/temporary-c0656fe9-68e0-4587-bcb3-94528327941d/commits/18 using temp file file:/private/var/folders/d1/0lfypfw93vx8vhhstp40dlv40000gn/T/temporary-c0656fe9-68e0-4587-bcb3-94528327941d/commits/.18.07729b02-1e44-4c1d-8369-b14e81b84901.tmp
2025-11-09 03:24:17 [stream execution thread for [id = 7a53a007-fc5f-4b62-88f2-95a7e4acbf62, runId = 40354a01-ccb6-4dae-b705-87d59d863863]] INFO  o.a.s.s.e.s.CheckpointFileManager - Renamed temp file file:/private/var/folders/d1/0lfypfw93vx8vhhstp40dlv40000gn/T/temporary-c0656fe9-68e0-4587-bcb3-94528327941d/commits/.18.07729b02-1e44-4c1d-8369-b14e81b84901.tmp to file:/private/var/folders/d1/0lfypfw93vx8vhhstp40dlv40000gn/T/temporary-c0656fe9-68e0-4587-bcb3-94528327941d/commits/18
2025-11-09 03:24:17 [stream execution thread for [id = 7a53a007-fc5f-4b62-88f2-95a7e4acbf62, runId = 40354a01-ccb6-4dae-b705-87d59d863863]] INFO  o.a.s.s.e.s.MicroBatchExecution - Streaming query made progress: {
  "id" : "7a53a007-fc5f-4b62-88f2-95a7e4acbf62",
  "runId" : "40354a01-ccb6-4dae-b705-87d59d863863",
  "name" : null,
  "timestamp" : "2025-11-08T21:54:16.751Z",
  "batchId" : 18,
  "numInputRows" : 1,
  "inputRowsPerSecond" : 58.8235294117647,
  "processedRowsPerSecond" : 1.4903129657228018,
  "durationMs" : {
    "addBatch" : 573,
    "commitOffsets" : 48,
    "getBatch" : 1,
    "latestOffset" : 4,
    "queryPlanning" : 5,
    "triggerExecution" : 671,
    "walCommit" : 40
  },
  "stateOperators" : [ ],
  "sources" : [ {
    "description" : "KafkaV2[Subscribe[transactions]]",
    "startOffset" : {
      "transactions" : {
        "0" : 271
      }
    },
    "endOffset" : {
      "transactions" : {
        "0" : 272
      }
    },
    "latestOffset" : {
      "transactions" : {
        "0" : 272
      }
    },
    "numInputRows" : 1,
    "inputRowsPerSecond" : 58.8235294117647,
    "processedRowsPerSecond" : 1.4903129657228018,
    "metrics" : {
      "avgOffsetsBehindLatest" : "0.0",
      "maxOffsetsBehindLatest" : "0",
      "minOffsetsBehindLatest" : "0"
    }
  } ],
  "sink" : {
    "description" : "org.apache.spark.sql.execution.streaming.ConsoleTable$@6e4ae8d1",
    "numOutputRows" : 1
  }
}
2025-11-09 03:24:17 [stream execution thread for [id = 7a53a007-fc5f-4b62-88f2-95a7e4acbf62, runId = 40354a01-ccb6-4dae-b705-87d59d863863]] INFO  o.a.s.s.e.s.CheckpointFileManager - Writing atomically to file:/private/var/folders/d1/0lfypfw93vx8vhhstp40dlv40000gn/T/temporary-c0656fe9-68e0-4587-bcb3-94528327941d/offsets/19 using temp file file:/private/var/folders/d1/0lfypfw93vx8vhhstp40dlv40000gn/T/temporary-c0656fe9-68e0-4587-bcb3-94528327941d/offsets/.19.d9d9a894-7aed-4692-93d5-ca56b86a622a.tmp
2025-11-09 03:24:17 [stream execution thread for [id = 7a53a007-fc5f-4b62-88f2-95a7e4acbf62, runId = 40354a01-ccb6-4dae-b705-87d59d863863]] INFO  o.a.s.s.e.s.CheckpointFileManager - Renamed temp file file:/private/var/folders/d1/0lfypfw93vx8vhhstp40dlv40000gn/T/temporary-c0656fe9-68e0-4587-bcb3-94528327941d/offsets/.19.d9d9a894-7aed-4692-93d5-ca56b86a622a.tmp to file:/private/var/folders/d1/0lfypfw93vx8vhhstp40dlv40000gn/T/temporary-c0656fe9-68e0-4587-bcb3-94528327941d/offsets/19
2025-11-09 03:24:17 [stream execution thread for [id = 7a53a007-fc5f-4b62-88f2-95a7e4acbf62, runId = 40354a01-ccb6-4dae-b705-87d59d863863]] INFO  o.a.s.s.e.s.MicroBatchExecution - Committed offsets for batch 19. Metadata OffsetSeqMetadata(0,1762638857770,Map(spark.sql.streaming.stateStore.providerClass -> org.apache.spark.sql.execution.streaming.state.HDFSBackedStateStoreProvider, spark.sql.streaming.join.stateFormatVersion -> 2, spark.sql.streaming.stateStore.compression.codec -> lz4, spark.sql.streaming.stateStore.rocksdb.formatVersion -> 5, spark.sql.streaming.statefulOperator.useStrictDistribution -> true, spark.sql.streaming.flatMapGroupsWithState.stateFormatVersion -> 2, spark.sql.streaming.multipleWatermarkPolicy -> min, spark.sql.streaming.aggregation.stateFormatVersion -> 2, spark.sql.shuffle.partitions -> 200))
2025-11-09 03:24:17 [stream execution thread for [id = 7a53a007-fc5f-4b62-88f2-95a7e4acbf62, runId = 40354a01-ccb6-4dae-b705-87d59d863863]] INFO  o.a.s.s.k.KafkaOffsetReaderAdmin - Partitions added: Map()
2025-11-09 03:24:17 [stream execution thread for [id = 7a53a007-fc5f-4b62-88f2-95a7e4acbf62, runId = 40354a01-ccb6-4dae-b705-87d59d863863]] INFO  o.a.s.s.k.KafkaOffsetReaderAdmin - Partitions added: Map()
2025-11-09 03:24:17 [stream execution thread for [id = 7a53a007-fc5f-4b62-88f2-95a7e4acbf62, runId = 40354a01-ccb6-4dae-b705-87d59d863863]] INFO  o.a.s.s.k.KafkaOffsetReaderAdmin - Partitions added: Map()
2025-11-09 03:24:17 [stream execution thread for [id = 7a53a007-fc5f-4b62-88f2-95a7e4acbf62, runId = 40354a01-ccb6-4dae-b705-87d59d863863]] INFO  o.a.s.s.k.KafkaOffsetReaderAdmin - Partitions added: Map()
2025-11-09 03:24:17 [stream execution thread for [id = 7a53a007-fc5f-4b62-88f2-95a7e4acbf62, runId = 40354a01-ccb6-4dae-b705-87d59d863863]] INFO  o.a.s.s.k.KafkaOffsetReaderAdmin - Partitions added: Map()
2025-11-09 03:24:17 [stream execution thread for [id = 7a53a007-fc5f-4b62-88f2-95a7e4acbf62, runId = 40354a01-ccb6-4dae-b705-87d59d863863]] INFO  o.a.s.s.k.KafkaOffsetReaderAdmin - Partitions added: Map()
2025-11-09 03:24:17 [stream execution thread for [id = 7a53a007-fc5f-4b62-88f2-95a7e4acbf62, runId = 40354a01-ccb6-4dae-b705-87d59d863863]] INFO  o.a.s.s.e.d.v.WriteToDataSourceV2Exec - Start processing data source write support: MicroBatchWrite[epoch: 19, writer: ConsoleWriter[numRows=20, truncate=false]]. The input RDD has 1 partitions.
2025-11-09 03:24:17 [stream execution thread for [id = 7a53a007-fc5f-4b62-88f2-95a7e4acbf62, runId = 40354a01-ccb6-4dae-b705-87d59d863863]] INFO  org.apache.spark.SparkContext - Starting job: start at FraudDetection.scala:66
2025-11-09 03:24:17 [dag-scheduler-event-loop] INFO  o.a.spark.scheduler.DAGScheduler - Got job 19 (start at FraudDetection.scala:66) with 1 output partitions
2025-11-09 03:24:17 [dag-scheduler-event-loop] INFO  o.a.spark.scheduler.DAGScheduler - Final stage: ResultStage 19 (start at FraudDetection.scala:66)
2025-11-09 03:24:17 [dag-scheduler-event-loop] INFO  o.a.spark.scheduler.DAGScheduler - Parents of final stage: List()
2025-11-09 03:24:17 [dag-scheduler-event-loop] INFO  o.a.spark.scheduler.DAGScheduler - Missing parents: List()
2025-11-09 03:24:17 [dag-scheduler-event-loop] INFO  o.a.spark.scheduler.DAGScheduler - Submitting ResultStage 19 (MapPartitionsRDD[80] at start at FraudDetection.scala:66), which has no missing parents
2025-11-09 03:24:17 [dag-scheduler-event-loop] INFO  o.a.spark.storage.memory.MemoryStore - Block broadcast_19 stored as values in memory (estimated size 25.6 KiB, free 1048.6 MiB)
2025-11-09 03:24:17 [dag-scheduler-event-loop] INFO  o.a.spark.storage.memory.MemoryStore - Block broadcast_19_piece0 stored as bytes in memory (estimated size 11.7 KiB, free 1048.6 MiB)
2025-11-09 03:24:17 [dispatcher-BlockManagerMaster] INFO  o.a.spark.storage.BlockManagerInfo - Added broadcast_19_piece0 in memory on 127.0.0.1:51276 (size: 11.7 KiB, free: 1048.7 MiB)
2025-11-09 03:24:17 [dag-scheduler-event-loop] INFO  org.apache.spark.SparkContext - Created broadcast 19 from broadcast at DAGScheduler.scala:1535
2025-11-09 03:24:17 [dag-scheduler-event-loop] INFO  o.a.spark.scheduler.DAGScheduler - Submitting 1 missing tasks from ResultStage 19 (MapPartitionsRDD[80] at start at FraudDetection.scala:66) (first 15 tasks are for partitions Vector(0))
2025-11-09 03:24:17 [dag-scheduler-event-loop] INFO  o.a.s.scheduler.TaskSchedulerImpl - Adding task set 19.0 with 1 tasks resource profile 0
2025-11-09 03:24:17 [dispatcher-event-loop-4] INFO  o.a.spark.scheduler.TaskSetManager - Starting task 0.0 in stage 19.0 (TID 19) (192.168.1.6, executor driver, partition 0, PROCESS_LOCAL, 8476 bytes) 
2025-11-09 03:24:17 [Executor task launch worker for task 0.0 in stage 19.0 (TID 19)] INFO  org.apache.spark.executor.Executor - Running task 0.0 in stage 19.0 (TID 19)
2025-11-09 03:24:17 [Executor task launch worker for task 0.0 in stage 19.0 (TID 19)] INFO  o.a.k.clients.consumer.KafkaConsumer - [Consumer clientId=consumer-spark-kafka-source-598d9184-ff11-4c8f-b55c-e51776cc2079--2111622232-executor-1, groupId=spark-kafka-source-598d9184-ff11-4c8f-b55c-e51776cc2079--2111622232-executor] Seeking to offset 272 for partition transactions-0
2025-11-09 03:24:17 [Executor task launch worker for task 0.0 in stage 19.0 (TID 19)] INFO  o.a.k.c.c.i.SubscriptionState - [Consumer clientId=consumer-spark-kafka-source-598d9184-ff11-4c8f-b55c-e51776cc2079--2111622232-executor-1, groupId=spark-kafka-source-598d9184-ff11-4c8f-b55c-e51776cc2079--2111622232-executor] Seeking to earliest offset of partition transactions-0
2025-11-09 03:24:18 [Executor task launch worker for task 0.0 in stage 19.0 (TID 19)] INFO  o.a.k.c.c.i.SubscriptionState - [Consumer clientId=consumer-spark-kafka-source-598d9184-ff11-4c8f-b55c-e51776cc2079--2111622232-executor-1, groupId=spark-kafka-source-598d9184-ff11-4c8f-b55c-e51776cc2079--2111622232-executor] Resetting offset for partition transactions-0 to position FetchPosition{offset=0, offsetEpoch=Optional.empty, currentLeader=LeaderAndEpoch{leader=Optional[localhost:9092 (id: 1 rack: null)], epoch=0}}.
2025-11-09 03:24:18 [Executor task launch worker for task 0.0 in stage 19.0 (TID 19)] INFO  o.a.k.c.c.i.SubscriptionState - [Consumer clientId=consumer-spark-kafka-source-598d9184-ff11-4c8f-b55c-e51776cc2079--2111622232-executor-1, groupId=spark-kafka-source-598d9184-ff11-4c8f-b55c-e51776cc2079--2111622232-executor] Seeking to latest offset of partition transactions-0
2025-11-09 03:24:18 [Executor task launch worker for task 0.0 in stage 19.0 (TID 19)] INFO  o.a.k.c.c.i.SubscriptionState - [Consumer clientId=consumer-spark-kafka-source-598d9184-ff11-4c8f-b55c-e51776cc2079--2111622232-executor-1, groupId=spark-kafka-source-598d9184-ff11-4c8f-b55c-e51776cc2079--2111622232-executor] Resetting offset for partition transactions-0 to position FetchPosition{offset=273, offsetEpoch=Optional.empty, currentLeader=LeaderAndEpoch{leader=Optional[localhost:9092 (id: 1 rack: null)], epoch=0}}.
2025-11-09 03:24:18 [Executor task launch worker for task 0.0 in stage 19.0 (TID 19)] INFO  o.a.s.s.e.d.v2.DataWritingSparkTask - Commit authorized for partition 0 (task 19, attempt 0, stage 19.0)
2025-11-09 03:24:18 [Executor task launch worker for task 0.0 in stage 19.0 (TID 19)] INFO  o.a.s.s.e.d.v2.DataWritingSparkTask - Committed partition 0 (task 19, attempt 0, stage 19.0)
2025-11-09 03:24:18 [Executor task launch worker for task 0.0 in stage 19.0 (TID 19)] INFO  org.apache.spark.executor.Executor - Finished task 0.0 in stage 19.0 (TID 19). 2180 bytes result sent to driver
2025-11-09 03:24:18 [task-result-getter-3] INFO  o.a.spark.scheduler.TaskSetManager - Finished task 0.0 in stage 19.0 (TID 19) in 527 ms on 192.168.1.6 (executor driver) (1/1)
2025-11-09 03:24:18 [task-result-getter-3] INFO  o.a.s.scheduler.TaskSchedulerImpl - Removed TaskSet 19.0, whose tasks have all completed, from pool 
2025-11-09 03:24:18 [dag-scheduler-event-loop] INFO  o.a.spark.scheduler.DAGScheduler - ResultStage 19 (start at FraudDetection.scala:66) finished in 0.530 s
2025-11-09 03:24:18 [dag-scheduler-event-loop] INFO  o.a.spark.scheduler.DAGScheduler - Job 19 is finished. Cancelling potential speculative or zombie tasks for this job
2025-11-09 03:24:18 [dag-scheduler-event-loop] INFO  o.a.s.scheduler.TaskSchedulerImpl - Killing all running tasks in stage 19: Stage finished
2025-11-09 03:24:18 [stream execution thread for [id = 7a53a007-fc5f-4b62-88f2-95a7e4acbf62, runId = 40354a01-ccb6-4dae-b705-87d59d863863]] INFO  o.a.spark.scheduler.DAGScheduler - Job 19 finished: start at FraudDetection.scala:66, took 0.531882 s
2025-11-09 03:24:18 [stream execution thread for [id = 7a53a007-fc5f-4b62-88f2-95a7e4acbf62, runId = 40354a01-ccb6-4dae-b705-87d59d863863]] INFO  o.a.s.s.e.d.v.WriteToDataSourceV2Exec - Data source write support MicroBatchWrite[epoch: 19, writer: ConsoleWriter[numRows=20, truncate=false]] is committing.
2025-11-09 03:24:18 [stream execution thread for [id = 7a53a007-fc5f-4b62-88f2-95a7e4acbf62, runId = 40354a01-ccb6-4dae-b705-87d59d863863]] INFO  o.a.s.s.e.d.v.WriteToDataSourceV2Exec - Data source write support MicroBatchWrite[epoch: 19, writer: ConsoleWriter[numRows=20, truncate=false]] committed.
2025-11-09 03:24:18 [stream execution thread for [id = 7a53a007-fc5f-4b62-88f2-95a7e4acbf62, runId = 40354a01-ccb6-4dae-b705-87d59d863863]] INFO  o.a.s.s.e.s.CheckpointFileManager - Writing atomically to file:/private/var/folders/d1/0lfypfw93vx8vhhstp40dlv40000gn/T/temporary-c0656fe9-68e0-4587-bcb3-94528327941d/commits/19 using temp file file:/private/var/folders/d1/0lfypfw93vx8vhhstp40dlv40000gn/T/temporary-c0656fe9-68e0-4587-bcb3-94528327941d/commits/.19.29cb9a9d-767d-4a6d-afe8-838830a23238.tmp
2025-11-09 03:24:18 [stream execution thread for [id = 7a53a007-fc5f-4b62-88f2-95a7e4acbf62, runId = 40354a01-ccb6-4dae-b705-87d59d863863]] INFO  o.a.s.s.e.s.CheckpointFileManager - Renamed temp file file:/private/var/folders/d1/0lfypfw93vx8vhhstp40dlv40000gn/T/temporary-c0656fe9-68e0-4587-bcb3-94528327941d/commits/.19.29cb9a9d-767d-4a6d-afe8-838830a23238.tmp to file:/private/var/folders/d1/0lfypfw93vx8vhhstp40dlv40000gn/T/temporary-c0656fe9-68e0-4587-bcb3-94528327941d/commits/19
2025-11-09 03:24:18 [stream execution thread for [id = 7a53a007-fc5f-4b62-88f2-95a7e4acbf62, runId = 40354a01-ccb6-4dae-b705-87d59d863863]] INFO  o.a.s.s.e.s.MicroBatchExecution - Streaming query made progress: {
  "id" : "7a53a007-fc5f-4b62-88f2-95a7e4acbf62",
  "runId" : "40354a01-ccb6-4dae-b705-87d59d863863",
  "name" : null,
  "timestamp" : "2025-11-08T21:54:17.765Z",
  "batchId" : 19,
  "numInputRows" : 1,
  "inputRowsPerSecond" : 58.8235294117647,
  "processedRowsPerSecond" : 1.4858841010401187,
  "durationMs" : {
    "addBatch" : 566,
    "commitOffsets" : 52,
    "getBatch" : 0,
    "latestOffset" : 5,
    "queryPlanning" : 5,
    "triggerExecution" : 673,
    "walCommit" : 43
  },
  "stateOperators" : [ ],
  "sources" : [ {
    "description" : "KafkaV2[Subscribe[transactions]]",
    "startOffset" : {
      "transactions" : {
        "0" : 272
      }
    },
    "endOffset" : {
      "transactions" : {
        "0" : 273
      }
    },
    "latestOffset" : {
      "transactions" : {
        "0" : 273
      }
    },
    "numInputRows" : 1,
    "inputRowsPerSecond" : 58.8235294117647,
    "processedRowsPerSecond" : 1.4858841010401187,
    "metrics" : {
      "avgOffsetsBehindLatest" : "0.0",
      "maxOffsetsBehindLatest" : "0",
      "minOffsetsBehindLatest" : "0"
    }
  } ],
  "sink" : {
    "description" : "org.apache.spark.sql.execution.streaming.ConsoleTable$@6e4ae8d1",
    "numOutputRows" : 1
  }
}
2025-11-09 03:24:18 [stream execution thread for [id = 7a53a007-fc5f-4b62-88f2-95a7e4acbf62, runId = 40354a01-ccb6-4dae-b705-87d59d863863]] INFO  o.a.s.s.e.s.CheckpointFileManager - Writing atomically to file:/private/var/folders/d1/0lfypfw93vx8vhhstp40dlv40000gn/T/temporary-c0656fe9-68e0-4587-bcb3-94528327941d/offsets/20 using temp file file:/private/var/folders/d1/0lfypfw93vx8vhhstp40dlv40000gn/T/temporary-c0656fe9-68e0-4587-bcb3-94528327941d/offsets/.20.b9ed2bb8-05cb-4ec3-b67e-a3b718d6104b.tmp
2025-11-09 03:24:18 [stream execution thread for [id = 7a53a007-fc5f-4b62-88f2-95a7e4acbf62, runId = 40354a01-ccb6-4dae-b705-87d59d863863]] INFO  o.a.s.s.e.s.CheckpointFileManager - Renamed temp file file:/private/var/folders/d1/0lfypfw93vx8vhhstp40dlv40000gn/T/temporary-c0656fe9-68e0-4587-bcb3-94528327941d/offsets/.20.b9ed2bb8-05cb-4ec3-b67e-a3b718d6104b.tmp to file:/private/var/folders/d1/0lfypfw93vx8vhhstp40dlv40000gn/T/temporary-c0656fe9-68e0-4587-bcb3-94528327941d/offsets/20
2025-11-09 03:24:18 [stream execution thread for [id = 7a53a007-fc5f-4b62-88f2-95a7e4acbf62, runId = 40354a01-ccb6-4dae-b705-87d59d863863]] INFO  o.a.s.s.e.s.MicroBatchExecution - Committed offsets for batch 20. Metadata OffsetSeqMetadata(0,1762638858763,Map(spark.sql.streaming.stateStore.providerClass -> org.apache.spark.sql.execution.streaming.state.HDFSBackedStateStoreProvider, spark.sql.streaming.join.stateFormatVersion -> 2, spark.sql.streaming.stateStore.compression.codec -> lz4, spark.sql.streaming.stateStore.rocksdb.formatVersion -> 5, spark.sql.streaming.statefulOperator.useStrictDistribution -> true, spark.sql.streaming.flatMapGroupsWithState.stateFormatVersion -> 2, spark.sql.streaming.multipleWatermarkPolicy -> min, spark.sql.streaming.aggregation.stateFormatVersion -> 2, spark.sql.shuffle.partitions -> 200))
2025-11-09 03:24:18 [stream execution thread for [id = 7a53a007-fc5f-4b62-88f2-95a7e4acbf62, runId = 40354a01-ccb6-4dae-b705-87d59d863863]] INFO  o.a.s.s.k.KafkaOffsetReaderAdmin - Partitions added: Map()
2025-11-09 03:24:18 [stream execution thread for [id = 7a53a007-fc5f-4b62-88f2-95a7e4acbf62, runId = 40354a01-ccb6-4dae-b705-87d59d863863]] INFO  o.a.s.s.k.KafkaOffsetReaderAdmin - Partitions added: Map()
2025-11-09 03:24:18 [stream execution thread for [id = 7a53a007-fc5f-4b62-88f2-95a7e4acbf62, runId = 40354a01-ccb6-4dae-b705-87d59d863863]] INFO  o.a.s.s.k.KafkaOffsetReaderAdmin - Partitions added: Map()
2025-11-09 03:24:18 [stream execution thread for [id = 7a53a007-fc5f-4b62-88f2-95a7e4acbf62, runId = 40354a01-ccb6-4dae-b705-87d59d863863]] INFO  o.a.s.s.k.KafkaOffsetReaderAdmin - Partitions added: Map()
2025-11-09 03:24:18 [stream execution thread for [id = 7a53a007-fc5f-4b62-88f2-95a7e4acbf62, runId = 40354a01-ccb6-4dae-b705-87d59d863863]] INFO  o.a.s.s.k.KafkaOffsetReaderAdmin - Partitions added: Map()
2025-11-09 03:24:18 [stream execution thread for [id = 7a53a007-fc5f-4b62-88f2-95a7e4acbf62, runId = 40354a01-ccb6-4dae-b705-87d59d863863]] INFO  o.a.s.s.k.KafkaOffsetReaderAdmin - Partitions added: Map()
2025-11-09 03:24:18 [stream execution thread for [id = 7a53a007-fc5f-4b62-88f2-95a7e4acbf62, runId = 40354a01-ccb6-4dae-b705-87d59d863863]] INFO  o.a.s.s.e.d.v.WriteToDataSourceV2Exec - Start processing data source write support: MicroBatchWrite[epoch: 20, writer: ConsoleWriter[numRows=20, truncate=false]]. The input RDD has 1 partitions.
2025-11-09 03:24:18 [stream execution thread for [id = 7a53a007-fc5f-4b62-88f2-95a7e4acbf62, runId = 40354a01-ccb6-4dae-b705-87d59d863863]] INFO  org.apache.spark.SparkContext - Starting job: start at FraudDetection.scala:66
2025-11-09 03:24:18 [dag-scheduler-event-loop] INFO  o.a.spark.scheduler.DAGScheduler - Got job 20 (start at FraudDetection.scala:66) with 1 output partitions
2025-11-09 03:24:18 [dag-scheduler-event-loop] INFO  o.a.spark.scheduler.DAGScheduler - Final stage: ResultStage 20 (start at FraudDetection.scala:66)
2025-11-09 03:24:18 [dag-scheduler-event-loop] INFO  o.a.spark.scheduler.DAGScheduler - Parents of final stage: List()
2025-11-09 03:24:18 [dag-scheduler-event-loop] INFO  o.a.spark.scheduler.DAGScheduler - Missing parents: List()
2025-11-09 03:24:18 [dag-scheduler-event-loop] INFO  o.a.spark.scheduler.DAGScheduler - Submitting ResultStage 20 (MapPartitionsRDD[84] at start at FraudDetection.scala:66), which has no missing parents
2025-11-09 03:24:18 [dag-scheduler-event-loop] INFO  o.a.spark.storage.memory.MemoryStore - Block broadcast_20 stored as values in memory (estimated size 25.6 KiB, free 1048.6 MiB)
2025-11-09 03:24:18 [dag-scheduler-event-loop] INFO  o.a.spark.storage.memory.MemoryStore - Block broadcast_20_piece0 stored as bytes in memory (estimated size 11.8 KiB, free 1048.5 MiB)
2025-11-09 03:24:18 [dispatcher-BlockManagerMaster] INFO  o.a.spark.storage.BlockManagerInfo - Added broadcast_20_piece0 in memory on 127.0.0.1:51276 (size: 11.8 KiB, free: 1048.7 MiB)
2025-11-09 03:24:18 [dag-scheduler-event-loop] INFO  org.apache.spark.SparkContext - Created broadcast 20 from broadcast at DAGScheduler.scala:1535
2025-11-09 03:24:18 [dag-scheduler-event-loop] INFO  o.a.spark.scheduler.DAGScheduler - Submitting 1 missing tasks from ResultStage 20 (MapPartitionsRDD[84] at start at FraudDetection.scala:66) (first 15 tasks are for partitions Vector(0))
2025-11-09 03:24:18 [dag-scheduler-event-loop] INFO  o.a.s.scheduler.TaskSchedulerImpl - Adding task set 20.0 with 1 tasks resource profile 0
2025-11-09 03:24:18 [dispatcher-event-loop-0] INFO  o.a.spark.scheduler.TaskSetManager - Starting task 0.0 in stage 20.0 (TID 20) (192.168.1.6, executor driver, partition 0, PROCESS_LOCAL, 8476 bytes) 
2025-11-09 03:24:18 [Executor task launch worker for task 0.0 in stage 20.0 (TID 20)] INFO  org.apache.spark.executor.Executor - Running task 0.0 in stage 20.0 (TID 20)
2025-11-09 03:24:18 [Executor task launch worker for task 0.0 in stage 20.0 (TID 20)] INFO  o.a.k.clients.consumer.KafkaConsumer - [Consumer clientId=consumer-spark-kafka-source-598d9184-ff11-4c8f-b55c-e51776cc2079--2111622232-executor-1, groupId=spark-kafka-source-598d9184-ff11-4c8f-b55c-e51776cc2079--2111622232-executor] Seeking to offset 273 for partition transactions-0
2025-11-09 03:24:18 [Executor task launch worker for task 0.0 in stage 20.0 (TID 20)] INFO  o.a.k.c.c.i.SubscriptionState - [Consumer clientId=consumer-spark-kafka-source-598d9184-ff11-4c8f-b55c-e51776cc2079--2111622232-executor-1, groupId=spark-kafka-source-598d9184-ff11-4c8f-b55c-e51776cc2079--2111622232-executor] Seeking to earliest offset of partition transactions-0
2025-11-09 03:24:19 [Executor task launch worker for task 0.0 in stage 20.0 (TID 20)] INFO  o.a.k.c.c.i.SubscriptionState - [Consumer clientId=consumer-spark-kafka-source-598d9184-ff11-4c8f-b55c-e51776cc2079--2111622232-executor-1, groupId=spark-kafka-source-598d9184-ff11-4c8f-b55c-e51776cc2079--2111622232-executor] Resetting offset for partition transactions-0 to position FetchPosition{offset=0, offsetEpoch=Optional.empty, currentLeader=LeaderAndEpoch{leader=Optional[localhost:9092 (id: 1 rack: null)], epoch=0}}.
2025-11-09 03:24:19 [Executor task launch worker for task 0.0 in stage 20.0 (TID 20)] INFO  o.a.k.c.c.i.SubscriptionState - [Consumer clientId=consumer-spark-kafka-source-598d9184-ff11-4c8f-b55c-e51776cc2079--2111622232-executor-1, groupId=spark-kafka-source-598d9184-ff11-4c8f-b55c-e51776cc2079--2111622232-executor] Seeking to latest offset of partition transactions-0
2025-11-09 03:24:19 [Executor task launch worker for task 0.0 in stage 20.0 (TID 20)] INFO  o.a.k.c.c.i.SubscriptionState - [Consumer clientId=consumer-spark-kafka-source-598d9184-ff11-4c8f-b55c-e51776cc2079--2111622232-executor-1, groupId=spark-kafka-source-598d9184-ff11-4c8f-b55c-e51776cc2079--2111622232-executor] Resetting offset for partition transactions-0 to position FetchPosition{offset=274, offsetEpoch=Optional.empty, currentLeader=LeaderAndEpoch{leader=Optional[localhost:9092 (id: 1 rack: null)], epoch=0}}.
2025-11-09 03:24:19 [Executor task launch worker for task 0.0 in stage 20.0 (TID 20)] INFO  o.a.s.s.e.d.v2.DataWritingSparkTask - Commit authorized for partition 0 (task 20, attempt 0, stage 20.0)
2025-11-09 03:24:19 [Executor task launch worker for task 0.0 in stage 20.0 (TID 20)] INFO  o.a.s.s.e.d.v2.DataWritingSparkTask - Committed partition 0 (task 20, attempt 0, stage 20.0)
2025-11-09 03:24:19 [Executor task launch worker for task 0.0 in stage 20.0 (TID 20)] INFO  org.apache.spark.executor.Executor - Finished task 0.0 in stage 20.0 (TID 20). 2180 bytes result sent to driver
2025-11-09 03:24:19 [task-result-getter-0] INFO  o.a.spark.scheduler.TaskSetManager - Finished task 0.0 in stage 20.0 (TID 20) in 524 ms on 192.168.1.6 (executor driver) (1/1)
2025-11-09 03:24:19 [task-result-getter-0] INFO  o.a.s.scheduler.TaskSchedulerImpl - Removed TaskSet 20.0, whose tasks have all completed, from pool 
2025-11-09 03:24:19 [dag-scheduler-event-loop] INFO  o.a.spark.scheduler.DAGScheduler - ResultStage 20 (start at FraudDetection.scala:66) finished in 0.528 s
2025-11-09 03:24:19 [dag-scheduler-event-loop] INFO  o.a.spark.scheduler.DAGScheduler - Job 20 is finished. Cancelling potential speculative or zombie tasks for this job
2025-11-09 03:24:19 [dag-scheduler-event-loop] INFO  o.a.s.scheduler.TaskSchedulerImpl - Killing all running tasks in stage 20: Stage finished
2025-11-09 03:24:19 [stream execution thread for [id = 7a53a007-fc5f-4b62-88f2-95a7e4acbf62, runId = 40354a01-ccb6-4dae-b705-87d59d863863]] INFO  o.a.spark.scheduler.DAGScheduler - Job 20 finished: start at FraudDetection.scala:66, took 0.529188 s
2025-11-09 03:24:19 [stream execution thread for [id = 7a53a007-fc5f-4b62-88f2-95a7e4acbf62, runId = 40354a01-ccb6-4dae-b705-87d59d863863]] INFO  o.a.s.s.e.d.v.WriteToDataSourceV2Exec - Data source write support MicroBatchWrite[epoch: 20, writer: ConsoleWriter[numRows=20, truncate=false]] is committing.
2025-11-09 03:24:19 [stream execution thread for [id = 7a53a007-fc5f-4b62-88f2-95a7e4acbf62, runId = 40354a01-ccb6-4dae-b705-87d59d863863]] INFO  o.a.s.s.e.d.v.WriteToDataSourceV2Exec - Data source write support MicroBatchWrite[epoch: 20, writer: ConsoleWriter[numRows=20, truncate=false]] committed.
2025-11-09 03:24:19 [stream execution thread for [id = 7a53a007-fc5f-4b62-88f2-95a7e4acbf62, runId = 40354a01-ccb6-4dae-b705-87d59d863863]] INFO  o.a.s.s.e.s.CheckpointFileManager - Writing atomically to file:/private/var/folders/d1/0lfypfw93vx8vhhstp40dlv40000gn/T/temporary-c0656fe9-68e0-4587-bcb3-94528327941d/commits/20 using temp file file:/private/var/folders/d1/0lfypfw93vx8vhhstp40dlv40000gn/T/temporary-c0656fe9-68e0-4587-bcb3-94528327941d/commits/.20.76c88029-89b5-4726-89f2-bef4936efefa.tmp
2025-11-09 03:24:19 [stream execution thread for [id = 7a53a007-fc5f-4b62-88f2-95a7e4acbf62, runId = 40354a01-ccb6-4dae-b705-87d59d863863]] INFO  o.a.s.s.e.s.CheckpointFileManager - Renamed temp file file:/private/var/folders/d1/0lfypfw93vx8vhhstp40dlv40000gn/T/temporary-c0656fe9-68e0-4587-bcb3-94528327941d/commits/.20.76c88029-89b5-4726-89f2-bef4936efefa.tmp to file:/private/var/folders/d1/0lfypfw93vx8vhhstp40dlv40000gn/T/temporary-c0656fe9-68e0-4587-bcb3-94528327941d/commits/20
2025-11-09 03:24:19 [stream execution thread for [id = 7a53a007-fc5f-4b62-88f2-95a7e4acbf62, runId = 40354a01-ccb6-4dae-b705-87d59d863863]] INFO  o.a.s.s.e.s.MicroBatchExecution - Streaming query made progress: {
  "id" : "7a53a007-fc5f-4b62-88f2-95a7e4acbf62",
  "runId" : "40354a01-ccb6-4dae-b705-87d59d863863",
  "name" : null,
  "timestamp" : "2025-11-08T21:54:18.758Z",
  "batchId" : 20,
  "numInputRows" : 1,
  "inputRowsPerSecond" : 58.8235294117647,
  "processedRowsPerSecond" : 1.5267175572519083,
  "durationMs" : {
    "addBatch" : 557,
    "commitOffsets" : 53,
    "getBatch" : 0,
    "latestOffset" : 5,
    "queryPlanning" : 5,
    "triggerExecution" : 655,
    "walCommit" : 34
  },
  "stateOperators" : [ ],
  "sources" : [ {
    "description" : "KafkaV2[Subscribe[transactions]]",
    "startOffset" : {
      "transactions" : {
        "0" : 273
      }
    },
    "endOffset" : {
      "transactions" : {
        "0" : 274
      }
    },
    "latestOffset" : {
      "transactions" : {
        "0" : 274
      }
    },
    "numInputRows" : 1,
    "inputRowsPerSecond" : 58.8235294117647,
    "processedRowsPerSecond" : 1.5267175572519083,
    "metrics" : {
      "avgOffsetsBehindLatest" : "0.0",
      "maxOffsetsBehindLatest" : "0",
      "minOffsetsBehindLatest" : "0"
    }
  } ],
  "sink" : {
    "description" : "org.apache.spark.sql.execution.streaming.ConsoleTable$@6e4ae8d1",
    "numOutputRows" : 1
  }
}
2025-11-09 03:24:19 [stream execution thread for [id = 7a53a007-fc5f-4b62-88f2-95a7e4acbf62, runId = 40354a01-ccb6-4dae-b705-87d59d863863]] INFO  o.a.s.s.e.s.CheckpointFileManager - Writing atomically to file:/private/var/folders/d1/0lfypfw93vx8vhhstp40dlv40000gn/T/temporary-c0656fe9-68e0-4587-bcb3-94528327941d/offsets/21 using temp file file:/private/var/folders/d1/0lfypfw93vx8vhhstp40dlv40000gn/T/temporary-c0656fe9-68e0-4587-bcb3-94528327941d/offsets/.21.e9fa8d2a-b2ee-49fc-b0c1-93b149b012aa.tmp
2025-11-09 03:24:19 [stream execution thread for [id = 7a53a007-fc5f-4b62-88f2-95a7e4acbf62, runId = 40354a01-ccb6-4dae-b705-87d59d863863]] INFO  o.a.s.s.e.s.CheckpointFileManager - Renamed temp file file:/private/var/folders/d1/0lfypfw93vx8vhhstp40dlv40000gn/T/temporary-c0656fe9-68e0-4587-bcb3-94528327941d/offsets/.21.e9fa8d2a-b2ee-49fc-b0c1-93b149b012aa.tmp to file:/private/var/folders/d1/0lfypfw93vx8vhhstp40dlv40000gn/T/temporary-c0656fe9-68e0-4587-bcb3-94528327941d/offsets/21
2025-11-09 03:24:19 [stream execution thread for [id = 7a53a007-fc5f-4b62-88f2-95a7e4acbf62, runId = 40354a01-ccb6-4dae-b705-87d59d863863]] INFO  o.a.s.s.e.s.MicroBatchExecution - Committed offsets for batch 21. Metadata OffsetSeqMetadata(0,1762638859769,Map(spark.sql.streaming.stateStore.providerClass -> org.apache.spark.sql.execution.streaming.state.HDFSBackedStateStoreProvider, spark.sql.streaming.join.stateFormatVersion -> 2, spark.sql.streaming.stateStore.compression.codec -> lz4, spark.sql.streaming.stateStore.rocksdb.formatVersion -> 5, spark.sql.streaming.statefulOperator.useStrictDistribution -> true, spark.sql.streaming.flatMapGroupsWithState.stateFormatVersion -> 2, spark.sql.streaming.multipleWatermarkPolicy -> min, spark.sql.streaming.aggregation.stateFormatVersion -> 2, spark.sql.shuffle.partitions -> 200))
2025-11-09 03:24:19 [stream execution thread for [id = 7a53a007-fc5f-4b62-88f2-95a7e4acbf62, runId = 40354a01-ccb6-4dae-b705-87d59d863863]] INFO  o.a.s.s.k.KafkaOffsetReaderAdmin - Partitions added: Map()
2025-11-09 03:24:19 [stream execution thread for [id = 7a53a007-fc5f-4b62-88f2-95a7e4acbf62, runId = 40354a01-ccb6-4dae-b705-87d59d863863]] INFO  o.a.s.s.k.KafkaOffsetReaderAdmin - Partitions added: Map()
2025-11-09 03:24:19 [stream execution thread for [id = 7a53a007-fc5f-4b62-88f2-95a7e4acbf62, runId = 40354a01-ccb6-4dae-b705-87d59d863863]] INFO  o.a.s.s.k.KafkaOffsetReaderAdmin - Partitions added: Map()
2025-11-09 03:24:19 [stream execution thread for [id = 7a53a007-fc5f-4b62-88f2-95a7e4acbf62, runId = 40354a01-ccb6-4dae-b705-87d59d863863]] INFO  o.a.s.s.k.KafkaOffsetReaderAdmin - Partitions added: Map()
2025-11-09 03:24:19 [stream execution thread for [id = 7a53a007-fc5f-4b62-88f2-95a7e4acbf62, runId = 40354a01-ccb6-4dae-b705-87d59d863863]] INFO  o.a.s.s.k.KafkaOffsetReaderAdmin - Partitions added: Map()
2025-11-09 03:24:19 [stream execution thread for [id = 7a53a007-fc5f-4b62-88f2-95a7e4acbf62, runId = 40354a01-ccb6-4dae-b705-87d59d863863]] INFO  o.a.s.s.k.KafkaOffsetReaderAdmin - Partitions added: Map()
2025-11-09 03:24:19 [stream execution thread for [id = 7a53a007-fc5f-4b62-88f2-95a7e4acbf62, runId = 40354a01-ccb6-4dae-b705-87d59d863863]] INFO  o.a.s.s.e.d.v.WriteToDataSourceV2Exec - Start processing data source write support: MicroBatchWrite[epoch: 21, writer: ConsoleWriter[numRows=20, truncate=false]]. The input RDD has 1 partitions.
2025-11-09 03:24:19 [stream execution thread for [id = 7a53a007-fc5f-4b62-88f2-95a7e4acbf62, runId = 40354a01-ccb6-4dae-b705-87d59d863863]] INFO  org.apache.spark.SparkContext - Starting job: start at FraudDetection.scala:66
2025-11-09 03:24:19 [dag-scheduler-event-loop] INFO  o.a.spark.scheduler.DAGScheduler - Got job 21 (start at FraudDetection.scala:66) with 1 output partitions
2025-11-09 03:24:19 [dag-scheduler-event-loop] INFO  o.a.spark.scheduler.DAGScheduler - Final stage: ResultStage 21 (start at FraudDetection.scala:66)
2025-11-09 03:24:19 [dag-scheduler-event-loop] INFO  o.a.spark.scheduler.DAGScheduler - Parents of final stage: List()
2025-11-09 03:24:19 [dag-scheduler-event-loop] INFO  o.a.spark.scheduler.DAGScheduler - Missing parents: List()
2025-11-09 03:24:19 [dag-scheduler-event-loop] INFO  o.a.spark.scheduler.DAGScheduler - Submitting ResultStage 21 (MapPartitionsRDD[88] at start at FraudDetection.scala:66), which has no missing parents
2025-11-09 03:24:19 [dag-scheduler-event-loop] INFO  o.a.spark.storage.memory.MemoryStore - Block broadcast_21 stored as values in memory (estimated size 25.6 KiB, free 1048.5 MiB)
2025-11-09 03:24:19 [dag-scheduler-event-loop] INFO  o.a.spark.storage.memory.MemoryStore - Block broadcast_21_piece0 stored as bytes in memory (estimated size 11.8 KiB, free 1048.5 MiB)
2025-11-09 03:24:19 [dispatcher-BlockManagerMaster] INFO  o.a.spark.storage.BlockManagerInfo - Added broadcast_21_piece0 in memory on 127.0.0.1:51276 (size: 11.8 KiB, free: 1048.7 MiB)
2025-11-09 03:24:19 [dag-scheduler-event-loop] INFO  org.apache.spark.SparkContext - Created broadcast 21 from broadcast at DAGScheduler.scala:1535
2025-11-09 03:24:19 [dag-scheduler-event-loop] INFO  o.a.spark.scheduler.DAGScheduler - Submitting 1 missing tasks from ResultStage 21 (MapPartitionsRDD[88] at start at FraudDetection.scala:66) (first 15 tasks are for partitions Vector(0))
2025-11-09 03:24:19 [dag-scheduler-event-loop] INFO  o.a.s.scheduler.TaskSchedulerImpl - Adding task set 21.0 with 1 tasks resource profile 0
2025-11-09 03:24:19 [dispatcher-event-loop-4] INFO  o.a.spark.scheduler.TaskSetManager - Starting task 0.0 in stage 21.0 (TID 21) (192.168.1.6, executor driver, partition 0, PROCESS_LOCAL, 8476 bytes) 
2025-11-09 03:24:19 [Executor task launch worker for task 0.0 in stage 21.0 (TID 21)] INFO  org.apache.spark.executor.Executor - Running task 0.0 in stage 21.0 (TID 21)
2025-11-09 03:24:19 [Executor task launch worker for task 0.0 in stage 21.0 (TID 21)] INFO  o.a.k.clients.consumer.KafkaConsumer - [Consumer clientId=consumer-spark-kafka-source-598d9184-ff11-4c8f-b55c-e51776cc2079--2111622232-executor-1, groupId=spark-kafka-source-598d9184-ff11-4c8f-b55c-e51776cc2079--2111622232-executor] Seeking to offset 274 for partition transactions-0
2025-11-09 03:24:19 [Executor task launch worker for task 0.0 in stage 21.0 (TID 21)] INFO  o.a.k.c.c.i.SubscriptionState - [Consumer clientId=consumer-spark-kafka-source-598d9184-ff11-4c8f-b55c-e51776cc2079--2111622232-executor-1, groupId=spark-kafka-source-598d9184-ff11-4c8f-b55c-e51776cc2079--2111622232-executor] Seeking to earliest offset of partition transactions-0
2025-11-09 03:24:20 [Executor task launch worker for task 0.0 in stage 21.0 (TID 21)] INFO  o.a.k.c.c.i.SubscriptionState - [Consumer clientId=consumer-spark-kafka-source-598d9184-ff11-4c8f-b55c-e51776cc2079--2111622232-executor-1, groupId=spark-kafka-source-598d9184-ff11-4c8f-b55c-e51776cc2079--2111622232-executor] Resetting offset for partition transactions-0 to position FetchPosition{offset=0, offsetEpoch=Optional.empty, currentLeader=LeaderAndEpoch{leader=Optional[localhost:9092 (id: 1 rack: null)], epoch=0}}.
2025-11-09 03:24:20 [Executor task launch worker for task 0.0 in stage 21.0 (TID 21)] INFO  o.a.k.c.c.i.SubscriptionState - [Consumer clientId=consumer-spark-kafka-source-598d9184-ff11-4c8f-b55c-e51776cc2079--2111622232-executor-1, groupId=spark-kafka-source-598d9184-ff11-4c8f-b55c-e51776cc2079--2111622232-executor] Seeking to latest offset of partition transactions-0
2025-11-09 03:24:20 [Executor task launch worker for task 0.0 in stage 21.0 (TID 21)] INFO  o.a.k.c.c.i.SubscriptionState - [Consumer clientId=consumer-spark-kafka-source-598d9184-ff11-4c8f-b55c-e51776cc2079--2111622232-executor-1, groupId=spark-kafka-source-598d9184-ff11-4c8f-b55c-e51776cc2079--2111622232-executor] Resetting offset for partition transactions-0 to position FetchPosition{offset=275, offsetEpoch=Optional.empty, currentLeader=LeaderAndEpoch{leader=Optional[localhost:9092 (id: 1 rack: null)], epoch=0}}.
2025-11-09 03:24:20 [Executor task launch worker for task 0.0 in stage 21.0 (TID 21)] INFO  o.a.s.s.e.d.v2.DataWritingSparkTask - Commit authorized for partition 0 (task 21, attempt 0, stage 21.0)
2025-11-09 03:24:20 [Executor task launch worker for task 0.0 in stage 21.0 (TID 21)] INFO  o.a.s.s.e.d.v2.DataWritingSparkTask - Committed partition 0 (task 21, attempt 0, stage 21.0)
2025-11-09 03:24:20 [Executor task launch worker for task 0.0 in stage 21.0 (TID 21)] INFO  org.apache.spark.executor.Executor - Finished task 0.0 in stage 21.0 (TID 21). 2180 bytes result sent to driver
2025-11-09 03:24:20 [task-result-getter-1] INFO  o.a.spark.scheduler.TaskSetManager - Finished task 0.0 in stage 21.0 (TID 21) in 526 ms on 192.168.1.6 (executor driver) (1/1)
2025-11-09 03:24:20 [task-result-getter-1] INFO  o.a.s.scheduler.TaskSchedulerImpl - Removed TaskSet 21.0, whose tasks have all completed, from pool 
2025-11-09 03:24:20 [dag-scheduler-event-loop] INFO  o.a.spark.scheduler.DAGScheduler - ResultStage 21 (start at FraudDetection.scala:66) finished in 0.530 s
2025-11-09 03:24:20 [dag-scheduler-event-loop] INFO  o.a.spark.scheduler.DAGScheduler - Job 21 is finished. Cancelling potential speculative or zombie tasks for this job
2025-11-09 03:24:20 [dag-scheduler-event-loop] INFO  o.a.s.scheduler.TaskSchedulerImpl - Killing all running tasks in stage 21: Stage finished
2025-11-09 03:24:20 [stream execution thread for [id = 7a53a007-fc5f-4b62-88f2-95a7e4acbf62, runId = 40354a01-ccb6-4dae-b705-87d59d863863]] INFO  o.a.spark.scheduler.DAGScheduler - Job 21 finished: start at FraudDetection.scala:66, took 0.531043 s
2025-11-09 03:24:20 [stream execution thread for [id = 7a53a007-fc5f-4b62-88f2-95a7e4acbf62, runId = 40354a01-ccb6-4dae-b705-87d59d863863]] INFO  o.a.s.s.e.d.v.WriteToDataSourceV2Exec - Data source write support MicroBatchWrite[epoch: 21, writer: ConsoleWriter[numRows=20, truncate=false]] is committing.
2025-11-09 03:24:20 [stream execution thread for [id = 7a53a007-fc5f-4b62-88f2-95a7e4acbf62, runId = 40354a01-ccb6-4dae-b705-87d59d863863]] INFO  o.a.s.s.e.d.v.WriteToDataSourceV2Exec - Data source write support MicroBatchWrite[epoch: 21, writer: ConsoleWriter[numRows=20, truncate=false]] committed.
2025-11-09 03:24:20 [stream execution thread for [id = 7a53a007-fc5f-4b62-88f2-95a7e4acbf62, runId = 40354a01-ccb6-4dae-b705-87d59d863863]] INFO  o.a.s.s.e.s.CheckpointFileManager - Writing atomically to file:/private/var/folders/d1/0lfypfw93vx8vhhstp40dlv40000gn/T/temporary-c0656fe9-68e0-4587-bcb3-94528327941d/commits/21 using temp file file:/private/var/folders/d1/0lfypfw93vx8vhhstp40dlv40000gn/T/temporary-c0656fe9-68e0-4587-bcb3-94528327941d/commits/.21.03fc98a6-d849-4576-810c-fb93c3bed58f.tmp
2025-11-09 03:24:20 [stream execution thread for [id = 7a53a007-fc5f-4b62-88f2-95a7e4acbf62, runId = 40354a01-ccb6-4dae-b705-87d59d863863]] INFO  o.a.s.s.e.s.CheckpointFileManager - Renamed temp file file:/private/var/folders/d1/0lfypfw93vx8vhhstp40dlv40000gn/T/temporary-c0656fe9-68e0-4587-bcb3-94528327941d/commits/.21.03fc98a6-d849-4576-810c-fb93c3bed58f.tmp to file:/private/var/folders/d1/0lfypfw93vx8vhhstp40dlv40000gn/T/temporary-c0656fe9-68e0-4587-bcb3-94528327941d/commits/21
2025-11-09 03:24:20 [stream execution thread for [id = 7a53a007-fc5f-4b62-88f2-95a7e4acbf62, runId = 40354a01-ccb6-4dae-b705-87d59d863863]] INFO  o.a.s.s.e.s.MicroBatchExecution - Streaming query made progress: {
  "id" : "7a53a007-fc5f-4b62-88f2-95a7e4acbf62",
  "runId" : "40354a01-ccb6-4dae-b705-87d59d863863",
  "name" : null,
  "timestamp" : "2025-11-08T21:54:19.765Z",
  "batchId" : 21,
  "numInputRows" : 1,
  "inputRowsPerSecond" : 58.8235294117647,
  "processedRowsPerSecond" : 1.488095238095238,
  "durationMs" : {
    "addBatch" : 564,
    "commitOffsets" : 53,
    "getBatch" : 0,
    "latestOffset" : 4,
    "queryPlanning" : 6,
    "triggerExecution" : 672,
    "walCommit" : 44
  },
  "stateOperators" : [ ],
  "sources" : [ {
    "description" : "KafkaV2[Subscribe[transactions]]",
    "startOffset" : {
      "transactions" : {
        "0" : 274
      }
    },
    "endOffset" : {
      "transactions" : {
        "0" : 275
      }
    },
    "latestOffset" : {
      "transactions" : {
        "0" : 275
      }
    },
    "numInputRows" : 1,
    "inputRowsPerSecond" : 58.8235294117647,
    "processedRowsPerSecond" : 1.488095238095238,
    "metrics" : {
      "avgOffsetsBehindLatest" : "0.0",
      "maxOffsetsBehindLatest" : "0",
      "minOffsetsBehindLatest" : "0"
    }
  } ],
  "sink" : {
    "description" : "org.apache.spark.sql.execution.streaming.ConsoleTable$@6e4ae8d1",
    "numOutputRows" : 1
  }
}
2025-11-09 03:24:20 [stream execution thread for [id = 7a53a007-fc5f-4b62-88f2-95a7e4acbf62, runId = 40354a01-ccb6-4dae-b705-87d59d863863]] INFO  o.a.s.s.e.s.CheckpointFileManager - Writing atomically to file:/private/var/folders/d1/0lfypfw93vx8vhhstp40dlv40000gn/T/temporary-c0656fe9-68e0-4587-bcb3-94528327941d/offsets/22 using temp file file:/private/var/folders/d1/0lfypfw93vx8vhhstp40dlv40000gn/T/temporary-c0656fe9-68e0-4587-bcb3-94528327941d/offsets/.22.1cfac9ec-4c73-4416-b136-2e4142ceab86.tmp
2025-11-09 03:24:20 [stream execution thread for [id = 7a53a007-fc5f-4b62-88f2-95a7e4acbf62, runId = 40354a01-ccb6-4dae-b705-87d59d863863]] INFO  o.a.s.s.e.s.CheckpointFileManager - Renamed temp file file:/private/var/folders/d1/0lfypfw93vx8vhhstp40dlv40000gn/T/temporary-c0656fe9-68e0-4587-bcb3-94528327941d/offsets/.22.1cfac9ec-4c73-4416-b136-2e4142ceab86.tmp to file:/private/var/folders/d1/0lfypfw93vx8vhhstp40dlv40000gn/T/temporary-c0656fe9-68e0-4587-bcb3-94528327941d/offsets/22
2025-11-09 03:24:20 [stream execution thread for [id = 7a53a007-fc5f-4b62-88f2-95a7e4acbf62, runId = 40354a01-ccb6-4dae-b705-87d59d863863]] INFO  o.a.s.s.e.s.MicroBatchExecution - Committed offsets for batch 22. Metadata OffsetSeqMetadata(0,1762638860779,Map(spark.sql.streaming.stateStore.providerClass -> org.apache.spark.sql.execution.streaming.state.HDFSBackedStateStoreProvider, spark.sql.streaming.join.stateFormatVersion -> 2, spark.sql.streaming.stateStore.compression.codec -> lz4, spark.sql.streaming.stateStore.rocksdb.formatVersion -> 5, spark.sql.streaming.statefulOperator.useStrictDistribution -> true, spark.sql.streaming.flatMapGroupsWithState.stateFormatVersion -> 2, spark.sql.streaming.multipleWatermarkPolicy -> min, spark.sql.streaming.aggregation.stateFormatVersion -> 2, spark.sql.shuffle.partitions -> 200))
2025-11-09 03:24:20 [stream execution thread for [id = 7a53a007-fc5f-4b62-88f2-95a7e4acbf62, runId = 40354a01-ccb6-4dae-b705-87d59d863863]] INFO  o.a.s.s.k.KafkaOffsetReaderAdmin - Partitions added: Map()
2025-11-09 03:24:20 [stream execution thread for [id = 7a53a007-fc5f-4b62-88f2-95a7e4acbf62, runId = 40354a01-ccb6-4dae-b705-87d59d863863]] INFO  o.a.s.s.k.KafkaOffsetReaderAdmin - Partitions added: Map()
2025-11-09 03:24:20 [stream execution thread for [id = 7a53a007-fc5f-4b62-88f2-95a7e4acbf62, runId = 40354a01-ccb6-4dae-b705-87d59d863863]] INFO  o.a.s.s.k.KafkaOffsetReaderAdmin - Partitions added: Map()
2025-11-09 03:24:20 [stream execution thread for [id = 7a53a007-fc5f-4b62-88f2-95a7e4acbf62, runId = 40354a01-ccb6-4dae-b705-87d59d863863]] INFO  o.a.s.s.k.KafkaOffsetReaderAdmin - Partitions added: Map()
2025-11-09 03:24:20 [dispatcher-BlockManagerMaster] INFO  o.a.spark.storage.BlockManagerInfo - Removed broadcast_14_piece0 on 127.0.0.1:51276 in memory (size: 11.8 KiB, free: 1048.7 MiB)
2025-11-09 03:24:20 [dispatcher-BlockManagerMaster] INFO  o.a.spark.storage.BlockManagerInfo - Removed broadcast_15_piece0 on 127.0.0.1:51276 in memory (size: 11.8 KiB, free: 1048.7 MiB)
2025-11-09 03:24:20 [stream execution thread for [id = 7a53a007-fc5f-4b62-88f2-95a7e4acbf62, runId = 40354a01-ccb6-4dae-b705-87d59d863863]] INFO  o.a.s.s.k.KafkaOffsetReaderAdmin - Partitions added: Map()
2025-11-09 03:24:20 [dispatcher-BlockManagerMaster] INFO  o.a.spark.storage.BlockManagerInfo - Removed broadcast_20_piece0 on 127.0.0.1:51276 in memory (size: 11.8 KiB, free: 1048.7 MiB)
2025-11-09 03:24:20 [stream execution thread for [id = 7a53a007-fc5f-4b62-88f2-95a7e4acbf62, runId = 40354a01-ccb6-4dae-b705-87d59d863863]] INFO  o.a.s.s.k.KafkaOffsetReaderAdmin - Partitions added: Map()
2025-11-09 03:24:20 [dispatcher-BlockManagerMaster] INFO  o.a.spark.storage.BlockManagerInfo - Removed broadcast_18_piece0 on 127.0.0.1:51276 in memory (size: 11.8 KiB, free: 1048.8 MiB)
2025-11-09 03:24:20 [dispatcher-BlockManagerMaster] INFO  o.a.spark.storage.BlockManagerInfo - Removed broadcast_21_piece0 on 127.0.0.1:51276 in memory (size: 11.8 KiB, free: 1048.8 MiB)
2025-11-09 03:24:20 [dispatcher-BlockManagerMaster] INFO  o.a.spark.storage.BlockManagerInfo - Removed broadcast_19_piece0 on 127.0.0.1:51276 in memory (size: 11.7 KiB, free: 1048.8 MiB)
2025-11-09 03:24:20 [dispatcher-BlockManagerMaster] INFO  o.a.spark.storage.BlockManagerInfo - Removed broadcast_16_piece0 on 127.0.0.1:51276 in memory (size: 11.8 KiB, free: 1048.8 MiB)
2025-11-09 03:24:20 [dispatcher-BlockManagerMaster] INFO  o.a.spark.storage.BlockManagerInfo - Removed broadcast_17_piece0 on 127.0.0.1:51276 in memory (size: 11.8 KiB, free: 1048.8 MiB)
2025-11-09 03:24:20 [stream execution thread for [id = 7a53a007-fc5f-4b62-88f2-95a7e4acbf62, runId = 40354a01-ccb6-4dae-b705-87d59d863863]] INFO  o.a.s.s.e.d.v.WriteToDataSourceV2Exec - Start processing data source write support: MicroBatchWrite[epoch: 22, writer: ConsoleWriter[numRows=20, truncate=false]]. The input RDD has 1 partitions.
2025-11-09 03:24:20 [stream execution thread for [id = 7a53a007-fc5f-4b62-88f2-95a7e4acbf62, runId = 40354a01-ccb6-4dae-b705-87d59d863863]] INFO  org.apache.spark.SparkContext - Starting job: start at FraudDetection.scala:66
2025-11-09 03:24:20 [dag-scheduler-event-loop] INFO  o.a.spark.scheduler.DAGScheduler - Got job 22 (start at FraudDetection.scala:66) with 1 output partitions
2025-11-09 03:24:20 [dag-scheduler-event-loop] INFO  o.a.spark.scheduler.DAGScheduler - Final stage: ResultStage 22 (start at FraudDetection.scala:66)
2025-11-09 03:24:20 [dag-scheduler-event-loop] INFO  o.a.spark.scheduler.DAGScheduler - Parents of final stage: List()
2025-11-09 03:24:20 [dag-scheduler-event-loop] INFO  o.a.spark.scheduler.DAGScheduler - Missing parents: List()
2025-11-09 03:24:20 [dag-scheduler-event-loop] INFO  o.a.spark.scheduler.DAGScheduler - Submitting ResultStage 22 (MapPartitionsRDD[92] at start at FraudDetection.scala:66), which has no missing parents
2025-11-09 03:24:20 [dag-scheduler-event-loop] INFO  o.a.spark.storage.memory.MemoryStore - Block broadcast_22 stored as values in memory (estimated size 25.6 KiB, free 1048.8 MiB)
2025-11-09 03:24:20 [dag-scheduler-event-loop] INFO  o.a.spark.storage.memory.MemoryStore - Block broadcast_22_piece0 stored as bytes in memory (estimated size 11.8 KiB, free 1048.8 MiB)
2025-11-09 03:24:20 [dispatcher-BlockManagerMaster] INFO  o.a.spark.storage.BlockManagerInfo - Added broadcast_22_piece0 in memory on 127.0.0.1:51276 (size: 11.8 KiB, free: 1048.8 MiB)
2025-11-09 03:24:20 [dag-scheduler-event-loop] INFO  org.apache.spark.SparkContext - Created broadcast 22 from broadcast at DAGScheduler.scala:1535
2025-11-09 03:24:20 [dag-scheduler-event-loop] INFO  o.a.spark.scheduler.DAGScheduler - Submitting 1 missing tasks from ResultStage 22 (MapPartitionsRDD[92] at start at FraudDetection.scala:66) (first 15 tasks are for partitions Vector(0))
2025-11-09 03:24:20 [dag-scheduler-event-loop] INFO  o.a.s.scheduler.TaskSchedulerImpl - Adding task set 22.0 with 1 tasks resource profile 0
2025-11-09 03:24:20 [dispatcher-event-loop-0] INFO  o.a.spark.scheduler.TaskSetManager - Starting task 0.0 in stage 22.0 (TID 22) (192.168.1.6, executor driver, partition 0, PROCESS_LOCAL, 8476 bytes) 
2025-11-09 03:24:20 [Executor task launch worker for task 0.0 in stage 22.0 (TID 22)] INFO  org.apache.spark.executor.Executor - Running task 0.0 in stage 22.0 (TID 22)
2025-11-09 03:24:20 [Executor task launch worker for task 0.0 in stage 22.0 (TID 22)] INFO  o.a.k.clients.consumer.KafkaConsumer - [Consumer clientId=consumer-spark-kafka-source-598d9184-ff11-4c8f-b55c-e51776cc2079--2111622232-executor-1, groupId=spark-kafka-source-598d9184-ff11-4c8f-b55c-e51776cc2079--2111622232-executor] Seeking to offset 275 for partition transactions-0
2025-11-09 03:24:20 [Executor task launch worker for task 0.0 in stage 22.0 (TID 22)] INFO  o.a.k.c.c.i.SubscriptionState - [Consumer clientId=consumer-spark-kafka-source-598d9184-ff11-4c8f-b55c-e51776cc2079--2111622232-executor-1, groupId=spark-kafka-source-598d9184-ff11-4c8f-b55c-e51776cc2079--2111622232-executor] Seeking to earliest offset of partition transactions-0
2025-11-09 03:24:21 [Executor task launch worker for task 0.0 in stage 22.0 (TID 22)] INFO  o.a.k.c.c.i.SubscriptionState - [Consumer clientId=consumer-spark-kafka-source-598d9184-ff11-4c8f-b55c-e51776cc2079--2111622232-executor-1, groupId=spark-kafka-source-598d9184-ff11-4c8f-b55c-e51776cc2079--2111622232-executor] Resetting offset for partition transactions-0 to position FetchPosition{offset=0, offsetEpoch=Optional.empty, currentLeader=LeaderAndEpoch{leader=Optional[localhost:9092 (id: 1 rack: null)], epoch=0}}.
2025-11-09 03:24:21 [Executor task launch worker for task 0.0 in stage 22.0 (TID 22)] INFO  o.a.k.c.c.i.SubscriptionState - [Consumer clientId=consumer-spark-kafka-source-598d9184-ff11-4c8f-b55c-e51776cc2079--2111622232-executor-1, groupId=spark-kafka-source-598d9184-ff11-4c8f-b55c-e51776cc2079--2111622232-executor] Seeking to latest offset of partition transactions-0
2025-11-09 03:24:21 [Executor task launch worker for task 0.0 in stage 22.0 (TID 22)] INFO  o.a.k.c.c.i.SubscriptionState - [Consumer clientId=consumer-spark-kafka-source-598d9184-ff11-4c8f-b55c-e51776cc2079--2111622232-executor-1, groupId=spark-kafka-source-598d9184-ff11-4c8f-b55c-e51776cc2079--2111622232-executor] Resetting offset for partition transactions-0 to position FetchPosition{offset=276, offsetEpoch=Optional.empty, currentLeader=LeaderAndEpoch{leader=Optional[localhost:9092 (id: 1 rack: null)], epoch=0}}.
2025-11-09 03:24:21 [Executor task launch worker for task 0.0 in stage 22.0 (TID 22)] INFO  o.a.s.s.e.d.v2.DataWritingSparkTask - Commit authorized for partition 0 (task 22, attempt 0, stage 22.0)
2025-11-09 03:24:21 [Executor task launch worker for task 0.0 in stage 22.0 (TID 22)] INFO  o.a.s.s.e.d.v2.DataWritingSparkTask - Committed partition 0 (task 22, attempt 0, stage 22.0)
2025-11-09 03:24:21 [Executor task launch worker for task 0.0 in stage 22.0 (TID 22)] INFO  org.apache.spark.executor.Executor - Finished task 0.0 in stage 22.0 (TID 22). 2180 bytes result sent to driver
2025-11-09 03:24:21 [task-result-getter-2] INFO  o.a.spark.scheduler.TaskSetManager - Finished task 0.0 in stage 22.0 (TID 22) in 526 ms on 192.168.1.6 (executor driver) (1/1)
2025-11-09 03:24:21 [task-result-getter-2] INFO  o.a.s.scheduler.TaskSchedulerImpl - Removed TaskSet 22.0, whose tasks have all completed, from pool 
2025-11-09 03:24:21 [dag-scheduler-event-loop] INFO  o.a.spark.scheduler.DAGScheduler - ResultStage 22 (start at FraudDetection.scala:66) finished in 0.529 s
2025-11-09 03:24:21 [dag-scheduler-event-loop] INFO  o.a.spark.scheduler.DAGScheduler - Job 22 is finished. Cancelling potential speculative or zombie tasks for this job
2025-11-09 03:24:21 [dag-scheduler-event-loop] INFO  o.a.s.scheduler.TaskSchedulerImpl - Killing all running tasks in stage 22: Stage finished
2025-11-09 03:24:21 [stream execution thread for [id = 7a53a007-fc5f-4b62-88f2-95a7e4acbf62, runId = 40354a01-ccb6-4dae-b705-87d59d863863]] INFO  o.a.spark.scheduler.DAGScheduler - Job 22 finished: start at FraudDetection.scala:66, took 0.530279 s
2025-11-09 03:24:21 [stream execution thread for [id = 7a53a007-fc5f-4b62-88f2-95a7e4acbf62, runId = 40354a01-ccb6-4dae-b705-87d59d863863]] INFO  o.a.s.s.e.d.v.WriteToDataSourceV2Exec - Data source write support MicroBatchWrite[epoch: 22, writer: ConsoleWriter[numRows=20, truncate=false]] is committing.
2025-11-09 03:24:21 [stream execution thread for [id = 7a53a007-fc5f-4b62-88f2-95a7e4acbf62, runId = 40354a01-ccb6-4dae-b705-87d59d863863]] INFO  o.a.s.s.e.d.v.WriteToDataSourceV2Exec - Data source write support MicroBatchWrite[epoch: 22, writer: ConsoleWriter[numRows=20, truncate=false]] committed.
2025-11-09 03:24:21 [stream execution thread for [id = 7a53a007-fc5f-4b62-88f2-95a7e4acbf62, runId = 40354a01-ccb6-4dae-b705-87d59d863863]] INFO  o.a.s.s.e.s.CheckpointFileManager - Writing atomically to file:/private/var/folders/d1/0lfypfw93vx8vhhstp40dlv40000gn/T/temporary-c0656fe9-68e0-4587-bcb3-94528327941d/commits/22 using temp file file:/private/var/folders/d1/0lfypfw93vx8vhhstp40dlv40000gn/T/temporary-c0656fe9-68e0-4587-bcb3-94528327941d/commits/.22.27ddda0c-8c5f-433e-959f-e75ea21b6a3f.tmp
2025-11-09 03:24:21 [stream execution thread for [id = 7a53a007-fc5f-4b62-88f2-95a7e4acbf62, runId = 40354a01-ccb6-4dae-b705-87d59d863863]] INFO  o.a.s.s.e.s.CheckpointFileManager - Renamed temp file file:/private/var/folders/d1/0lfypfw93vx8vhhstp40dlv40000gn/T/temporary-c0656fe9-68e0-4587-bcb3-94528327941d/commits/.22.27ddda0c-8c5f-433e-959f-e75ea21b6a3f.tmp to file:/private/var/folders/d1/0lfypfw93vx8vhhstp40dlv40000gn/T/temporary-c0656fe9-68e0-4587-bcb3-94528327941d/commits/22
2025-11-09 03:24:21 [stream execution thread for [id = 7a53a007-fc5f-4b62-88f2-95a7e4acbf62, runId = 40354a01-ccb6-4dae-b705-87d59d863863]] INFO  o.a.s.s.e.s.MicroBatchExecution - Streaming query made progress: {
  "id" : "7a53a007-fc5f-4b62-88f2-95a7e4acbf62",
  "runId" : "40354a01-ccb6-4dae-b705-87d59d863863",
  "name" : null,
  "timestamp" : "2025-11-08T21:54:20.775Z",
  "batchId" : 22,
  "numInputRows" : 1,
  "inputRowsPerSecond" : 52.631578947368425,
  "processedRowsPerSecond" : 1.4534883720930234,
  "durationMs" : {
    "addBatch" : 573,
    "commitOffsets" : 51,
    "getBatch" : 0,
    "latestOffset" : 4,
    "queryPlanning" : 8,
    "triggerExecution" : 688,
    "walCommit" : 51
  },
  "stateOperators" : [ ],
  "sources" : [ {
    "description" : "KafkaV2[Subscribe[transactions]]",
    "startOffset" : {
      "transactions" : {
        "0" : 275
      }
    },
    "endOffset" : {
      "transactions" : {
        "0" : 276
      }
    },
    "latestOffset" : {
      "transactions" : {
        "0" : 276
      }
    },
    "numInputRows" : 1,
    "inputRowsPerSecond" : 52.631578947368425,
    "processedRowsPerSecond" : 1.4534883720930234,
    "metrics" : {
      "avgOffsetsBehindLatest" : "0.0",
      "maxOffsetsBehindLatest" : "0",
      "minOffsetsBehindLatest" : "0"
    }
  } ],
  "sink" : {
    "description" : "org.apache.spark.sql.execution.streaming.ConsoleTable$@6e4ae8d1",
    "numOutputRows" : 1
  }
}
2025-11-09 03:24:21 [stream execution thread for [id = 7a53a007-fc5f-4b62-88f2-95a7e4acbf62, runId = 40354a01-ccb6-4dae-b705-87d59d863863]] INFO  o.a.s.s.e.s.CheckpointFileManager - Writing atomically to file:/private/var/folders/d1/0lfypfw93vx8vhhstp40dlv40000gn/T/temporary-c0656fe9-68e0-4587-bcb3-94528327941d/offsets/23 using temp file file:/private/var/folders/d1/0lfypfw93vx8vhhstp40dlv40000gn/T/temporary-c0656fe9-68e0-4587-bcb3-94528327941d/offsets/.23.6ae075bf-872c-4b08-9c64-9f07368bbcdc.tmp
2025-11-09 03:24:21 [stream execution thread for [id = 7a53a007-fc5f-4b62-88f2-95a7e4acbf62, runId = 40354a01-ccb6-4dae-b705-87d59d863863]] INFO  o.a.s.s.e.s.CheckpointFileManager - Renamed temp file file:/private/var/folders/d1/0lfypfw93vx8vhhstp40dlv40000gn/T/temporary-c0656fe9-68e0-4587-bcb3-94528327941d/offsets/.23.6ae075bf-872c-4b08-9c64-9f07368bbcdc.tmp to file:/private/var/folders/d1/0lfypfw93vx8vhhstp40dlv40000gn/T/temporary-c0656fe9-68e0-4587-bcb3-94528327941d/offsets/23
2025-11-09 03:24:21 [stream execution thread for [id = 7a53a007-fc5f-4b62-88f2-95a7e4acbf62, runId = 40354a01-ccb6-4dae-b705-87d59d863863]] INFO  o.a.s.s.e.s.MicroBatchExecution - Committed offsets for batch 23. Metadata OffsetSeqMetadata(0,1762638861781,Map(spark.sql.streaming.stateStore.providerClass -> org.apache.spark.sql.execution.streaming.state.HDFSBackedStateStoreProvider, spark.sql.streaming.join.stateFormatVersion -> 2, spark.sql.streaming.stateStore.compression.codec -> lz4, spark.sql.streaming.stateStore.rocksdb.formatVersion -> 5, spark.sql.streaming.statefulOperator.useStrictDistribution -> true, spark.sql.streaming.flatMapGroupsWithState.stateFormatVersion -> 2, spark.sql.streaming.multipleWatermarkPolicy -> min, spark.sql.streaming.aggregation.stateFormatVersion -> 2, spark.sql.shuffle.partitions -> 200))
2025-11-09 03:24:21 [stream execution thread for [id = 7a53a007-fc5f-4b62-88f2-95a7e4acbf62, runId = 40354a01-ccb6-4dae-b705-87d59d863863]] INFO  o.a.s.s.k.KafkaOffsetReaderAdmin - Partitions added: Map()
2025-11-09 03:24:21 [stream execution thread for [id = 7a53a007-fc5f-4b62-88f2-95a7e4acbf62, runId = 40354a01-ccb6-4dae-b705-87d59d863863]] INFO  o.a.s.s.k.KafkaOffsetReaderAdmin - Partitions added: Map()
2025-11-09 03:24:21 [stream execution thread for [id = 7a53a007-fc5f-4b62-88f2-95a7e4acbf62, runId = 40354a01-ccb6-4dae-b705-87d59d863863]] INFO  o.a.s.s.k.KafkaOffsetReaderAdmin - Partitions added: Map()
2025-11-09 03:24:21 [stream execution thread for [id = 7a53a007-fc5f-4b62-88f2-95a7e4acbf62, runId = 40354a01-ccb6-4dae-b705-87d59d863863]] INFO  o.a.s.s.k.KafkaOffsetReaderAdmin - Partitions added: Map()
2025-11-09 03:24:21 [stream execution thread for [id = 7a53a007-fc5f-4b62-88f2-95a7e4acbf62, runId = 40354a01-ccb6-4dae-b705-87d59d863863]] INFO  o.a.s.s.k.KafkaOffsetReaderAdmin - Partitions added: Map()
2025-11-09 03:24:21 [stream execution thread for [id = 7a53a007-fc5f-4b62-88f2-95a7e4acbf62, runId = 40354a01-ccb6-4dae-b705-87d59d863863]] INFO  o.a.s.s.k.KafkaOffsetReaderAdmin - Partitions added: Map()
2025-11-09 03:24:21 [stream execution thread for [id = 7a53a007-fc5f-4b62-88f2-95a7e4acbf62, runId = 40354a01-ccb6-4dae-b705-87d59d863863]] INFO  o.a.s.s.e.d.v.WriteToDataSourceV2Exec - Start processing data source write support: MicroBatchWrite[epoch: 23, writer: ConsoleWriter[numRows=20, truncate=false]]. The input RDD has 1 partitions.
2025-11-09 03:24:21 [stream execution thread for [id = 7a53a007-fc5f-4b62-88f2-95a7e4acbf62, runId = 40354a01-ccb6-4dae-b705-87d59d863863]] INFO  org.apache.spark.SparkContext - Starting job: start at FraudDetection.scala:66
2025-11-09 03:24:21 [dag-scheduler-event-loop] INFO  o.a.spark.scheduler.DAGScheduler - Got job 23 (start at FraudDetection.scala:66) with 1 output partitions
2025-11-09 03:24:21 [dag-scheduler-event-loop] INFO  o.a.spark.scheduler.DAGScheduler - Final stage: ResultStage 23 (start at FraudDetection.scala:66)
2025-11-09 03:24:21 [dag-scheduler-event-loop] INFO  o.a.spark.scheduler.DAGScheduler - Parents of final stage: List()
2025-11-09 03:24:21 [dag-scheduler-event-loop] INFO  o.a.spark.scheduler.DAGScheduler - Missing parents: List()
2025-11-09 03:24:21 [dag-scheduler-event-loop] INFO  o.a.spark.scheduler.DAGScheduler - Submitting ResultStage 23 (MapPartitionsRDD[96] at start at FraudDetection.scala:66), which has no missing parents
2025-11-09 03:24:21 [dag-scheduler-event-loop] INFO  o.a.spark.storage.memory.MemoryStore - Block broadcast_23 stored as values in memory (estimated size 25.6 KiB, free 1048.7 MiB)
2025-11-09 03:24:21 [dag-scheduler-event-loop] INFO  o.a.spark.storage.memory.MemoryStore - Block broadcast_23_piece0 stored as bytes in memory (estimated size 11.8 KiB, free 1048.7 MiB)
2025-11-09 03:24:21 [dispatcher-BlockManagerMaster] INFO  o.a.spark.storage.BlockManagerInfo - Added broadcast_23_piece0 in memory on 127.0.0.1:51276 (size: 11.8 KiB, free: 1048.8 MiB)
2025-11-09 03:24:21 [dag-scheduler-event-loop] INFO  org.apache.spark.SparkContext - Created broadcast 23 from broadcast at DAGScheduler.scala:1535
2025-11-09 03:24:21 [dag-scheduler-event-loop] INFO  o.a.spark.scheduler.DAGScheduler - Submitting 1 missing tasks from ResultStage 23 (MapPartitionsRDD[96] at start at FraudDetection.scala:66) (first 15 tasks are for partitions Vector(0))
2025-11-09 03:24:21 [dag-scheduler-event-loop] INFO  o.a.s.scheduler.TaskSchedulerImpl - Adding task set 23.0 with 1 tasks resource profile 0
2025-11-09 03:24:21 [dispatcher-event-loop-4] INFO  o.a.spark.scheduler.TaskSetManager - Starting task 0.0 in stage 23.0 (TID 23) (192.168.1.6, executor driver, partition 0, PROCESS_LOCAL, 8476 bytes) 
2025-11-09 03:24:21 [Executor task launch worker for task 0.0 in stage 23.0 (TID 23)] INFO  org.apache.spark.executor.Executor - Running task 0.0 in stage 23.0 (TID 23)
2025-11-09 03:24:21 [Executor task launch worker for task 0.0 in stage 23.0 (TID 23)] INFO  o.a.k.clients.consumer.KafkaConsumer - [Consumer clientId=consumer-spark-kafka-source-598d9184-ff11-4c8f-b55c-e51776cc2079--2111622232-executor-1, groupId=spark-kafka-source-598d9184-ff11-4c8f-b55c-e51776cc2079--2111622232-executor] Seeking to offset 276 for partition transactions-0
2025-11-09 03:24:21 [Executor task launch worker for task 0.0 in stage 23.0 (TID 23)] INFO  o.a.k.c.c.i.SubscriptionState - [Consumer clientId=consumer-spark-kafka-source-598d9184-ff11-4c8f-b55c-e51776cc2079--2111622232-executor-1, groupId=spark-kafka-source-598d9184-ff11-4c8f-b55c-e51776cc2079--2111622232-executor] Seeking to earliest offset of partition transactions-0
2025-11-09 03:24:22 [Executor task launch worker for task 0.0 in stage 23.0 (TID 23)] INFO  o.a.k.c.c.i.SubscriptionState - [Consumer clientId=consumer-spark-kafka-source-598d9184-ff11-4c8f-b55c-e51776cc2079--2111622232-executor-1, groupId=spark-kafka-source-598d9184-ff11-4c8f-b55c-e51776cc2079--2111622232-executor] Resetting offset for partition transactions-0 to position FetchPosition{offset=0, offsetEpoch=Optional.empty, currentLeader=LeaderAndEpoch{leader=Optional[localhost:9092 (id: 1 rack: null)], epoch=0}}.
2025-11-09 03:24:22 [Executor task launch worker for task 0.0 in stage 23.0 (TID 23)] INFO  o.a.k.c.c.i.SubscriptionState - [Consumer clientId=consumer-spark-kafka-source-598d9184-ff11-4c8f-b55c-e51776cc2079--2111622232-executor-1, groupId=spark-kafka-source-598d9184-ff11-4c8f-b55c-e51776cc2079--2111622232-executor] Seeking to latest offset of partition transactions-0
2025-11-09 03:24:22 [Executor task launch worker for task 0.0 in stage 23.0 (TID 23)] INFO  o.a.k.c.c.i.SubscriptionState - [Consumer clientId=consumer-spark-kafka-source-598d9184-ff11-4c8f-b55c-e51776cc2079--2111622232-executor-1, groupId=spark-kafka-source-598d9184-ff11-4c8f-b55c-e51776cc2079--2111622232-executor] Resetting offset for partition transactions-0 to position FetchPosition{offset=277, offsetEpoch=Optional.empty, currentLeader=LeaderAndEpoch{leader=Optional[localhost:9092 (id: 1 rack: null)], epoch=0}}.
2025-11-09 03:24:22 [Executor task launch worker for task 0.0 in stage 23.0 (TID 23)] INFO  o.a.s.s.e.d.v2.DataWritingSparkTask - Commit authorized for partition 0 (task 23, attempt 0, stage 23.0)
2025-11-09 03:24:22 [Executor task launch worker for task 0.0 in stage 23.0 (TID 23)] INFO  o.a.s.s.e.d.v2.DataWritingSparkTask - Committed partition 0 (task 23, attempt 0, stage 23.0)
2025-11-09 03:24:22 [Executor task launch worker for task 0.0 in stage 23.0 (TID 23)] INFO  org.apache.spark.executor.Executor - Finished task 0.0 in stage 23.0 (TID 23). 2180 bytes result sent to driver
2025-11-09 03:24:22 [task-result-getter-3] INFO  o.a.spark.scheduler.TaskSetManager - Finished task 0.0 in stage 23.0 (TID 23) in 519 ms on 192.168.1.6 (executor driver) (1/1)
2025-11-09 03:24:22 [task-result-getter-3] INFO  o.a.s.scheduler.TaskSchedulerImpl - Removed TaskSet 23.0, whose tasks have all completed, from pool 
2025-11-09 03:24:22 [dag-scheduler-event-loop] INFO  o.a.spark.scheduler.DAGScheduler - ResultStage 23 (start at FraudDetection.scala:66) finished in 0.523 s
2025-11-09 03:24:22 [dag-scheduler-event-loop] INFO  o.a.spark.scheduler.DAGScheduler - Job 23 is finished. Cancelling potential speculative or zombie tasks for this job
2025-11-09 03:24:22 [dag-scheduler-event-loop] INFO  o.a.s.scheduler.TaskSchedulerImpl - Killing all running tasks in stage 23: Stage finished
2025-11-09 03:24:22 [stream execution thread for [id = 7a53a007-fc5f-4b62-88f2-95a7e4acbf62, runId = 40354a01-ccb6-4dae-b705-87d59d863863]] INFO  o.a.spark.scheduler.DAGScheduler - Job 23 finished: start at FraudDetection.scala:66, took 0.524681 s
2025-11-09 03:24:22 [stream execution thread for [id = 7a53a007-fc5f-4b62-88f2-95a7e4acbf62, runId = 40354a01-ccb6-4dae-b705-87d59d863863]] INFO  o.a.s.s.e.d.v.WriteToDataSourceV2Exec - Data source write support MicroBatchWrite[epoch: 23, writer: ConsoleWriter[numRows=20, truncate=false]] is committing.
2025-11-09 03:24:22 [stream execution thread for [id = 7a53a007-fc5f-4b62-88f2-95a7e4acbf62, runId = 40354a01-ccb6-4dae-b705-87d59d863863]] INFO  o.a.s.s.e.d.v.WriteToDataSourceV2Exec - Data source write support MicroBatchWrite[epoch: 23, writer: ConsoleWriter[numRows=20, truncate=false]] committed.
2025-11-09 03:24:22 [stream execution thread for [id = 7a53a007-fc5f-4b62-88f2-95a7e4acbf62, runId = 40354a01-ccb6-4dae-b705-87d59d863863]] INFO  o.a.s.s.e.s.CheckpointFileManager - Writing atomically to file:/private/var/folders/d1/0lfypfw93vx8vhhstp40dlv40000gn/T/temporary-c0656fe9-68e0-4587-bcb3-94528327941d/commits/23 using temp file file:/private/var/folders/d1/0lfypfw93vx8vhhstp40dlv40000gn/T/temporary-c0656fe9-68e0-4587-bcb3-94528327941d/commits/.23.585289c7-1706-4982-ad2b-111b3d723405.tmp
2025-11-09 03:24:22 [stream execution thread for [id = 7a53a007-fc5f-4b62-88f2-95a7e4acbf62, runId = 40354a01-ccb6-4dae-b705-87d59d863863]] INFO  o.a.s.s.e.s.CheckpointFileManager - Renamed temp file file:/private/var/folders/d1/0lfypfw93vx8vhhstp40dlv40000gn/T/temporary-c0656fe9-68e0-4587-bcb3-94528327941d/commits/.23.585289c7-1706-4982-ad2b-111b3d723405.tmp to file:/private/var/folders/d1/0lfypfw93vx8vhhstp40dlv40000gn/T/temporary-c0656fe9-68e0-4587-bcb3-94528327941d/commits/23
2025-11-09 03:24:22 [stream execution thread for [id = 7a53a007-fc5f-4b62-88f2-95a7e4acbf62, runId = 40354a01-ccb6-4dae-b705-87d59d863863]] INFO  o.a.s.s.e.s.MicroBatchExecution - Streaming query made progress: {
  "id" : "7a53a007-fc5f-4b62-88f2-95a7e4acbf62",
  "runId" : "40354a01-ccb6-4dae-b705-87d59d863863",
  "name" : null,
  "timestamp" : "2025-11-08T21:54:21.776Z",
  "batchId" : 23,
  "numInputRows" : 1,
  "inputRowsPerSecond" : 76.92307692307692,
  "processedRowsPerSecond" : 1.5337423312883436,
  "durationMs" : {
    "addBatch" : 552,
    "commitOffsets" : 50,
    "getBatch" : 0,
    "latestOffset" : 5,
    "queryPlanning" : 4,
    "triggerExecution" : 652,
    "walCommit" : 40
  },
  "stateOperators" : [ ],
  "sources" : [ {
    "description" : "KafkaV2[Subscribe[transactions]]",
    "startOffset" : {
      "transactions" : {
        "0" : 276
      }
    },
    "endOffset" : {
      "transactions" : {
        "0" : 277
      }
    },
    "latestOffset" : {
      "transactions" : {
        "0" : 277
      }
    },
    "numInputRows" : 1,
    "inputRowsPerSecond" : 76.92307692307692,
    "processedRowsPerSecond" : 1.5337423312883436,
    "metrics" : {
      "avgOffsetsBehindLatest" : "0.0",
      "maxOffsetsBehindLatest" : "0",
      "minOffsetsBehindLatest" : "0"
    }
  } ],
  "sink" : {
    "description" : "org.apache.spark.sql.execution.streaming.ConsoleTable$@6e4ae8d1",
    "numOutputRows" : 1
  }
}
2025-11-09 03:24:22 [stream execution thread for [id = 7a53a007-fc5f-4b62-88f2-95a7e4acbf62, runId = 40354a01-ccb6-4dae-b705-87d59d863863]] INFO  o.a.s.s.e.s.CheckpointFileManager - Writing atomically to file:/private/var/folders/d1/0lfypfw93vx8vhhstp40dlv40000gn/T/temporary-c0656fe9-68e0-4587-bcb3-94528327941d/offsets/24 using temp file file:/private/var/folders/d1/0lfypfw93vx8vhhstp40dlv40000gn/T/temporary-c0656fe9-68e0-4587-bcb3-94528327941d/offsets/.24.317a589a-1294-4e23-8485-c71d9d638914.tmp
2025-11-09 03:24:22 [stream execution thread for [id = 7a53a007-fc5f-4b62-88f2-95a7e4acbf62, runId = 40354a01-ccb6-4dae-b705-87d59d863863]] INFO  o.a.s.s.e.s.CheckpointFileManager - Renamed temp file file:/private/var/folders/d1/0lfypfw93vx8vhhstp40dlv40000gn/T/temporary-c0656fe9-68e0-4587-bcb3-94528327941d/offsets/.24.317a589a-1294-4e23-8485-c71d9d638914.tmp to file:/private/var/folders/d1/0lfypfw93vx8vhhstp40dlv40000gn/T/temporary-c0656fe9-68e0-4587-bcb3-94528327941d/offsets/24
2025-11-09 03:24:22 [stream execution thread for [id = 7a53a007-fc5f-4b62-88f2-95a7e4acbf62, runId = 40354a01-ccb6-4dae-b705-87d59d863863]] INFO  o.a.s.s.e.s.MicroBatchExecution - Committed offsets for batch 24. Metadata OffsetSeqMetadata(0,1762638862784,Map(spark.sql.streaming.stateStore.providerClass -> org.apache.spark.sql.execution.streaming.state.HDFSBackedStateStoreProvider, spark.sql.streaming.join.stateFormatVersion -> 2, spark.sql.streaming.stateStore.compression.codec -> lz4, spark.sql.streaming.stateStore.rocksdb.formatVersion -> 5, spark.sql.streaming.statefulOperator.useStrictDistribution -> true, spark.sql.streaming.flatMapGroupsWithState.stateFormatVersion -> 2, spark.sql.streaming.multipleWatermarkPolicy -> min, spark.sql.streaming.aggregation.stateFormatVersion -> 2, spark.sql.shuffle.partitions -> 200))
2025-11-09 03:24:22 [stream execution thread for [id = 7a53a007-fc5f-4b62-88f2-95a7e4acbf62, runId = 40354a01-ccb6-4dae-b705-87d59d863863]] INFO  o.a.s.s.k.KafkaOffsetReaderAdmin - Partitions added: Map()
2025-11-09 03:24:22 [stream execution thread for [id = 7a53a007-fc5f-4b62-88f2-95a7e4acbf62, runId = 40354a01-ccb6-4dae-b705-87d59d863863]] INFO  o.a.s.s.k.KafkaOffsetReaderAdmin - Partitions added: Map()
2025-11-09 03:24:22 [stream execution thread for [id = 7a53a007-fc5f-4b62-88f2-95a7e4acbf62, runId = 40354a01-ccb6-4dae-b705-87d59d863863]] INFO  o.a.s.s.k.KafkaOffsetReaderAdmin - Partitions added: Map()
2025-11-09 03:24:22 [stream execution thread for [id = 7a53a007-fc5f-4b62-88f2-95a7e4acbf62, runId = 40354a01-ccb6-4dae-b705-87d59d863863]] INFO  o.a.s.s.k.KafkaOffsetReaderAdmin - Partitions added: Map()
2025-11-09 03:24:22 [stream execution thread for [id = 7a53a007-fc5f-4b62-88f2-95a7e4acbf62, runId = 40354a01-ccb6-4dae-b705-87d59d863863]] INFO  o.a.s.s.k.KafkaOffsetReaderAdmin - Partitions added: Map()
2025-11-09 03:24:22 [stream execution thread for [id = 7a53a007-fc5f-4b62-88f2-95a7e4acbf62, runId = 40354a01-ccb6-4dae-b705-87d59d863863]] INFO  o.a.s.s.k.KafkaOffsetReaderAdmin - Partitions added: Map()
2025-11-09 03:24:22 [stream execution thread for [id = 7a53a007-fc5f-4b62-88f2-95a7e4acbf62, runId = 40354a01-ccb6-4dae-b705-87d59d863863]] INFO  o.a.s.s.e.d.v.WriteToDataSourceV2Exec - Start processing data source write support: MicroBatchWrite[epoch: 24, writer: ConsoleWriter[numRows=20, truncate=false]]. The input RDD has 1 partitions.
2025-11-09 03:24:22 [stream execution thread for [id = 7a53a007-fc5f-4b62-88f2-95a7e4acbf62, runId = 40354a01-ccb6-4dae-b705-87d59d863863]] INFO  org.apache.spark.SparkContext - Starting job: start at FraudDetection.scala:66
2025-11-09 03:24:22 [dag-scheduler-event-loop] INFO  o.a.spark.scheduler.DAGScheduler - Got job 24 (start at FraudDetection.scala:66) with 1 output partitions
2025-11-09 03:24:22 [dag-scheduler-event-loop] INFO  o.a.spark.scheduler.DAGScheduler - Final stage: ResultStage 24 (start at FraudDetection.scala:66)
2025-11-09 03:24:22 [dag-scheduler-event-loop] INFO  o.a.spark.scheduler.DAGScheduler - Parents of final stage: List()
2025-11-09 03:24:22 [dag-scheduler-event-loop] INFO  o.a.spark.scheduler.DAGScheduler - Missing parents: List()
2025-11-09 03:24:22 [dag-scheduler-event-loop] INFO  o.a.spark.scheduler.DAGScheduler - Submitting ResultStage 24 (MapPartitionsRDD[100] at start at FraudDetection.scala:66), which has no missing parents
2025-11-09 03:24:22 [dag-scheduler-event-loop] INFO  o.a.spark.storage.memory.MemoryStore - Block broadcast_24 stored as values in memory (estimated size 25.6 KiB, free 1048.7 MiB)
2025-11-09 03:24:22 [dag-scheduler-event-loop] INFO  o.a.spark.storage.memory.MemoryStore - Block broadcast_24_piece0 stored as bytes in memory (estimated size 11.8 KiB, free 1048.7 MiB)
2025-11-09 03:24:22 [dispatcher-BlockManagerMaster] INFO  o.a.spark.storage.BlockManagerInfo - Added broadcast_24_piece0 in memory on 127.0.0.1:51276 (size: 11.8 KiB, free: 1048.8 MiB)
2025-11-09 03:24:22 [dag-scheduler-event-loop] INFO  org.apache.spark.SparkContext - Created broadcast 24 from broadcast at DAGScheduler.scala:1535
2025-11-09 03:24:22 [dag-scheduler-event-loop] INFO  o.a.spark.scheduler.DAGScheduler - Submitting 1 missing tasks from ResultStage 24 (MapPartitionsRDD[100] at start at FraudDetection.scala:66) (first 15 tasks are for partitions Vector(0))
2025-11-09 03:24:22 [dag-scheduler-event-loop] INFO  o.a.s.scheduler.TaskSchedulerImpl - Adding task set 24.0 with 1 tasks resource profile 0
2025-11-09 03:24:22 [dispatcher-event-loop-0] INFO  o.a.spark.scheduler.TaskSetManager - Starting task 0.0 in stage 24.0 (TID 24) (192.168.1.6, executor driver, partition 0, PROCESS_LOCAL, 8476 bytes) 
2025-11-09 03:24:22 [Executor task launch worker for task 0.0 in stage 24.0 (TID 24)] INFO  org.apache.spark.executor.Executor - Running task 0.0 in stage 24.0 (TID 24)
2025-11-09 03:24:22 [Executor task launch worker for task 0.0 in stage 24.0 (TID 24)] INFO  o.a.k.clients.consumer.KafkaConsumer - [Consumer clientId=consumer-spark-kafka-source-598d9184-ff11-4c8f-b55c-e51776cc2079--2111622232-executor-1, groupId=spark-kafka-source-598d9184-ff11-4c8f-b55c-e51776cc2079--2111622232-executor] Seeking to offset 277 for partition transactions-0
2025-11-09 03:24:22 [Executor task launch worker for task 0.0 in stage 24.0 (TID 24)] INFO  o.a.k.c.c.i.SubscriptionState - [Consumer clientId=consumer-spark-kafka-source-598d9184-ff11-4c8f-b55c-e51776cc2079--2111622232-executor-1, groupId=spark-kafka-source-598d9184-ff11-4c8f-b55c-e51776cc2079--2111622232-executor] Seeking to earliest offset of partition transactions-0
2025-11-09 03:24:23 [Executor task launch worker for task 0.0 in stage 24.0 (TID 24)] INFO  o.a.k.c.c.i.SubscriptionState - [Consumer clientId=consumer-spark-kafka-source-598d9184-ff11-4c8f-b55c-e51776cc2079--2111622232-executor-1, groupId=spark-kafka-source-598d9184-ff11-4c8f-b55c-e51776cc2079--2111622232-executor] Resetting offset for partition transactions-0 to position FetchPosition{offset=0, offsetEpoch=Optional.empty, currentLeader=LeaderAndEpoch{leader=Optional[localhost:9092 (id: 1 rack: null)], epoch=0}}.
2025-11-09 03:24:23 [Executor task launch worker for task 0.0 in stage 24.0 (TID 24)] INFO  o.a.k.c.c.i.SubscriptionState - [Consumer clientId=consumer-spark-kafka-source-598d9184-ff11-4c8f-b55c-e51776cc2079--2111622232-executor-1, groupId=spark-kafka-source-598d9184-ff11-4c8f-b55c-e51776cc2079--2111622232-executor] Seeking to latest offset of partition transactions-0
2025-11-09 03:24:23 [Executor task launch worker for task 0.0 in stage 24.0 (TID 24)] INFO  o.a.k.c.c.i.SubscriptionState - [Consumer clientId=consumer-spark-kafka-source-598d9184-ff11-4c8f-b55c-e51776cc2079--2111622232-executor-1, groupId=spark-kafka-source-598d9184-ff11-4c8f-b55c-e51776cc2079--2111622232-executor] Resetting offset for partition transactions-0 to position FetchPosition{offset=278, offsetEpoch=Optional.empty, currentLeader=LeaderAndEpoch{leader=Optional[localhost:9092 (id: 1 rack: null)], epoch=0}}.
2025-11-09 03:24:23 [Executor task launch worker for task 0.0 in stage 24.0 (TID 24)] INFO  o.a.s.s.e.d.v2.DataWritingSparkTask - Commit authorized for partition 0 (task 24, attempt 0, stage 24.0)
2025-11-09 03:24:23 [Executor task launch worker for task 0.0 in stage 24.0 (TID 24)] INFO  o.a.s.s.e.d.v2.DataWritingSparkTask - Committed partition 0 (task 24, attempt 0, stage 24.0)
2025-11-09 03:24:23 [Executor task launch worker for task 0.0 in stage 24.0 (TID 24)] INFO  org.apache.spark.executor.Executor - Finished task 0.0 in stage 24.0 (TID 24). 2180 bytes result sent to driver
2025-11-09 03:24:23 [task-result-getter-0] INFO  o.a.spark.scheduler.TaskSetManager - Finished task 0.0 in stage 24.0 (TID 24) in 528 ms on 192.168.1.6 (executor driver) (1/1)
2025-11-09 03:24:23 [task-result-getter-0] INFO  o.a.s.scheduler.TaskSchedulerImpl - Removed TaskSet 24.0, whose tasks have all completed, from pool 
2025-11-09 03:24:23 [dag-scheduler-event-loop] INFO  o.a.spark.scheduler.DAGScheduler - ResultStage 24 (start at FraudDetection.scala:66) finished in 0.532 s
2025-11-09 03:24:23 [dag-scheduler-event-loop] INFO  o.a.spark.scheduler.DAGScheduler - Job 24 is finished. Cancelling potential speculative or zombie tasks for this job
2025-11-09 03:24:23 [dag-scheduler-event-loop] INFO  o.a.s.scheduler.TaskSchedulerImpl - Killing all running tasks in stage 24: Stage finished
2025-11-09 03:24:23 [stream execution thread for [id = 7a53a007-fc5f-4b62-88f2-95a7e4acbf62, runId = 40354a01-ccb6-4dae-b705-87d59d863863]] INFO  o.a.spark.scheduler.DAGScheduler - Job 24 finished: start at FraudDetection.scala:66, took 0.533163 s
2025-11-09 03:24:23 [stream execution thread for [id = 7a53a007-fc5f-4b62-88f2-95a7e4acbf62, runId = 40354a01-ccb6-4dae-b705-87d59d863863]] INFO  o.a.s.s.e.d.v.WriteToDataSourceV2Exec - Data source write support MicroBatchWrite[epoch: 24, writer: ConsoleWriter[numRows=20, truncate=false]] is committing.
2025-11-09 03:24:23 [stream execution thread for [id = 7a53a007-fc5f-4b62-88f2-95a7e4acbf62, runId = 40354a01-ccb6-4dae-b705-87d59d863863]] INFO  o.a.s.s.e.d.v.WriteToDataSourceV2Exec - Data source write support MicroBatchWrite[epoch: 24, writer: ConsoleWriter[numRows=20, truncate=false]] committed.
2025-11-09 03:24:23 [stream execution thread for [id = 7a53a007-fc5f-4b62-88f2-95a7e4acbf62, runId = 40354a01-ccb6-4dae-b705-87d59d863863]] INFO  o.a.s.s.e.s.CheckpointFileManager - Writing atomically to file:/private/var/folders/d1/0lfypfw93vx8vhhstp40dlv40000gn/T/temporary-c0656fe9-68e0-4587-bcb3-94528327941d/commits/24 using temp file file:/private/var/folders/d1/0lfypfw93vx8vhhstp40dlv40000gn/T/temporary-c0656fe9-68e0-4587-bcb3-94528327941d/commits/.24.0b0bfa6a-c5af-4a41-9942-156ac2bd79f3.tmp
2025-11-09 03:24:23 [stream execution thread for [id = 7a53a007-fc5f-4b62-88f2-95a7e4acbf62, runId = 40354a01-ccb6-4dae-b705-87d59d863863]] INFO  o.a.s.s.e.s.CheckpointFileManager - Renamed temp file file:/private/var/folders/d1/0lfypfw93vx8vhhstp40dlv40000gn/T/temporary-c0656fe9-68e0-4587-bcb3-94528327941d/commits/.24.0b0bfa6a-c5af-4a41-9942-156ac2bd79f3.tmp to file:/private/var/folders/d1/0lfypfw93vx8vhhstp40dlv40000gn/T/temporary-c0656fe9-68e0-4587-bcb3-94528327941d/commits/24
2025-11-09 03:24:23 [stream execution thread for [id = 7a53a007-fc5f-4b62-88f2-95a7e4acbf62, runId = 40354a01-ccb6-4dae-b705-87d59d863863]] INFO  o.a.s.s.e.s.MicroBatchExecution - Streaming query made progress: {
  "id" : "7a53a007-fc5f-4b62-88f2-95a7e4acbf62",
  "runId" : "40354a01-ccb6-4dae-b705-87d59d863863",
  "name" : null,
  "timestamp" : "2025-11-08T21:54:22.779Z",
  "batchId" : 24,
  "numInputRows" : 1,
  "inputRowsPerSecond" : 62.5,
  "processedRowsPerSecond" : 1.4792899408284024,
  "durationMs" : {
    "addBatch" : 560,
    "commitOffsets" : 56,
    "getBatch" : 0,
    "latestOffset" : 4,
    "queryPlanning" : 5,
    "triggerExecution" : 676,
    "walCommit" : 50
  },
  "stateOperators" : [ ],
  "sources" : [ {
    "description" : "KafkaV2[Subscribe[transactions]]",
    "startOffset" : {
      "transactions" : {
        "0" : 277
      }
    },
    "endOffset" : {
      "transactions" : {
        "0" : 278
      }
    },
    "latestOffset" : {
      "transactions" : {
        "0" : 278
      }
    },
    "numInputRows" : 1,
    "inputRowsPerSecond" : 62.5,
    "processedRowsPerSecond" : 1.4792899408284024,
    "metrics" : {
      "avgOffsetsBehindLatest" : "0.0",
      "maxOffsetsBehindLatest" : "0",
      "minOffsetsBehindLatest" : "0"
    }
  } ],
  "sink" : {
    "description" : "org.apache.spark.sql.execution.streaming.ConsoleTable$@6e4ae8d1",
    "numOutputRows" : 1
  }
}
2025-11-09 03:24:23 [stream execution thread for [id = 7a53a007-fc5f-4b62-88f2-95a7e4acbf62, runId = 40354a01-ccb6-4dae-b705-87d59d863863]] INFO  o.a.s.s.e.s.CheckpointFileManager - Writing atomically to file:/private/var/folders/d1/0lfypfw93vx8vhhstp40dlv40000gn/T/temporary-c0656fe9-68e0-4587-bcb3-94528327941d/offsets/25 using temp file file:/private/var/folders/d1/0lfypfw93vx8vhhstp40dlv40000gn/T/temporary-c0656fe9-68e0-4587-bcb3-94528327941d/offsets/.25.15fb7be2-d3e3-4b1b-8079-07a759e6fecf.tmp
2025-11-09 03:24:23 [stream execution thread for [id = 7a53a007-fc5f-4b62-88f2-95a7e4acbf62, runId = 40354a01-ccb6-4dae-b705-87d59d863863]] INFO  o.a.s.s.e.s.CheckpointFileManager - Renamed temp file file:/private/var/folders/d1/0lfypfw93vx8vhhstp40dlv40000gn/T/temporary-c0656fe9-68e0-4587-bcb3-94528327941d/offsets/.25.15fb7be2-d3e3-4b1b-8079-07a759e6fecf.tmp to file:/private/var/folders/d1/0lfypfw93vx8vhhstp40dlv40000gn/T/temporary-c0656fe9-68e0-4587-bcb3-94528327941d/offsets/25
2025-11-09 03:24:23 [stream execution thread for [id = 7a53a007-fc5f-4b62-88f2-95a7e4acbf62, runId = 40354a01-ccb6-4dae-b705-87d59d863863]] INFO  o.a.s.s.e.s.MicroBatchExecution - Committed offsets for batch 25. Metadata OffsetSeqMetadata(0,1762638863789,Map(spark.sql.streaming.stateStore.providerClass -> org.apache.spark.sql.execution.streaming.state.HDFSBackedStateStoreProvider, spark.sql.streaming.join.stateFormatVersion -> 2, spark.sql.streaming.stateStore.compression.codec -> lz4, spark.sql.streaming.stateStore.rocksdb.formatVersion -> 5, spark.sql.streaming.statefulOperator.useStrictDistribution -> true, spark.sql.streaming.flatMapGroupsWithState.stateFormatVersion -> 2, spark.sql.streaming.multipleWatermarkPolicy -> min, spark.sql.streaming.aggregation.stateFormatVersion -> 2, spark.sql.shuffle.partitions -> 200))
2025-11-09 03:24:23 [stream execution thread for [id = 7a53a007-fc5f-4b62-88f2-95a7e4acbf62, runId = 40354a01-ccb6-4dae-b705-87d59d863863]] INFO  o.a.s.s.k.KafkaOffsetReaderAdmin - Partitions added: Map()
2025-11-09 03:24:23 [stream execution thread for [id = 7a53a007-fc5f-4b62-88f2-95a7e4acbf62, runId = 40354a01-ccb6-4dae-b705-87d59d863863]] INFO  o.a.s.s.k.KafkaOffsetReaderAdmin - Partitions added: Map()
2025-11-09 03:24:23 [stream execution thread for [id = 7a53a007-fc5f-4b62-88f2-95a7e4acbf62, runId = 40354a01-ccb6-4dae-b705-87d59d863863]] INFO  o.a.s.s.k.KafkaOffsetReaderAdmin - Partitions added: Map()
2025-11-09 03:24:23 [stream execution thread for [id = 7a53a007-fc5f-4b62-88f2-95a7e4acbf62, runId = 40354a01-ccb6-4dae-b705-87d59d863863]] INFO  o.a.s.s.k.KafkaOffsetReaderAdmin - Partitions added: Map()
2025-11-09 03:24:23 [stream execution thread for [id = 7a53a007-fc5f-4b62-88f2-95a7e4acbf62, runId = 40354a01-ccb6-4dae-b705-87d59d863863]] INFO  o.a.s.s.k.KafkaOffsetReaderAdmin - Partitions added: Map()
2025-11-09 03:24:23 [stream execution thread for [id = 7a53a007-fc5f-4b62-88f2-95a7e4acbf62, runId = 40354a01-ccb6-4dae-b705-87d59d863863]] INFO  o.a.s.s.k.KafkaOffsetReaderAdmin - Partitions added: Map()
2025-11-09 03:24:23 [stream execution thread for [id = 7a53a007-fc5f-4b62-88f2-95a7e4acbf62, runId = 40354a01-ccb6-4dae-b705-87d59d863863]] INFO  o.a.s.s.e.d.v.WriteToDataSourceV2Exec - Start processing data source write support: MicroBatchWrite[epoch: 25, writer: ConsoleWriter[numRows=20, truncate=false]]. The input RDD has 1 partitions.
2025-11-09 03:24:23 [stream execution thread for [id = 7a53a007-fc5f-4b62-88f2-95a7e4acbf62, runId = 40354a01-ccb6-4dae-b705-87d59d863863]] INFO  org.apache.spark.SparkContext - Starting job: start at FraudDetection.scala:66
2025-11-09 03:24:23 [dag-scheduler-event-loop] INFO  o.a.spark.scheduler.DAGScheduler - Got job 25 (start at FraudDetection.scala:66) with 1 output partitions
2025-11-09 03:24:23 [dag-scheduler-event-loop] INFO  o.a.spark.scheduler.DAGScheduler - Final stage: ResultStage 25 (start at FraudDetection.scala:66)
2025-11-09 03:24:23 [dag-scheduler-event-loop] INFO  o.a.spark.scheduler.DAGScheduler - Parents of final stage: List()
2025-11-09 03:24:23 [dag-scheduler-event-loop] INFO  o.a.spark.scheduler.DAGScheduler - Missing parents: List()
2025-11-09 03:24:23 [dag-scheduler-event-loop] INFO  o.a.spark.scheduler.DAGScheduler - Submitting ResultStage 25 (MapPartitionsRDD[104] at start at FraudDetection.scala:66), which has no missing parents
2025-11-09 03:24:23 [dag-scheduler-event-loop] INFO  o.a.spark.storage.memory.MemoryStore - Block broadcast_25 stored as values in memory (estimated size 25.6 KiB, free 1048.7 MiB)
2025-11-09 03:24:23 [dag-scheduler-event-loop] INFO  o.a.spark.storage.memory.MemoryStore - Block broadcast_25_piece0 stored as bytes in memory (estimated size 11.8 KiB, free 1048.7 MiB)
2025-11-09 03:24:23 [dispatcher-BlockManagerMaster] INFO  o.a.spark.storage.BlockManagerInfo - Added broadcast_25_piece0 in memory on 127.0.0.1:51276 (size: 11.8 KiB, free: 1048.8 MiB)
2025-11-09 03:24:23 [dag-scheduler-event-loop] INFO  org.apache.spark.SparkContext - Created broadcast 25 from broadcast at DAGScheduler.scala:1535
2025-11-09 03:24:23 [dag-scheduler-event-loop] INFO  o.a.spark.scheduler.DAGScheduler - Submitting 1 missing tasks from ResultStage 25 (MapPartitionsRDD[104] at start at FraudDetection.scala:66) (first 15 tasks are for partitions Vector(0))
2025-11-09 03:24:23 [dag-scheduler-event-loop] INFO  o.a.s.scheduler.TaskSchedulerImpl - Adding task set 25.0 with 1 tasks resource profile 0
2025-11-09 03:24:23 [dispatcher-event-loop-4] INFO  o.a.spark.scheduler.TaskSetManager - Starting task 0.0 in stage 25.0 (TID 25) (192.168.1.6, executor driver, partition 0, PROCESS_LOCAL, 8476 bytes) 
2025-11-09 03:24:23 [Executor task launch worker for task 0.0 in stage 25.0 (TID 25)] INFO  org.apache.spark.executor.Executor - Running task 0.0 in stage 25.0 (TID 25)
2025-11-09 03:24:23 [Executor task launch worker for task 0.0 in stage 25.0 (TID 25)] INFO  o.a.k.clients.consumer.KafkaConsumer - [Consumer clientId=consumer-spark-kafka-source-598d9184-ff11-4c8f-b55c-e51776cc2079--2111622232-executor-1, groupId=spark-kafka-source-598d9184-ff11-4c8f-b55c-e51776cc2079--2111622232-executor] Seeking to offset 278 for partition transactions-0
2025-11-09 03:24:23 [Executor task launch worker for task 0.0 in stage 25.0 (TID 25)] INFO  o.a.k.c.c.i.SubscriptionState - [Consumer clientId=consumer-spark-kafka-source-598d9184-ff11-4c8f-b55c-e51776cc2079--2111622232-executor-1, groupId=spark-kafka-source-598d9184-ff11-4c8f-b55c-e51776cc2079--2111622232-executor] Seeking to earliest offset of partition transactions-0
2025-11-09 03:24:24 [Executor task launch worker for task 0.0 in stage 25.0 (TID 25)] INFO  o.a.k.c.c.i.SubscriptionState - [Consumer clientId=consumer-spark-kafka-source-598d9184-ff11-4c8f-b55c-e51776cc2079--2111622232-executor-1, groupId=spark-kafka-source-598d9184-ff11-4c8f-b55c-e51776cc2079--2111622232-executor] Resetting offset for partition transactions-0 to position FetchPosition{offset=0, offsetEpoch=Optional.empty, currentLeader=LeaderAndEpoch{leader=Optional[localhost:9092 (id: 1 rack: null)], epoch=0}}.
2025-11-09 03:24:24 [Executor task launch worker for task 0.0 in stage 25.0 (TID 25)] INFO  o.a.k.c.c.i.SubscriptionState - [Consumer clientId=consumer-spark-kafka-source-598d9184-ff11-4c8f-b55c-e51776cc2079--2111622232-executor-1, groupId=spark-kafka-source-598d9184-ff11-4c8f-b55c-e51776cc2079--2111622232-executor] Seeking to latest offset of partition transactions-0
2025-11-09 03:24:24 [Executor task launch worker for task 0.0 in stage 25.0 (TID 25)] INFO  o.a.k.c.c.i.SubscriptionState - [Consumer clientId=consumer-spark-kafka-source-598d9184-ff11-4c8f-b55c-e51776cc2079--2111622232-executor-1, groupId=spark-kafka-source-598d9184-ff11-4c8f-b55c-e51776cc2079--2111622232-executor] Resetting offset for partition transactions-0 to position FetchPosition{offset=279, offsetEpoch=Optional.empty, currentLeader=LeaderAndEpoch{leader=Optional[localhost:9092 (id: 1 rack: null)], epoch=0}}.
2025-11-09 03:24:24 [Executor task launch worker for task 0.0 in stage 25.0 (TID 25)] INFO  o.a.s.s.e.d.v2.DataWritingSparkTask - Commit authorized for partition 0 (task 25, attempt 0, stage 25.0)
2025-11-09 03:24:24 [Executor task launch worker for task 0.0 in stage 25.0 (TID 25)] INFO  o.a.s.s.e.d.v2.DataWritingSparkTask - Committed partition 0 (task 25, attempt 0, stage 25.0)
2025-11-09 03:24:24 [Executor task launch worker for task 0.0 in stage 25.0 (TID 25)] INFO  org.apache.spark.executor.Executor - Finished task 0.0 in stage 25.0 (TID 25). 2180 bytes result sent to driver
2025-11-09 03:24:24 [task-result-getter-1] INFO  o.a.spark.scheduler.TaskSetManager - Finished task 0.0 in stage 25.0 (TID 25) in 532 ms on 192.168.1.6 (executor driver) (1/1)
2025-11-09 03:24:24 [task-result-getter-1] INFO  o.a.s.scheduler.TaskSchedulerImpl - Removed TaskSet 25.0, whose tasks have all completed, from pool 
2025-11-09 03:24:24 [dag-scheduler-event-loop] INFO  o.a.spark.scheduler.DAGScheduler - ResultStage 25 (start at FraudDetection.scala:66) finished in 0.537 s
2025-11-09 03:24:24 [dag-scheduler-event-loop] INFO  o.a.spark.scheduler.DAGScheduler - Job 25 is finished. Cancelling potential speculative or zombie tasks for this job
2025-11-09 03:24:24 [dag-scheduler-event-loop] INFO  o.a.s.scheduler.TaskSchedulerImpl - Killing all running tasks in stage 25: Stage finished
2025-11-09 03:24:24 [stream execution thread for [id = 7a53a007-fc5f-4b62-88f2-95a7e4acbf62, runId = 40354a01-ccb6-4dae-b705-87d59d863863]] INFO  o.a.spark.scheduler.DAGScheduler - Job 25 finished: start at FraudDetection.scala:66, took 0.538448 s
2025-11-09 03:24:24 [stream execution thread for [id = 7a53a007-fc5f-4b62-88f2-95a7e4acbf62, runId = 40354a01-ccb6-4dae-b705-87d59d863863]] INFO  o.a.s.s.e.d.v.WriteToDataSourceV2Exec - Data source write support MicroBatchWrite[epoch: 25, writer: ConsoleWriter[numRows=20, truncate=false]] is committing.
2025-11-09 03:24:24 [stream execution thread for [id = 7a53a007-fc5f-4b62-88f2-95a7e4acbf62, runId = 40354a01-ccb6-4dae-b705-87d59d863863]] INFO  o.a.s.s.e.d.v.WriteToDataSourceV2Exec - Data source write support MicroBatchWrite[epoch: 25, writer: ConsoleWriter[numRows=20, truncate=false]] committed.
2025-11-09 03:24:24 [stream execution thread for [id = 7a53a007-fc5f-4b62-88f2-95a7e4acbf62, runId = 40354a01-ccb6-4dae-b705-87d59d863863]] INFO  o.a.s.s.e.s.CheckpointFileManager - Writing atomically to file:/private/var/folders/d1/0lfypfw93vx8vhhstp40dlv40000gn/T/temporary-c0656fe9-68e0-4587-bcb3-94528327941d/commits/25 using temp file file:/private/var/folders/d1/0lfypfw93vx8vhhstp40dlv40000gn/T/temporary-c0656fe9-68e0-4587-bcb3-94528327941d/commits/.25.a124acd3-84aa-4f01-97b8-8b3b44f8d73e.tmp
2025-11-09 03:24:24 [stream execution thread for [id = 7a53a007-fc5f-4b62-88f2-95a7e4acbf62, runId = 40354a01-ccb6-4dae-b705-87d59d863863]] INFO  o.a.s.s.e.s.CheckpointFileManager - Renamed temp file file:/private/var/folders/d1/0lfypfw93vx8vhhstp40dlv40000gn/T/temporary-c0656fe9-68e0-4587-bcb3-94528327941d/commits/.25.a124acd3-84aa-4f01-97b8-8b3b44f8d73e.tmp to file:/private/var/folders/d1/0lfypfw93vx8vhhstp40dlv40000gn/T/temporary-c0656fe9-68e0-4587-bcb3-94528327941d/commits/25
2025-11-09 03:24:24 [stream execution thread for [id = 7a53a007-fc5f-4b62-88f2-95a7e4acbf62, runId = 40354a01-ccb6-4dae-b705-87d59d863863]] INFO  o.a.s.s.e.s.MicroBatchExecution - Streaming query made progress: {
  "id" : "7a53a007-fc5f-4b62-88f2-95a7e4acbf62",
  "runId" : "40354a01-ccb6-4dae-b705-87d59d863863",
  "name" : null,
  "timestamp" : "2025-11-08T21:54:23.785Z",
  "batchId" : 25,
  "numInputRows" : 1,
  "inputRowsPerSecond" : 62.5,
  "processedRowsPerSecond" : 1.455604075691412,
  "durationMs" : {
    "addBatch" : 567,
    "commitOffsets" : 52,
    "getBatch" : 0,
    "latestOffset" : 4,
    "queryPlanning" : 5,
    "triggerExecution" : 687,
    "walCommit" : 58
  },
  "stateOperators" : [ ],
  "sources" : [ {
    "description" : "KafkaV2[Subscribe[transactions]]",
    "startOffset" : {
      "transactions" : {
        "0" : 278
      }
    },
    "endOffset" : {
      "transactions" : {
        "0" : 279
      }
    },
    "latestOffset" : {
      "transactions" : {
        "0" : 279
      }
    },
    "numInputRows" : 1,
    "inputRowsPerSecond" : 62.5,
    "processedRowsPerSecond" : 1.455604075691412,
    "metrics" : {
      "avgOffsetsBehindLatest" : "0.0",
      "maxOffsetsBehindLatest" : "0",
      "minOffsetsBehindLatest" : "0"
    }
  } ],
  "sink" : {
    "description" : "org.apache.spark.sql.execution.streaming.ConsoleTable$@6e4ae8d1",
    "numOutputRows" : 1
  }
}
2025-11-09 03:24:24 [stream execution thread for [id = 7a53a007-fc5f-4b62-88f2-95a7e4acbf62, runId = 40354a01-ccb6-4dae-b705-87d59d863863]] INFO  o.a.s.s.e.s.CheckpointFileManager - Writing atomically to file:/private/var/folders/d1/0lfypfw93vx8vhhstp40dlv40000gn/T/temporary-c0656fe9-68e0-4587-bcb3-94528327941d/offsets/26 using temp file file:/private/var/folders/d1/0lfypfw93vx8vhhstp40dlv40000gn/T/temporary-c0656fe9-68e0-4587-bcb3-94528327941d/offsets/.26.eb8b7ca9-283e-43a6-9fce-a4ef6eb6ecf0.tmp
2025-11-09 03:24:24 [stream execution thread for [id = 7a53a007-fc5f-4b62-88f2-95a7e4acbf62, runId = 40354a01-ccb6-4dae-b705-87d59d863863]] INFO  o.a.s.s.e.s.CheckpointFileManager - Renamed temp file file:/private/var/folders/d1/0lfypfw93vx8vhhstp40dlv40000gn/T/temporary-c0656fe9-68e0-4587-bcb3-94528327941d/offsets/.26.eb8b7ca9-283e-43a6-9fce-a4ef6eb6ecf0.tmp to file:/private/var/folders/d1/0lfypfw93vx8vhhstp40dlv40000gn/T/temporary-c0656fe9-68e0-4587-bcb3-94528327941d/offsets/26
2025-11-09 03:24:24 [stream execution thread for [id = 7a53a007-fc5f-4b62-88f2-95a7e4acbf62, runId = 40354a01-ccb6-4dae-b705-87d59d863863]] INFO  o.a.s.s.e.s.MicroBatchExecution - Committed offsets for batch 26. Metadata OffsetSeqMetadata(0,1762638864791,Map(spark.sql.streaming.stateStore.providerClass -> org.apache.spark.sql.execution.streaming.state.HDFSBackedStateStoreProvider, spark.sql.streaming.join.stateFormatVersion -> 2, spark.sql.streaming.stateStore.compression.codec -> lz4, spark.sql.streaming.stateStore.rocksdb.formatVersion -> 5, spark.sql.streaming.statefulOperator.useStrictDistribution -> true, spark.sql.streaming.flatMapGroupsWithState.stateFormatVersion -> 2, spark.sql.streaming.multipleWatermarkPolicy -> min, spark.sql.streaming.aggregation.stateFormatVersion -> 2, spark.sql.shuffle.partitions -> 200))
2025-11-09 03:24:24 [stream execution thread for [id = 7a53a007-fc5f-4b62-88f2-95a7e4acbf62, runId = 40354a01-ccb6-4dae-b705-87d59d863863]] INFO  o.a.s.s.k.KafkaOffsetReaderAdmin - Partitions added: Map()
2025-11-09 03:24:24 [stream execution thread for [id = 7a53a007-fc5f-4b62-88f2-95a7e4acbf62, runId = 40354a01-ccb6-4dae-b705-87d59d863863]] INFO  o.a.s.s.k.KafkaOffsetReaderAdmin - Partitions added: Map()
2025-11-09 03:24:24 [stream execution thread for [id = 7a53a007-fc5f-4b62-88f2-95a7e4acbf62, runId = 40354a01-ccb6-4dae-b705-87d59d863863]] INFO  o.a.s.s.k.KafkaOffsetReaderAdmin - Partitions added: Map()
2025-11-09 03:24:24 [stream execution thread for [id = 7a53a007-fc5f-4b62-88f2-95a7e4acbf62, runId = 40354a01-ccb6-4dae-b705-87d59d863863]] INFO  o.a.s.s.k.KafkaOffsetReaderAdmin - Partitions added: Map()
2025-11-09 03:24:24 [stream execution thread for [id = 7a53a007-fc5f-4b62-88f2-95a7e4acbf62, runId = 40354a01-ccb6-4dae-b705-87d59d863863]] INFO  o.a.s.s.k.KafkaOffsetReaderAdmin - Partitions added: Map()
2025-11-09 03:24:24 [stream execution thread for [id = 7a53a007-fc5f-4b62-88f2-95a7e4acbf62, runId = 40354a01-ccb6-4dae-b705-87d59d863863]] INFO  o.a.s.s.k.KafkaOffsetReaderAdmin - Partitions added: Map()
2025-11-09 03:24:24 [stream execution thread for [id = 7a53a007-fc5f-4b62-88f2-95a7e4acbf62, runId = 40354a01-ccb6-4dae-b705-87d59d863863]] INFO  o.a.s.s.e.d.v.WriteToDataSourceV2Exec - Start processing data source write support: MicroBatchWrite[epoch: 26, writer: ConsoleWriter[numRows=20, truncate=false]]. The input RDD has 1 partitions.
2025-11-09 03:24:24 [stream execution thread for [id = 7a53a007-fc5f-4b62-88f2-95a7e4acbf62, runId = 40354a01-ccb6-4dae-b705-87d59d863863]] INFO  org.apache.spark.SparkContext - Starting job: start at FraudDetection.scala:66
2025-11-09 03:24:24 [dag-scheduler-event-loop] INFO  o.a.spark.scheduler.DAGScheduler - Got job 26 (start at FraudDetection.scala:66) with 1 output partitions
2025-11-09 03:24:24 [dag-scheduler-event-loop] INFO  o.a.spark.scheduler.DAGScheduler - Final stage: ResultStage 26 (start at FraudDetection.scala:66)
2025-11-09 03:24:24 [dag-scheduler-event-loop] INFO  o.a.spark.scheduler.DAGScheduler - Parents of final stage: List()
2025-11-09 03:24:24 [dag-scheduler-event-loop] INFO  o.a.spark.scheduler.DAGScheduler - Missing parents: List()
2025-11-09 03:24:24 [dag-scheduler-event-loop] INFO  o.a.spark.scheduler.DAGScheduler - Submitting ResultStage 26 (MapPartitionsRDD[108] at start at FraudDetection.scala:66), which has no missing parents
2025-11-09 03:24:24 [dag-scheduler-event-loop] INFO  o.a.spark.storage.memory.MemoryStore - Block broadcast_26 stored as values in memory (estimated size 25.6 KiB, free 1048.6 MiB)
2025-11-09 03:24:24 [dag-scheduler-event-loop] INFO  o.a.spark.storage.memory.MemoryStore - Block broadcast_26_piece0 stored as bytes in memory (estimated size 11.8 KiB, free 1048.6 MiB)
2025-11-09 03:24:24 [dispatcher-BlockManagerMaster] INFO  o.a.spark.storage.BlockManagerInfo - Added broadcast_26_piece0 in memory on 127.0.0.1:51276 (size: 11.8 KiB, free: 1048.7 MiB)
2025-11-09 03:24:24 [dag-scheduler-event-loop] INFO  org.apache.spark.SparkContext - Created broadcast 26 from broadcast at DAGScheduler.scala:1535
2025-11-09 03:24:24 [dag-scheduler-event-loop] INFO  o.a.spark.scheduler.DAGScheduler - Submitting 1 missing tasks from ResultStage 26 (MapPartitionsRDD[108] at start at FraudDetection.scala:66) (first 15 tasks are for partitions Vector(0))
2025-11-09 03:24:24 [dag-scheduler-event-loop] INFO  o.a.s.scheduler.TaskSchedulerImpl - Adding task set 26.0 with 1 tasks resource profile 0
2025-11-09 03:24:24 [dispatcher-event-loop-0] INFO  o.a.spark.scheduler.TaskSetManager - Starting task 0.0 in stage 26.0 (TID 26) (192.168.1.6, executor driver, partition 0, PROCESS_LOCAL, 8476 bytes) 
2025-11-09 03:24:24 [Executor task launch worker for task 0.0 in stage 26.0 (TID 26)] INFO  org.apache.spark.executor.Executor - Running task 0.0 in stage 26.0 (TID 26)
2025-11-09 03:24:24 [Executor task launch worker for task 0.0 in stage 26.0 (TID 26)] INFO  o.a.k.clients.consumer.KafkaConsumer - [Consumer clientId=consumer-spark-kafka-source-598d9184-ff11-4c8f-b55c-e51776cc2079--2111622232-executor-1, groupId=spark-kafka-source-598d9184-ff11-4c8f-b55c-e51776cc2079--2111622232-executor] Seeking to offset 279 for partition transactions-0
2025-11-09 03:24:24 [Executor task launch worker for task 0.0 in stage 26.0 (TID 26)] INFO  o.a.k.c.c.i.SubscriptionState - [Consumer clientId=consumer-spark-kafka-source-598d9184-ff11-4c8f-b55c-e51776cc2079--2111622232-executor-1, groupId=spark-kafka-source-598d9184-ff11-4c8f-b55c-e51776cc2079--2111622232-executor] Seeking to earliest offset of partition transactions-0
2025-11-09 03:24:25 [Executor task launch worker for task 0.0 in stage 26.0 (TID 26)] INFO  o.a.k.c.c.i.SubscriptionState - [Consumer clientId=consumer-spark-kafka-source-598d9184-ff11-4c8f-b55c-e51776cc2079--2111622232-executor-1, groupId=spark-kafka-source-598d9184-ff11-4c8f-b55c-e51776cc2079--2111622232-executor] Resetting offset for partition transactions-0 to position FetchPosition{offset=0, offsetEpoch=Optional.empty, currentLeader=LeaderAndEpoch{leader=Optional[localhost:9092 (id: 1 rack: null)], epoch=0}}.
2025-11-09 03:24:25 [Executor task launch worker for task 0.0 in stage 26.0 (TID 26)] INFO  o.a.k.c.c.i.SubscriptionState - [Consumer clientId=consumer-spark-kafka-source-598d9184-ff11-4c8f-b55c-e51776cc2079--2111622232-executor-1, groupId=spark-kafka-source-598d9184-ff11-4c8f-b55c-e51776cc2079--2111622232-executor] Seeking to latest offset of partition transactions-0
2025-11-09 03:24:25 [Executor task launch worker for task 0.0 in stage 26.0 (TID 26)] INFO  o.a.k.c.c.i.SubscriptionState - [Consumer clientId=consumer-spark-kafka-source-598d9184-ff11-4c8f-b55c-e51776cc2079--2111622232-executor-1, groupId=spark-kafka-source-598d9184-ff11-4c8f-b55c-e51776cc2079--2111622232-executor] Resetting offset for partition transactions-0 to position FetchPosition{offset=280, offsetEpoch=Optional.empty, currentLeader=LeaderAndEpoch{leader=Optional[localhost:9092 (id: 1 rack: null)], epoch=0}}.
2025-11-09 03:24:25 [Executor task launch worker for task 0.0 in stage 26.0 (TID 26)] INFO  o.a.s.s.e.d.v2.DataWritingSparkTask - Commit authorized for partition 0 (task 26, attempt 0, stage 26.0)
2025-11-09 03:24:25 [Executor task launch worker for task 0.0 in stage 26.0 (TID 26)] INFO  o.a.s.s.e.d.v2.DataWritingSparkTask - Committed partition 0 (task 26, attempt 0, stage 26.0)
2025-11-09 03:24:25 [Executor task launch worker for task 0.0 in stage 26.0 (TID 26)] INFO  org.apache.spark.executor.Executor - Finished task 0.0 in stage 26.0 (TID 26). 2180 bytes result sent to driver
2025-11-09 03:24:25 [task-result-getter-2] INFO  o.a.spark.scheduler.TaskSetManager - Finished task 0.0 in stage 26.0 (TID 26) in 531 ms on 192.168.1.6 (executor driver) (1/1)
2025-11-09 03:24:25 [task-result-getter-2] INFO  o.a.s.scheduler.TaskSchedulerImpl - Removed TaskSet 26.0, whose tasks have all completed, from pool 
2025-11-09 03:24:25 [dag-scheduler-event-loop] INFO  o.a.spark.scheduler.DAGScheduler - ResultStage 26 (start at FraudDetection.scala:66) finished in 0.533 s
2025-11-09 03:24:25 [dag-scheduler-event-loop] INFO  o.a.spark.scheduler.DAGScheduler - Job 26 is finished. Cancelling potential speculative or zombie tasks for this job
2025-11-09 03:24:25 [dag-scheduler-event-loop] INFO  o.a.s.scheduler.TaskSchedulerImpl - Killing all running tasks in stage 26: Stage finished
2025-11-09 03:24:25 [stream execution thread for [id = 7a53a007-fc5f-4b62-88f2-95a7e4acbf62, runId = 40354a01-ccb6-4dae-b705-87d59d863863]] INFO  o.a.spark.scheduler.DAGScheduler - Job 26 finished: start at FraudDetection.scala:66, took 0.535048 s
2025-11-09 03:24:25 [stream execution thread for [id = 7a53a007-fc5f-4b62-88f2-95a7e4acbf62, runId = 40354a01-ccb6-4dae-b705-87d59d863863]] INFO  o.a.s.s.e.d.v.WriteToDataSourceV2Exec - Data source write support MicroBatchWrite[epoch: 26, writer: ConsoleWriter[numRows=20, truncate=false]] is committing.
2025-11-09 03:24:25 [stream execution thread for [id = 7a53a007-fc5f-4b62-88f2-95a7e4acbf62, runId = 40354a01-ccb6-4dae-b705-87d59d863863]] INFO  o.a.s.s.e.d.v.WriteToDataSourceV2Exec - Data source write support MicroBatchWrite[epoch: 26, writer: ConsoleWriter[numRows=20, truncate=false]] committed.
2025-11-09 03:24:25 [stream execution thread for [id = 7a53a007-fc5f-4b62-88f2-95a7e4acbf62, runId = 40354a01-ccb6-4dae-b705-87d59d863863]] INFO  o.a.s.s.e.s.CheckpointFileManager - Writing atomically to file:/private/var/folders/d1/0lfypfw93vx8vhhstp40dlv40000gn/T/temporary-c0656fe9-68e0-4587-bcb3-94528327941d/commits/26 using temp file file:/private/var/folders/d1/0lfypfw93vx8vhhstp40dlv40000gn/T/temporary-c0656fe9-68e0-4587-bcb3-94528327941d/commits/.26.27d8fbf9-0847-4181-8694-4b1622901a19.tmp
2025-11-09 03:24:25 [stream execution thread for [id = 7a53a007-fc5f-4b62-88f2-95a7e4acbf62, runId = 40354a01-ccb6-4dae-b705-87d59d863863]] INFO  o.a.s.s.e.s.CheckpointFileManager - Renamed temp file file:/private/var/folders/d1/0lfypfw93vx8vhhstp40dlv40000gn/T/temporary-c0656fe9-68e0-4587-bcb3-94528327941d/commits/.26.27d8fbf9-0847-4181-8694-4b1622901a19.tmp to file:/private/var/folders/d1/0lfypfw93vx8vhhstp40dlv40000gn/T/temporary-c0656fe9-68e0-4587-bcb3-94528327941d/commits/26
2025-11-09 03:24:25 [stream execution thread for [id = 7a53a007-fc5f-4b62-88f2-95a7e4acbf62, runId = 40354a01-ccb6-4dae-b705-87d59d863863]] INFO  o.a.s.s.e.s.MicroBatchExecution - Streaming query made progress: {
  "id" : "7a53a007-fc5f-4b62-88f2-95a7e4acbf62",
  "runId" : "40354a01-ccb6-4dae-b705-87d59d863863",
  "name" : null,
  "timestamp" : "2025-11-08T21:54:24.787Z",
  "batchId" : 26,
  "numInputRows" : 1,
  "inputRowsPerSecond" : 58.8235294117647,
  "processedRowsPerSecond" : 1.5015015015015014,
  "durationMs" : {
    "addBatch" : 562,
    "commitOffsets" : 52,
    "getBatch" : 0,
    "latestOffset" : 4,
    "queryPlanning" : 5,
    "triggerExecution" : 666,
    "walCommit" : 43
  },
  "stateOperators" : [ ],
  "sources" : [ {
    "description" : "KafkaV2[Subscribe[transactions]]",
    "startOffset" : {
      "transactions" : {
        "0" : 279
      }
    },
    "endOffset" : {
      "transactions" : {
        "0" : 280
      }
    },
    "latestOffset" : {
      "transactions" : {
        "0" : 280
      }
    },
    "numInputRows" : 1,
    "inputRowsPerSecond" : 58.8235294117647,
    "processedRowsPerSecond" : 1.5015015015015014,
    "metrics" : {
      "avgOffsetsBehindLatest" : "0.0",
      "maxOffsetsBehindLatest" : "0",
      "minOffsetsBehindLatest" : "0"
    }
  } ],
  "sink" : {
    "description" : "org.apache.spark.sql.execution.streaming.ConsoleTable$@6e4ae8d1",
    "numOutputRows" : 1
  }
}
2025-11-09 03:24:25 [stream execution thread for [id = 7a53a007-fc5f-4b62-88f2-95a7e4acbf62, runId = 40354a01-ccb6-4dae-b705-87d59d863863]] INFO  o.a.s.s.e.s.CheckpointFileManager - Writing atomically to file:/private/var/folders/d1/0lfypfw93vx8vhhstp40dlv40000gn/T/temporary-c0656fe9-68e0-4587-bcb3-94528327941d/offsets/27 using temp file file:/private/var/folders/d1/0lfypfw93vx8vhhstp40dlv40000gn/T/temporary-c0656fe9-68e0-4587-bcb3-94528327941d/offsets/.27.c551da83-760e-42bc-9824-3ccc050eec6e.tmp
2025-11-09 03:24:25 [stream execution thread for [id = 7a53a007-fc5f-4b62-88f2-95a7e4acbf62, runId = 40354a01-ccb6-4dae-b705-87d59d863863]] INFO  o.a.s.s.e.s.CheckpointFileManager - Renamed temp file file:/private/var/folders/d1/0lfypfw93vx8vhhstp40dlv40000gn/T/temporary-c0656fe9-68e0-4587-bcb3-94528327941d/offsets/.27.c551da83-760e-42bc-9824-3ccc050eec6e.tmp to file:/private/var/folders/d1/0lfypfw93vx8vhhstp40dlv40000gn/T/temporary-c0656fe9-68e0-4587-bcb3-94528327941d/offsets/27
2025-11-09 03:24:25 [stream execution thread for [id = 7a53a007-fc5f-4b62-88f2-95a7e4acbf62, runId = 40354a01-ccb6-4dae-b705-87d59d863863]] INFO  o.a.s.s.e.s.MicroBatchExecution - Committed offsets for batch 27. Metadata OffsetSeqMetadata(0,1762638865804,Map(spark.sql.streaming.stateStore.providerClass -> org.apache.spark.sql.execution.streaming.state.HDFSBackedStateStoreProvider, spark.sql.streaming.join.stateFormatVersion -> 2, spark.sql.streaming.stateStore.compression.codec -> lz4, spark.sql.streaming.stateStore.rocksdb.formatVersion -> 5, spark.sql.streaming.statefulOperator.useStrictDistribution -> true, spark.sql.streaming.flatMapGroupsWithState.stateFormatVersion -> 2, spark.sql.streaming.multipleWatermarkPolicy -> min, spark.sql.streaming.aggregation.stateFormatVersion -> 2, spark.sql.shuffle.partitions -> 200))
2025-11-09 03:24:25 [stream execution thread for [id = 7a53a007-fc5f-4b62-88f2-95a7e4acbf62, runId = 40354a01-ccb6-4dae-b705-87d59d863863]] INFO  o.a.s.s.k.KafkaOffsetReaderAdmin - Partitions added: Map()
2025-11-09 03:24:25 [stream execution thread for [id = 7a53a007-fc5f-4b62-88f2-95a7e4acbf62, runId = 40354a01-ccb6-4dae-b705-87d59d863863]] INFO  o.a.s.s.k.KafkaOffsetReaderAdmin - Partitions added: Map()
2025-11-09 03:24:25 [stream execution thread for [id = 7a53a007-fc5f-4b62-88f2-95a7e4acbf62, runId = 40354a01-ccb6-4dae-b705-87d59d863863]] INFO  o.a.s.s.k.KafkaOffsetReaderAdmin - Partitions added: Map()
2025-11-09 03:24:25 [stream execution thread for [id = 7a53a007-fc5f-4b62-88f2-95a7e4acbf62, runId = 40354a01-ccb6-4dae-b705-87d59d863863]] INFO  o.a.s.s.k.KafkaOffsetReaderAdmin - Partitions added: Map()
2025-11-09 03:24:25 [stream execution thread for [id = 7a53a007-fc5f-4b62-88f2-95a7e4acbf62, runId = 40354a01-ccb6-4dae-b705-87d59d863863]] INFO  o.a.s.s.k.KafkaOffsetReaderAdmin - Partitions added: Map()
2025-11-09 03:24:25 [stream execution thread for [id = 7a53a007-fc5f-4b62-88f2-95a7e4acbf62, runId = 40354a01-ccb6-4dae-b705-87d59d863863]] INFO  o.a.s.s.k.KafkaOffsetReaderAdmin - Partitions added: Map()
2025-11-09 03:24:25 [stream execution thread for [id = 7a53a007-fc5f-4b62-88f2-95a7e4acbf62, runId = 40354a01-ccb6-4dae-b705-87d59d863863]] INFO  o.a.s.s.e.d.v.WriteToDataSourceV2Exec - Start processing data source write support: MicroBatchWrite[epoch: 27, writer: ConsoleWriter[numRows=20, truncate=false]]. The input RDD has 1 partitions.
2025-11-09 03:24:25 [stream execution thread for [id = 7a53a007-fc5f-4b62-88f2-95a7e4acbf62, runId = 40354a01-ccb6-4dae-b705-87d59d863863]] INFO  org.apache.spark.SparkContext - Starting job: start at FraudDetection.scala:66
2025-11-09 03:24:25 [dag-scheduler-event-loop] INFO  o.a.spark.scheduler.DAGScheduler - Got job 27 (start at FraudDetection.scala:66) with 1 output partitions
2025-11-09 03:24:25 [dag-scheduler-event-loop] INFO  o.a.spark.scheduler.DAGScheduler - Final stage: ResultStage 27 (start at FraudDetection.scala:66)
2025-11-09 03:24:25 [dag-scheduler-event-loop] INFO  o.a.spark.scheduler.DAGScheduler - Parents of final stage: List()
2025-11-09 03:24:25 [dag-scheduler-event-loop] INFO  o.a.spark.scheduler.DAGScheduler - Missing parents: List()
2025-11-09 03:24:25 [dag-scheduler-event-loop] INFO  o.a.spark.scheduler.DAGScheduler - Submitting ResultStage 27 (MapPartitionsRDD[112] at start at FraudDetection.scala:66), which has no missing parents
2025-11-09 03:24:25 [dag-scheduler-event-loop] INFO  o.a.spark.storage.memory.MemoryStore - Block broadcast_27 stored as values in memory (estimated size 25.6 KiB, free 1048.6 MiB)
2025-11-09 03:24:25 [dag-scheduler-event-loop] INFO  o.a.spark.storage.memory.MemoryStore - Block broadcast_27_piece0 stored as bytes in memory (estimated size 11.7 KiB, free 1048.6 MiB)
2025-11-09 03:24:25 [dispatcher-BlockManagerMaster] INFO  o.a.spark.storage.BlockManagerInfo - Added broadcast_27_piece0 in memory on 127.0.0.1:51276 (size: 11.7 KiB, free: 1048.7 MiB)
2025-11-09 03:24:25 [dag-scheduler-event-loop] INFO  org.apache.spark.SparkContext - Created broadcast 27 from broadcast at DAGScheduler.scala:1535
2025-11-09 03:24:25 [dag-scheduler-event-loop] INFO  o.a.spark.scheduler.DAGScheduler - Submitting 1 missing tasks from ResultStage 27 (MapPartitionsRDD[112] at start at FraudDetection.scala:66) (first 15 tasks are for partitions Vector(0))
2025-11-09 03:24:25 [dag-scheduler-event-loop] INFO  o.a.s.scheduler.TaskSchedulerImpl - Adding task set 27.0 with 1 tasks resource profile 0
2025-11-09 03:24:25 [dispatcher-event-loop-4] INFO  o.a.spark.scheduler.TaskSetManager - Starting task 0.0 in stage 27.0 (TID 27) (192.168.1.6, executor driver, partition 0, PROCESS_LOCAL, 8476 bytes) 
2025-11-09 03:24:25 [Executor task launch worker for task 0.0 in stage 27.0 (TID 27)] INFO  org.apache.spark.executor.Executor - Running task 0.0 in stage 27.0 (TID 27)
2025-11-09 03:24:25 [Executor task launch worker for task 0.0 in stage 27.0 (TID 27)] INFO  o.a.k.clients.consumer.KafkaConsumer - [Consumer clientId=consumer-spark-kafka-source-598d9184-ff11-4c8f-b55c-e51776cc2079--2111622232-executor-1, groupId=spark-kafka-source-598d9184-ff11-4c8f-b55c-e51776cc2079--2111622232-executor] Seeking to offset 280 for partition transactions-0
2025-11-09 03:24:25 [Executor task launch worker for task 0.0 in stage 27.0 (TID 27)] INFO  o.a.k.c.c.i.SubscriptionState - [Consumer clientId=consumer-spark-kafka-source-598d9184-ff11-4c8f-b55c-e51776cc2079--2111622232-executor-1, groupId=spark-kafka-source-598d9184-ff11-4c8f-b55c-e51776cc2079--2111622232-executor] Seeking to earliest offset of partition transactions-0
2025-11-09 03:24:26 [Executor task launch worker for task 0.0 in stage 27.0 (TID 27)] INFO  o.a.k.c.c.i.SubscriptionState - [Consumer clientId=consumer-spark-kafka-source-598d9184-ff11-4c8f-b55c-e51776cc2079--2111622232-executor-1, groupId=spark-kafka-source-598d9184-ff11-4c8f-b55c-e51776cc2079--2111622232-executor] Resetting offset for partition transactions-0 to position FetchPosition{offset=0, offsetEpoch=Optional.empty, currentLeader=LeaderAndEpoch{leader=Optional[localhost:9092 (id: 1 rack: null)], epoch=0}}.
2025-11-09 03:24:26 [Executor task launch worker for task 0.0 in stage 27.0 (TID 27)] INFO  o.a.k.c.c.i.SubscriptionState - [Consumer clientId=consumer-spark-kafka-source-598d9184-ff11-4c8f-b55c-e51776cc2079--2111622232-executor-1, groupId=spark-kafka-source-598d9184-ff11-4c8f-b55c-e51776cc2079--2111622232-executor] Seeking to latest offset of partition transactions-0
2025-11-09 03:24:26 [Executor task launch worker for task 0.0 in stage 27.0 (TID 27)] INFO  o.a.k.c.c.i.SubscriptionState - [Consumer clientId=consumer-spark-kafka-source-598d9184-ff11-4c8f-b55c-e51776cc2079--2111622232-executor-1, groupId=spark-kafka-source-598d9184-ff11-4c8f-b55c-e51776cc2079--2111622232-executor] Resetting offset for partition transactions-0 to position FetchPosition{offset=281, offsetEpoch=Optional.empty, currentLeader=LeaderAndEpoch{leader=Optional[localhost:9092 (id: 1 rack: null)], epoch=0}}.
2025-11-09 03:24:26 [Executor task launch worker for task 0.0 in stage 27.0 (TID 27)] INFO  o.a.s.s.e.d.v2.DataWritingSparkTask - Commit authorized for partition 0 (task 27, attempt 0, stage 27.0)
2025-11-09 03:24:26 [Executor task launch worker for task 0.0 in stage 27.0 (TID 27)] INFO  o.a.s.s.e.d.v2.DataWritingSparkTask - Committed partition 0 (task 27, attempt 0, stage 27.0)
2025-11-09 03:24:26 [Executor task launch worker for task 0.0 in stage 27.0 (TID 27)] INFO  org.apache.spark.executor.Executor - Finished task 0.0 in stage 27.0 (TID 27). 2180 bytes result sent to driver
2025-11-09 03:24:26 [task-result-getter-3] INFO  o.a.spark.scheduler.TaskSetManager - Finished task 0.0 in stage 27.0 (TID 27) in 530 ms on 192.168.1.6 (executor driver) (1/1)
2025-11-09 03:24:26 [task-result-getter-3] INFO  o.a.s.scheduler.TaskSchedulerImpl - Removed TaskSet 27.0, whose tasks have all completed, from pool 
2025-11-09 03:24:26 [dag-scheduler-event-loop] INFO  o.a.spark.scheduler.DAGScheduler - ResultStage 27 (start at FraudDetection.scala:66) finished in 0.533 s
2025-11-09 03:24:26 [dag-scheduler-event-loop] INFO  o.a.spark.scheduler.DAGScheduler - Job 27 is finished. Cancelling potential speculative or zombie tasks for this job
2025-11-09 03:24:26 [dag-scheduler-event-loop] INFO  o.a.s.scheduler.TaskSchedulerImpl - Killing all running tasks in stage 27: Stage finished
2025-11-09 03:24:26 [stream execution thread for [id = 7a53a007-fc5f-4b62-88f2-95a7e4acbf62, runId = 40354a01-ccb6-4dae-b705-87d59d863863]] INFO  o.a.spark.scheduler.DAGScheduler - Job 27 finished: start at FraudDetection.scala:66, took 0.534403 s
2025-11-09 03:24:26 [stream execution thread for [id = 7a53a007-fc5f-4b62-88f2-95a7e4acbf62, runId = 40354a01-ccb6-4dae-b705-87d59d863863]] INFO  o.a.s.s.e.d.v.WriteToDataSourceV2Exec - Data source write support MicroBatchWrite[epoch: 27, writer: ConsoleWriter[numRows=20, truncate=false]] is committing.
2025-11-09 03:24:26 [stream execution thread for [id = 7a53a007-fc5f-4b62-88f2-95a7e4acbf62, runId = 40354a01-ccb6-4dae-b705-87d59d863863]] INFO  o.a.s.s.e.d.v.WriteToDataSourceV2Exec - Data source write support MicroBatchWrite[epoch: 27, writer: ConsoleWriter[numRows=20, truncate=false]] committed.
2025-11-09 03:24:26 [stream execution thread for [id = 7a53a007-fc5f-4b62-88f2-95a7e4acbf62, runId = 40354a01-ccb6-4dae-b705-87d59d863863]] INFO  o.a.s.s.e.s.CheckpointFileManager - Writing atomically to file:/private/var/folders/d1/0lfypfw93vx8vhhstp40dlv40000gn/T/temporary-c0656fe9-68e0-4587-bcb3-94528327941d/commits/27 using temp file file:/private/var/folders/d1/0lfypfw93vx8vhhstp40dlv40000gn/T/temporary-c0656fe9-68e0-4587-bcb3-94528327941d/commits/.27.6b0e5d66-9007-4c0b-8a73-bec7c66f074a.tmp
2025-11-09 03:24:26 [stream execution thread for [id = 7a53a007-fc5f-4b62-88f2-95a7e4acbf62, runId = 40354a01-ccb6-4dae-b705-87d59d863863]] INFO  o.a.s.s.e.s.CheckpointFileManager - Renamed temp file file:/private/var/folders/d1/0lfypfw93vx8vhhstp40dlv40000gn/T/temporary-c0656fe9-68e0-4587-bcb3-94528327941d/commits/.27.6b0e5d66-9007-4c0b-8a73-bec7c66f074a.tmp to file:/private/var/folders/d1/0lfypfw93vx8vhhstp40dlv40000gn/T/temporary-c0656fe9-68e0-4587-bcb3-94528327941d/commits/27
2025-11-09 03:24:26 [stream execution thread for [id = 7a53a007-fc5f-4b62-88f2-95a7e4acbf62, runId = 40354a01-ccb6-4dae-b705-87d59d863863]] INFO  o.a.s.s.e.s.MicroBatchExecution - Streaming query made progress: {
  "id" : "7a53a007-fc5f-4b62-88f2-95a7e4acbf62",
  "runId" : "40354a01-ccb6-4dae-b705-87d59d863863",
  "name" : null,
  "timestamp" : "2025-11-08T21:54:25.793Z",
  "batchId" : 27,
  "numInputRows" : 1,
  "inputRowsPerSecond" : 55.55555555555556,
  "processedRowsPerSecond" : 1.5037593984962405,
  "durationMs" : {
    "addBatch" : 563,
    "commitOffsets" : 53,
    "getBatch" : 0,
    "latestOffset" : 11,
    "queryPlanning" : 4,
    "triggerExecution" : 665,
    "walCommit" : 34
  },
  "stateOperators" : [ ],
  "sources" : [ {
    "description" : "KafkaV2[Subscribe[transactions]]",
    "startOffset" : {
      "transactions" : {
        "0" : 280
      }
    },
    "endOffset" : {
      "transactions" : {
        "0" : 281
      }
    },
    "latestOffset" : {
      "transactions" : {
        "0" : 281
      }
    },
    "numInputRows" : 1,
    "inputRowsPerSecond" : 55.55555555555556,
    "processedRowsPerSecond" : 1.5037593984962405,
    "metrics" : {
      "avgOffsetsBehindLatest" : "0.0",
      "maxOffsetsBehindLatest" : "0",
      "minOffsetsBehindLatest" : "0"
    }
  } ],
  "sink" : {
    "description" : "org.apache.spark.sql.execution.streaming.ConsoleTable$@6e4ae8d1",
    "numOutputRows" : 1
  }
}
2025-11-09 03:24:26 [stream execution thread for [id = 7a53a007-fc5f-4b62-88f2-95a7e4acbf62, runId = 40354a01-ccb6-4dae-b705-87d59d863863]] INFO  o.a.s.s.e.s.CheckpointFileManager - Writing atomically to file:/private/var/folders/d1/0lfypfw93vx8vhhstp40dlv40000gn/T/temporary-c0656fe9-68e0-4587-bcb3-94528327941d/offsets/28 using temp file file:/private/var/folders/d1/0lfypfw93vx8vhhstp40dlv40000gn/T/temporary-c0656fe9-68e0-4587-bcb3-94528327941d/offsets/.28.47333f51-32a2-49f7-ad0a-03d55bb0ad5b.tmp
2025-11-09 03:24:26 [stream execution thread for [id = 7a53a007-fc5f-4b62-88f2-95a7e4acbf62, runId = 40354a01-ccb6-4dae-b705-87d59d863863]] INFO  o.a.s.s.e.s.CheckpointFileManager - Renamed temp file file:/private/var/folders/d1/0lfypfw93vx8vhhstp40dlv40000gn/T/temporary-c0656fe9-68e0-4587-bcb3-94528327941d/offsets/.28.47333f51-32a2-49f7-ad0a-03d55bb0ad5b.tmp to file:/private/var/folders/d1/0lfypfw93vx8vhhstp40dlv40000gn/T/temporary-c0656fe9-68e0-4587-bcb3-94528327941d/offsets/28
2025-11-09 03:24:26 [stream execution thread for [id = 7a53a007-fc5f-4b62-88f2-95a7e4acbf62, runId = 40354a01-ccb6-4dae-b705-87d59d863863]] INFO  o.a.s.s.e.s.MicroBatchExecution - Committed offsets for batch 28. Metadata OffsetSeqMetadata(0,1762638866802,Map(spark.sql.streaming.stateStore.providerClass -> org.apache.spark.sql.execution.streaming.state.HDFSBackedStateStoreProvider, spark.sql.streaming.join.stateFormatVersion -> 2, spark.sql.streaming.stateStore.compression.codec -> lz4, spark.sql.streaming.stateStore.rocksdb.formatVersion -> 5, spark.sql.streaming.statefulOperator.useStrictDistribution -> true, spark.sql.streaming.flatMapGroupsWithState.stateFormatVersion -> 2, spark.sql.streaming.multipleWatermarkPolicy -> min, spark.sql.streaming.aggregation.stateFormatVersion -> 2, spark.sql.shuffle.partitions -> 200))
2025-11-09 03:24:26 [stream execution thread for [id = 7a53a007-fc5f-4b62-88f2-95a7e4acbf62, runId = 40354a01-ccb6-4dae-b705-87d59d863863]] INFO  o.a.s.s.k.KafkaOffsetReaderAdmin - Partitions added: Map()
2025-11-09 03:24:26 [stream execution thread for [id = 7a53a007-fc5f-4b62-88f2-95a7e4acbf62, runId = 40354a01-ccb6-4dae-b705-87d59d863863]] INFO  o.a.s.s.k.KafkaOffsetReaderAdmin - Partitions added: Map()
2025-11-09 03:24:26 [stream execution thread for [id = 7a53a007-fc5f-4b62-88f2-95a7e4acbf62, runId = 40354a01-ccb6-4dae-b705-87d59d863863]] INFO  o.a.s.s.k.KafkaOffsetReaderAdmin - Partitions added: Map()
2025-11-09 03:24:26 [stream execution thread for [id = 7a53a007-fc5f-4b62-88f2-95a7e4acbf62, runId = 40354a01-ccb6-4dae-b705-87d59d863863]] INFO  o.a.s.s.k.KafkaOffsetReaderAdmin - Partitions added: Map()
2025-11-09 03:24:26 [stream execution thread for [id = 7a53a007-fc5f-4b62-88f2-95a7e4acbf62, runId = 40354a01-ccb6-4dae-b705-87d59d863863]] INFO  o.a.s.s.k.KafkaOffsetReaderAdmin - Partitions added: Map()
2025-11-09 03:24:26 [stream execution thread for [id = 7a53a007-fc5f-4b62-88f2-95a7e4acbf62, runId = 40354a01-ccb6-4dae-b705-87d59d863863]] INFO  o.a.s.s.k.KafkaOffsetReaderAdmin - Partitions added: Map()
2025-11-09 03:24:26 [stream execution thread for [id = 7a53a007-fc5f-4b62-88f2-95a7e4acbf62, runId = 40354a01-ccb6-4dae-b705-87d59d863863]] INFO  o.a.s.s.e.d.v.WriteToDataSourceV2Exec - Start processing data source write support: MicroBatchWrite[epoch: 28, writer: ConsoleWriter[numRows=20, truncate=false]]. The input RDD has 1 partitions.
2025-11-09 03:24:26 [stream execution thread for [id = 7a53a007-fc5f-4b62-88f2-95a7e4acbf62, runId = 40354a01-ccb6-4dae-b705-87d59d863863]] INFO  org.apache.spark.SparkContext - Starting job: start at FraudDetection.scala:66
2025-11-09 03:24:26 [dag-scheduler-event-loop] INFO  o.a.spark.scheduler.DAGScheduler - Got job 28 (start at FraudDetection.scala:66) with 1 output partitions
2025-11-09 03:24:26 [dag-scheduler-event-loop] INFO  o.a.spark.scheduler.DAGScheduler - Final stage: ResultStage 28 (start at FraudDetection.scala:66)
2025-11-09 03:24:26 [dag-scheduler-event-loop] INFO  o.a.spark.scheduler.DAGScheduler - Parents of final stage: List()
2025-11-09 03:24:26 [dag-scheduler-event-loop] INFO  o.a.spark.scheduler.DAGScheduler - Missing parents: List()
2025-11-09 03:24:26 [dag-scheduler-event-loop] INFO  o.a.spark.scheduler.DAGScheduler - Submitting ResultStage 28 (MapPartitionsRDD[116] at start at FraudDetection.scala:66), which has no missing parents
2025-11-09 03:24:26 [dag-scheduler-event-loop] INFO  o.a.spark.storage.memory.MemoryStore - Block broadcast_28 stored as values in memory (estimated size 25.6 KiB, free 1048.6 MiB)
2025-11-09 03:24:26 [dag-scheduler-event-loop] INFO  o.a.spark.storage.memory.MemoryStore - Block broadcast_28_piece0 stored as bytes in memory (estimated size 11.8 KiB, free 1048.5 MiB)
2025-11-09 03:24:26 [dispatcher-BlockManagerMaster] INFO  o.a.spark.storage.BlockManagerInfo - Added broadcast_28_piece0 in memory on 127.0.0.1:51276 (size: 11.8 KiB, free: 1048.7 MiB)
2025-11-09 03:24:26 [dag-scheduler-event-loop] INFO  org.apache.spark.SparkContext - Created broadcast 28 from broadcast at DAGScheduler.scala:1535
2025-11-09 03:24:26 [dag-scheduler-event-loop] INFO  o.a.spark.scheduler.DAGScheduler - Submitting 1 missing tasks from ResultStage 28 (MapPartitionsRDD[116] at start at FraudDetection.scala:66) (first 15 tasks are for partitions Vector(0))
2025-11-09 03:24:26 [dag-scheduler-event-loop] INFO  o.a.s.scheduler.TaskSchedulerImpl - Adding task set 28.0 with 1 tasks resource profile 0
2025-11-09 03:24:26 [dispatcher-event-loop-2] INFO  o.a.spark.scheduler.TaskSetManager - Starting task 0.0 in stage 28.0 (TID 28) (192.168.1.6, executor driver, partition 0, PROCESS_LOCAL, 8476 bytes) 
2025-11-09 03:24:26 [Executor task launch worker for task 0.0 in stage 28.0 (TID 28)] INFO  org.apache.spark.executor.Executor - Running task 0.0 in stage 28.0 (TID 28)
2025-11-09 03:24:26 [Executor task launch worker for task 0.0 in stage 28.0 (TID 28)] INFO  o.a.k.clients.consumer.KafkaConsumer - [Consumer clientId=consumer-spark-kafka-source-598d9184-ff11-4c8f-b55c-e51776cc2079--2111622232-executor-1, groupId=spark-kafka-source-598d9184-ff11-4c8f-b55c-e51776cc2079--2111622232-executor] Seeking to offset 281 for partition transactions-0
2025-11-09 03:24:26 [Executor task launch worker for task 0.0 in stage 28.0 (TID 28)] INFO  o.a.k.c.c.i.SubscriptionState - [Consumer clientId=consumer-spark-kafka-source-598d9184-ff11-4c8f-b55c-e51776cc2079--2111622232-executor-1, groupId=spark-kafka-source-598d9184-ff11-4c8f-b55c-e51776cc2079--2111622232-executor] Seeking to earliest offset of partition transactions-0
2025-11-09 03:24:27 [Executor task launch worker for task 0.0 in stage 28.0 (TID 28)] INFO  o.a.k.c.c.i.SubscriptionState - [Consumer clientId=consumer-spark-kafka-source-598d9184-ff11-4c8f-b55c-e51776cc2079--2111622232-executor-1, groupId=spark-kafka-source-598d9184-ff11-4c8f-b55c-e51776cc2079--2111622232-executor] Resetting offset for partition transactions-0 to position FetchPosition{offset=0, offsetEpoch=Optional.empty, currentLeader=LeaderAndEpoch{leader=Optional[localhost:9092 (id: 1 rack: null)], epoch=0}}.
2025-11-09 03:24:27 [Executor task launch worker for task 0.0 in stage 28.0 (TID 28)] INFO  o.a.k.c.c.i.SubscriptionState - [Consumer clientId=consumer-spark-kafka-source-598d9184-ff11-4c8f-b55c-e51776cc2079--2111622232-executor-1, groupId=spark-kafka-source-598d9184-ff11-4c8f-b55c-e51776cc2079--2111622232-executor] Seeking to latest offset of partition transactions-0
2025-11-09 03:24:27 [Executor task launch worker for task 0.0 in stage 28.0 (TID 28)] INFO  o.a.k.c.c.i.SubscriptionState - [Consumer clientId=consumer-spark-kafka-source-598d9184-ff11-4c8f-b55c-e51776cc2079--2111622232-executor-1, groupId=spark-kafka-source-598d9184-ff11-4c8f-b55c-e51776cc2079--2111622232-executor] Resetting offset for partition transactions-0 to position FetchPosition{offset=282, offsetEpoch=Optional.empty, currentLeader=LeaderAndEpoch{leader=Optional[localhost:9092 (id: 1 rack: null)], epoch=0}}.
2025-11-09 03:24:27 [Executor task launch worker for task 0.0 in stage 28.0 (TID 28)] INFO  o.a.s.s.e.d.v2.DataWritingSparkTask - Commit authorized for partition 0 (task 28, attempt 0, stage 28.0)
2025-11-09 03:24:27 [Executor task launch worker for task 0.0 in stage 28.0 (TID 28)] INFO  o.a.s.s.e.d.v2.DataWritingSparkTask - Committed partition 0 (task 28, attempt 0, stage 28.0)
2025-11-09 03:24:27 [Executor task launch worker for task 0.0 in stage 28.0 (TID 28)] INFO  org.apache.spark.executor.Executor - Finished task 0.0 in stage 28.0 (TID 28). 2180 bytes result sent to driver
2025-11-09 03:24:27 [task-result-getter-0] INFO  o.a.spark.scheduler.TaskSetManager - Finished task 0.0 in stage 28.0 (TID 28) in 525 ms on 192.168.1.6 (executor driver) (1/1)
2025-11-09 03:24:27 [task-result-getter-0] INFO  o.a.s.scheduler.TaskSchedulerImpl - Removed TaskSet 28.0, whose tasks have all completed, from pool 
2025-11-09 03:24:27 [dag-scheduler-event-loop] INFO  o.a.spark.scheduler.DAGScheduler - ResultStage 28 (start at FraudDetection.scala:66) finished in 0.528 s
2025-11-09 03:24:27 [dag-scheduler-event-loop] INFO  o.a.spark.scheduler.DAGScheduler - Job 28 is finished. Cancelling potential speculative or zombie tasks for this job
2025-11-09 03:24:27 [dag-scheduler-event-loop] INFO  o.a.s.scheduler.TaskSchedulerImpl - Killing all running tasks in stage 28: Stage finished
2025-11-09 03:24:27 [stream execution thread for [id = 7a53a007-fc5f-4b62-88f2-95a7e4acbf62, runId = 40354a01-ccb6-4dae-b705-87d59d863863]] INFO  o.a.spark.scheduler.DAGScheduler - Job 28 finished: start at FraudDetection.scala:66, took 0.529991 s
2025-11-09 03:24:27 [stream execution thread for [id = 7a53a007-fc5f-4b62-88f2-95a7e4acbf62, runId = 40354a01-ccb6-4dae-b705-87d59d863863]] INFO  o.a.s.s.e.d.v.WriteToDataSourceV2Exec - Data source write support MicroBatchWrite[epoch: 28, writer: ConsoleWriter[numRows=20, truncate=false]] is committing.
2025-11-09 03:24:27 [stream execution thread for [id = 7a53a007-fc5f-4b62-88f2-95a7e4acbf62, runId = 40354a01-ccb6-4dae-b705-87d59d863863]] INFO  o.a.s.s.e.d.v.WriteToDataSourceV2Exec - Data source write support MicroBatchWrite[epoch: 28, writer: ConsoleWriter[numRows=20, truncate=false]] committed.
2025-11-09 03:24:27 [stream execution thread for [id = 7a53a007-fc5f-4b62-88f2-95a7e4acbf62, runId = 40354a01-ccb6-4dae-b705-87d59d863863]] INFO  o.a.s.s.e.s.CheckpointFileManager - Writing atomically to file:/private/var/folders/d1/0lfypfw93vx8vhhstp40dlv40000gn/T/temporary-c0656fe9-68e0-4587-bcb3-94528327941d/commits/28 using temp file file:/private/var/folders/d1/0lfypfw93vx8vhhstp40dlv40000gn/T/temporary-c0656fe9-68e0-4587-bcb3-94528327941d/commits/.28.8fc4d3d1-830a-4637-9e61-fc980ec55565.tmp
2025-11-09 03:24:27 [stream execution thread for [id = 7a53a007-fc5f-4b62-88f2-95a7e4acbf62, runId = 40354a01-ccb6-4dae-b705-87d59d863863]] INFO  o.a.s.s.e.s.CheckpointFileManager - Renamed temp file file:/private/var/folders/d1/0lfypfw93vx8vhhstp40dlv40000gn/T/temporary-c0656fe9-68e0-4587-bcb3-94528327941d/commits/.28.8fc4d3d1-830a-4637-9e61-fc980ec55565.tmp to file:/private/var/folders/d1/0lfypfw93vx8vhhstp40dlv40000gn/T/temporary-c0656fe9-68e0-4587-bcb3-94528327941d/commits/28
2025-11-09 03:24:27 [stream execution thread for [id = 7a53a007-fc5f-4b62-88f2-95a7e4acbf62, runId = 40354a01-ccb6-4dae-b705-87d59d863863]] INFO  o.a.s.s.e.s.MicroBatchExecution - Streaming query made progress: {
  "id" : "7a53a007-fc5f-4b62-88f2-95a7e4acbf62",
  "runId" : "40354a01-ccb6-4dae-b705-87d59d863863",
  "name" : null,
  "timestamp" : "2025-11-08T21:54:26.798Z",
  "batchId" : 28,
  "numInputRows" : 1,
  "inputRowsPerSecond" : 66.66666666666667,
  "processedRowsPerSecond" : 1.4903129657228018,
  "durationMs" : {
    "addBatch" : 559,
    "commitOffsets" : 51,
    "getBatch" : 0,
    "latestOffset" : 4,
    "queryPlanning" : 5,
    "triggerExecution" : 671,
    "walCommit" : 52
  },
  "stateOperators" : [ ],
  "sources" : [ {
    "description" : "KafkaV2[Subscribe[transactions]]",
    "startOffset" : {
      "transactions" : {
        "0" : 281
      }
    },
    "endOffset" : {
      "transactions" : {
        "0" : 282
      }
    },
    "latestOffset" : {
      "transactions" : {
        "0" : 282
      }
    },
    "numInputRows" : 1,
    "inputRowsPerSecond" : 66.66666666666667,
    "processedRowsPerSecond" : 1.4903129657228018,
    "metrics" : {
      "avgOffsetsBehindLatest" : "0.0",
      "maxOffsetsBehindLatest" : "0",
      "minOffsetsBehindLatest" : "0"
    }
  } ],
  "sink" : {
    "description" : "org.apache.spark.sql.execution.streaming.ConsoleTable$@6e4ae8d1",
    "numOutputRows" : 1
  }
}
2025-11-09 03:24:27 [stream execution thread for [id = 7a53a007-fc5f-4b62-88f2-95a7e4acbf62, runId = 40354a01-ccb6-4dae-b705-87d59d863863]] INFO  o.a.s.s.e.s.CheckpointFileManager - Writing atomically to file:/private/var/folders/d1/0lfypfw93vx8vhhstp40dlv40000gn/T/temporary-c0656fe9-68e0-4587-bcb3-94528327941d/offsets/29 using temp file file:/private/var/folders/d1/0lfypfw93vx8vhhstp40dlv40000gn/T/temporary-c0656fe9-68e0-4587-bcb3-94528327941d/offsets/.29.ea525c8d-6162-4f93-a50a-4f3c0adc6066.tmp
2025-11-09 03:24:27 [stream execution thread for [id = 7a53a007-fc5f-4b62-88f2-95a7e4acbf62, runId = 40354a01-ccb6-4dae-b705-87d59d863863]] INFO  o.a.s.s.e.s.CheckpointFileManager - Renamed temp file file:/private/var/folders/d1/0lfypfw93vx8vhhstp40dlv40000gn/T/temporary-c0656fe9-68e0-4587-bcb3-94528327941d/offsets/.29.ea525c8d-6162-4f93-a50a-4f3c0adc6066.tmp to file:/private/var/folders/d1/0lfypfw93vx8vhhstp40dlv40000gn/T/temporary-c0656fe9-68e0-4587-bcb3-94528327941d/offsets/29
2025-11-09 03:24:27 [stream execution thread for [id = 7a53a007-fc5f-4b62-88f2-95a7e4acbf62, runId = 40354a01-ccb6-4dae-b705-87d59d863863]] INFO  o.a.s.s.e.s.MicroBatchExecution - Committed offsets for batch 29. Metadata OffsetSeqMetadata(0,1762638867815,Map(spark.sql.streaming.stateStore.providerClass -> org.apache.spark.sql.execution.streaming.state.HDFSBackedStateStoreProvider, spark.sql.streaming.join.stateFormatVersion -> 2, spark.sql.streaming.stateStore.compression.codec -> lz4, spark.sql.streaming.stateStore.rocksdb.formatVersion -> 5, spark.sql.streaming.statefulOperator.useStrictDistribution -> true, spark.sql.streaming.flatMapGroupsWithState.stateFormatVersion -> 2, spark.sql.streaming.multipleWatermarkPolicy -> min, spark.sql.streaming.aggregation.stateFormatVersion -> 2, spark.sql.shuffle.partitions -> 200))
2025-11-09 03:24:27 [stream execution thread for [id = 7a53a007-fc5f-4b62-88f2-95a7e4acbf62, runId = 40354a01-ccb6-4dae-b705-87d59d863863]] INFO  o.a.s.s.k.KafkaOffsetReaderAdmin - Partitions added: Map()
2025-11-09 03:24:27 [stream execution thread for [id = 7a53a007-fc5f-4b62-88f2-95a7e4acbf62, runId = 40354a01-ccb6-4dae-b705-87d59d863863]] INFO  o.a.s.s.k.KafkaOffsetReaderAdmin - Partitions added: Map()
2025-11-09 03:24:27 [stream execution thread for [id = 7a53a007-fc5f-4b62-88f2-95a7e4acbf62, runId = 40354a01-ccb6-4dae-b705-87d59d863863]] INFO  o.a.s.s.k.KafkaOffsetReaderAdmin - Partitions added: Map()
2025-11-09 03:24:27 [stream execution thread for [id = 7a53a007-fc5f-4b62-88f2-95a7e4acbf62, runId = 40354a01-ccb6-4dae-b705-87d59d863863]] INFO  o.a.s.s.k.KafkaOffsetReaderAdmin - Partitions added: Map()
2025-11-09 03:24:27 [stream execution thread for [id = 7a53a007-fc5f-4b62-88f2-95a7e4acbf62, runId = 40354a01-ccb6-4dae-b705-87d59d863863]] INFO  o.a.s.s.k.KafkaOffsetReaderAdmin - Partitions added: Map()
2025-11-09 03:24:27 [stream execution thread for [id = 7a53a007-fc5f-4b62-88f2-95a7e4acbf62, runId = 40354a01-ccb6-4dae-b705-87d59d863863]] INFO  o.a.s.s.k.KafkaOffsetReaderAdmin - Partitions added: Map()
2025-11-09 03:24:27 [shutdownHook1] INFO  o.a.k.clients.producer.KafkaProducer - [Producer clientId=producer-1] Closing the Kafka producer with timeoutMillis = 9223372036854775807 ms.
2025-11-09 03:24:27 [stream execution thread for [id = 7a53a007-fc5f-4b62-88f2-95a7e4acbf62, runId = 40354a01-ccb6-4dae-b705-87d59d863863]] INFO  o.a.s.s.e.d.v.WriteToDataSourceV2Exec - Start processing data source write support: MicroBatchWrite[epoch: 29, writer: ConsoleWriter[numRows=20, truncate=false]]. The input RDD has 1 partitions.
2025-11-09 03:24:27 [stream execution thread for [id = 7a53a007-fc5f-4b62-88f2-95a7e4acbf62, runId = 40354a01-ccb6-4dae-b705-87d59d863863]] INFO  org.apache.spark.SparkContext - Starting job: start at FraudDetection.scala:66
2025-11-09 03:24:27 [dag-scheduler-event-loop] INFO  o.a.spark.scheduler.DAGScheduler - Got job 29 (start at FraudDetection.scala:66) with 1 output partitions
2025-11-09 03:24:27 [dag-scheduler-event-loop] INFO  o.a.spark.scheduler.DAGScheduler - Final stage: ResultStage 29 (start at FraudDetection.scala:66)
2025-11-09 03:24:27 [dag-scheduler-event-loop] INFO  o.a.spark.scheduler.DAGScheduler - Parents of final stage: List()
2025-11-09 03:24:27 [dag-scheduler-event-loop] INFO  o.a.spark.scheduler.DAGScheduler - Missing parents: List()
2025-11-09 03:24:27 [dag-scheduler-event-loop] INFO  o.a.spark.scheduler.DAGScheduler - Submitting ResultStage 29 (MapPartitionsRDD[120] at start at FraudDetection.scala:66), which has no missing parents
2025-11-09 03:24:27 [dag-scheduler-event-loop] INFO  o.a.spark.storage.memory.MemoryStore - Block broadcast_29 stored as values in memory (estimated size 25.6 KiB, free 1048.5 MiB)
2025-11-09 03:24:27 [shutdownHook1] INFO  o.a.kafka.common.metrics.Metrics - Metrics scheduler closed
2025-11-09 03:24:27 [shutdownHook1] INFO  o.a.kafka.common.metrics.Metrics - Closing reporter org.apache.kafka.common.metrics.JmxReporter
2025-11-09 03:24:27 [shutdownHook1] INFO  o.a.kafka.common.metrics.Metrics - Metrics reporters closed
2025-11-09 03:24:27 [dag-scheduler-event-loop] INFO  o.a.spark.storage.memory.MemoryStore - Block broadcast_29_piece0 stored as bytes in memory (estimated size 11.7 KiB, free 1048.5 MiB)
2025-11-09 03:24:27 [shutdownHook1] INFO  o.a.kafka.common.utils.AppInfoParser - App info kafka.producer for producer-1 unregistered
2025-11-09 03:24:27 [dispatcher-BlockManagerMaster] INFO  o.a.spark.storage.BlockManagerInfo - Added broadcast_29_piece0 in memory on 127.0.0.1:51276 (size: 11.7 KiB, free: 1048.7 MiB)
2025-11-09 03:24:27 [dag-scheduler-event-loop] INFO  org.apache.spark.SparkContext - Created broadcast 29 from broadcast at DAGScheduler.scala:1535
2025-11-09 03:24:27 [dag-scheduler-event-loop] INFO  o.a.spark.scheduler.DAGScheduler - Submitting 1 missing tasks from ResultStage 29 (MapPartitionsRDD[120] at start at FraudDetection.scala:66) (first 15 tasks are for partitions Vector(0))
2025-11-09 03:24:27 [dag-scheduler-event-loop] INFO  o.a.s.scheduler.TaskSchedulerImpl - Adding task set 29.0 with 1 tasks resource profile 0
2025-11-09 03:24:27 [dispatcher-event-loop-5] INFO  o.a.spark.scheduler.TaskSetManager - Starting task 0.0 in stage 29.0 (TID 29) (192.168.1.6, executor driver, partition 0, PROCESS_LOCAL, 8476 bytes) 
2025-11-09 03:24:27 [Executor task launch worker for task 0.0 in stage 29.0 (TID 29)] INFO  org.apache.spark.executor.Executor - Running task 0.0 in stage 29.0 (TID 29)
2025-11-09 03:24:27 [Executor task launch worker for task 0.0 in stage 29.0 (TID 29)] INFO  o.a.k.clients.consumer.KafkaConsumer - [Consumer clientId=consumer-spark-kafka-source-598d9184-ff11-4c8f-b55c-e51776cc2079--2111622232-executor-1, groupId=spark-kafka-source-598d9184-ff11-4c8f-b55c-e51776cc2079--2111622232-executor] Seeking to offset 282 for partition transactions-0
2025-11-09 03:24:27 [Executor task launch worker for task 0.0 in stage 29.0 (TID 29)] INFO  o.a.k.c.c.i.SubscriptionState - [Consumer clientId=consumer-spark-kafka-source-598d9184-ff11-4c8f-b55c-e51776cc2079--2111622232-executor-1, groupId=spark-kafka-source-598d9184-ff11-4c8f-b55c-e51776cc2079--2111622232-executor] Seeking to earliest offset of partition transactions-0
2025-11-09 03:24:28 [Executor task launch worker for task 0.0 in stage 29.0 (TID 29)] INFO  o.a.k.c.c.i.SubscriptionState - [Consumer clientId=consumer-spark-kafka-source-598d9184-ff11-4c8f-b55c-e51776cc2079--2111622232-executor-1, groupId=spark-kafka-source-598d9184-ff11-4c8f-b55c-e51776cc2079--2111622232-executor] Resetting offset for partition transactions-0 to position FetchPosition{offset=0, offsetEpoch=Optional.empty, currentLeader=LeaderAndEpoch{leader=Optional[localhost:9092 (id: 1 rack: null)], epoch=0}}.
2025-11-09 03:24:28 [Executor task launch worker for task 0.0 in stage 29.0 (TID 29)] INFO  o.a.k.c.c.i.SubscriptionState - [Consumer clientId=consumer-spark-kafka-source-598d9184-ff11-4c8f-b55c-e51776cc2079--2111622232-executor-1, groupId=spark-kafka-source-598d9184-ff11-4c8f-b55c-e51776cc2079--2111622232-executor] Seeking to latest offset of partition transactions-0
2025-11-09 03:24:28 [Executor task launch worker for task 0.0 in stage 29.0 (TID 29)] INFO  o.a.k.c.c.i.SubscriptionState - [Consumer clientId=consumer-spark-kafka-source-598d9184-ff11-4c8f-b55c-e51776cc2079--2111622232-executor-1, groupId=spark-kafka-source-598d9184-ff11-4c8f-b55c-e51776cc2079--2111622232-executor] Resetting offset for partition transactions-0 to position FetchPosition{offset=283, offsetEpoch=Optional.empty, currentLeader=LeaderAndEpoch{leader=Optional[localhost:9092 (id: 1 rack: null)], epoch=0}}.
2025-11-09 03:24:28 [Executor task launch worker for task 0.0 in stage 29.0 (TID 29)] INFO  o.a.s.s.e.d.v2.DataWritingSparkTask - Commit authorized for partition 0 (task 29, attempt 0, stage 29.0)
2025-11-09 03:24:28 [Executor task launch worker for task 0.0 in stage 29.0 (TID 29)] INFO  o.a.s.s.e.d.v2.DataWritingSparkTask - Committed partition 0 (task 29, attempt 0, stage 29.0)
2025-11-09 03:24:28 [Executor task launch worker for task 0.0 in stage 29.0 (TID 29)] INFO  org.apache.spark.executor.Executor - Finished task 0.0 in stage 29.0 (TID 29). 2180 bytes result sent to driver
2025-11-09 03:24:28 [task-result-getter-1] INFO  o.a.spark.scheduler.TaskSetManager - Finished task 0.0 in stage 29.0 (TID 29) in 533 ms on 192.168.1.6 (executor driver) (1/1)
2025-11-09 03:24:28 [task-result-getter-1] INFO  o.a.s.scheduler.TaskSchedulerImpl - Removed TaskSet 29.0, whose tasks have all completed, from pool 
2025-11-09 03:24:28 [dag-scheduler-event-loop] INFO  o.a.spark.scheduler.DAGScheduler - ResultStage 29 (start at FraudDetection.scala:66) finished in 0.538 s
2025-11-09 03:24:28 [dag-scheduler-event-loop] INFO  o.a.spark.scheduler.DAGScheduler - Job 29 is finished. Cancelling potential speculative or zombie tasks for this job
2025-11-09 03:24:28 [dag-scheduler-event-loop] INFO  o.a.s.scheduler.TaskSchedulerImpl - Killing all running tasks in stage 29: Stage finished
2025-11-09 03:24:28 [stream execution thread for [id = 7a53a007-fc5f-4b62-88f2-95a7e4acbf62, runId = 40354a01-ccb6-4dae-b705-87d59d863863]] INFO  o.a.spark.scheduler.DAGScheduler - Job 29 finished: start at FraudDetection.scala:66, took 0.541120 s
2025-11-09 03:24:28 [stream execution thread for [id = 7a53a007-fc5f-4b62-88f2-95a7e4acbf62, runId = 40354a01-ccb6-4dae-b705-87d59d863863]] INFO  o.a.s.s.e.d.v.WriteToDataSourceV2Exec - Data source write support MicroBatchWrite[epoch: 29, writer: ConsoleWriter[numRows=20, truncate=false]] is committing.
2025-11-09 03:24:28 [stream execution thread for [id = 7a53a007-fc5f-4b62-88f2-95a7e4acbf62, runId = 40354a01-ccb6-4dae-b705-87d59d863863]] INFO  o.a.s.s.e.d.v.WriteToDataSourceV2Exec - Data source write support MicroBatchWrite[epoch: 29, writer: ConsoleWriter[numRows=20, truncate=false]] committed.
2025-11-09 03:24:28 [stream execution thread for [id = 7a53a007-fc5f-4b62-88f2-95a7e4acbf62, runId = 40354a01-ccb6-4dae-b705-87d59d863863]] INFO  o.a.s.s.e.s.CheckpointFileManager - Writing atomically to file:/private/var/folders/d1/0lfypfw93vx8vhhstp40dlv40000gn/T/temporary-c0656fe9-68e0-4587-bcb3-94528327941d/commits/29 using temp file file:/private/var/folders/d1/0lfypfw93vx8vhhstp40dlv40000gn/T/temporary-c0656fe9-68e0-4587-bcb3-94528327941d/commits/.29.69d0beba-c0f7-4a60-b513-95c111185a71.tmp
2025-11-09 03:24:28 [stream execution thread for [id = 7a53a007-fc5f-4b62-88f2-95a7e4acbf62, runId = 40354a01-ccb6-4dae-b705-87d59d863863]] INFO  o.a.s.s.e.s.CheckpointFileManager - Renamed temp file file:/private/var/folders/d1/0lfypfw93vx8vhhstp40dlv40000gn/T/temporary-c0656fe9-68e0-4587-bcb3-94528327941d/commits/.29.69d0beba-c0f7-4a60-b513-95c111185a71.tmp to file:/private/var/folders/d1/0lfypfw93vx8vhhstp40dlv40000gn/T/temporary-c0656fe9-68e0-4587-bcb3-94528327941d/commits/29
2025-11-09 03:24:28 [stream execution thread for [id = 7a53a007-fc5f-4b62-88f2-95a7e4acbf62, runId = 40354a01-ccb6-4dae-b705-87d59d863863]] INFO  o.a.s.s.e.s.MicroBatchExecution - Streaming query made progress: {
  "id" : "7a53a007-fc5f-4b62-88f2-95a7e4acbf62",
  "runId" : "40354a01-ccb6-4dae-b705-87d59d863863",
  "name" : null,
  "timestamp" : "2025-11-08T21:54:27.811Z",
  "batchId" : 29,
  "numInputRows" : 1,
  "inputRowsPerSecond" : 58.8235294117647,
  "processedRowsPerSecond" : 1.4792899408284024,
  "durationMs" : {
    "addBatch" : 574,
    "commitOffsets" : 55,
    "getBatch" : 0,
    "latestOffset" : 4,
    "queryPlanning" : 5,
    "triggerExecution" : 676,
    "walCommit" : 38
  },
  "stateOperators" : [ ],
  "sources" : [ {
    "description" : "KafkaV2[Subscribe[transactions]]",
    "startOffset" : {
      "transactions" : {
        "0" : 282
      }
    },
    "endOffset" : {
      "transactions" : {
        "0" : 283
      }
    },
    "latestOffset" : {
      "transactions" : {
        "0" : 283
      }
    },
    "numInputRows" : 1,
    "inputRowsPerSecond" : 58.8235294117647,
    "processedRowsPerSecond" : 1.4792899408284024,
    "metrics" : {
      "avgOffsetsBehindLatest" : "0.0",
      "maxOffsetsBehindLatest" : "0",
      "minOffsetsBehindLatest" : "0"
    }
  } ],
  "sink" : {
    "description" : "org.apache.spark.sql.execution.streaming.ConsoleTable$@6e4ae8d1",
    "numOutputRows" : 1
  }
}
2025-11-09 03:24:32 [dispatcher-BlockManagerMaster] INFO  o.a.spark.storage.BlockManagerInfo - Removed broadcast_24_piece0 on 127.0.0.1:51276 in memory (size: 11.8 KiB, free: 1048.7 MiB)
2025-11-09 03:24:32 [dispatcher-BlockManagerMaster] INFO  o.a.spark.storage.BlockManagerInfo - Removed broadcast_23_piece0 on 127.0.0.1:51276 in memory (size: 11.8 KiB, free: 1048.7 MiB)
2025-11-09 03:24:32 [dispatcher-BlockManagerMaster] INFO  o.a.spark.storage.BlockManagerInfo - Removed broadcast_25_piece0 on 127.0.0.1:51276 in memory (size: 11.8 KiB, free: 1048.7 MiB)
2025-11-09 03:24:32 [dispatcher-BlockManagerMaster] INFO  o.a.spark.storage.BlockManagerInfo - Removed broadcast_27_piece0 on 127.0.0.1:51276 in memory (size: 11.7 KiB, free: 1048.8 MiB)
2025-11-09 03:24:32 [dispatcher-BlockManagerMaster] INFO  o.a.spark.storage.BlockManagerInfo - Removed broadcast_28_piece0 on 127.0.0.1:51276 in memory (size: 11.8 KiB, free: 1048.8 MiB)
2025-11-09 03:24:32 [dispatcher-BlockManagerMaster] INFO  o.a.spark.storage.BlockManagerInfo - Removed broadcast_29_piece0 on 127.0.0.1:51276 in memory (size: 11.7 KiB, free: 1048.8 MiB)
2025-11-09 03:24:32 [dispatcher-BlockManagerMaster] INFO  o.a.spark.storage.BlockManagerInfo - Removed broadcast_26_piece0 on 127.0.0.1:51276 in memory (size: 11.8 KiB, free: 1048.8 MiB)
2025-11-09 03:24:32 [dispatcher-BlockManagerMaster] INFO  o.a.spark.storage.BlockManagerInfo - Removed broadcast_22_piece0 on 127.0.0.1:51276 in memory (size: 11.8 KiB, free: 1048.8 MiB)
2025-11-09 03:24:38 [stream execution thread for [id = 7a53a007-fc5f-4b62-88f2-95a7e4acbf62, runId = 40354a01-ccb6-4dae-b705-87d59d863863]] INFO  o.a.s.s.e.s.MicroBatchExecution - Streaming query made progress: {
  "id" : "7a53a007-fc5f-4b62-88f2-95a7e4acbf62",
  "runId" : "40354a01-ccb6-4dae-b705-87d59d863863",
  "name" : null,
  "timestamp" : "2025-11-08T21:54:38.496Z",
  "batchId" : 30,
  "numInputRows" : 0,
  "inputRowsPerSecond" : 0.0,
  "processedRowsPerSecond" : 0.0,
  "durationMs" : {
    "latestOffset" : 4,
    "triggerExecution" : 4
  },
  "stateOperators" : [ ],
  "sources" : [ {
    "description" : "KafkaV2[Subscribe[transactions]]",
    "startOffset" : {
      "transactions" : {
        "0" : 283
      }
    },
    "endOffset" : {
      "transactions" : {
        "0" : 283
      }
    },
    "latestOffset" : {
      "transactions" : {
        "0" : 283
      }
    },
    "numInputRows" : 0,
    "inputRowsPerSecond" : 0.0,
    "processedRowsPerSecond" : 0.0,
    "metrics" : {
      "avgOffsetsBehindLatest" : "0.0",
      "maxOffsetsBehindLatest" : "0",
      "minOffsetsBehindLatest" : "0"
    }
  } ],
  "sink" : {
    "description" : "org.apache.spark.sql.execution.streaming.ConsoleTable$@6e4ae8d1",
    "numOutputRows" : 0
  }
}
2025-11-09 03:24:48 [stream execution thread for [id = 7a53a007-fc5f-4b62-88f2-95a7e4acbf62, runId = 40354a01-ccb6-4dae-b705-87d59d863863]] INFO  o.a.s.s.e.s.MicroBatchExecution - Streaming query made progress: {
  "id" : "7a53a007-fc5f-4b62-88f2-95a7e4acbf62",
  "runId" : "40354a01-ccb6-4dae-b705-87d59d863863",
  "name" : null,
  "timestamp" : "2025-11-08T21:54:48.501Z",
  "batchId" : 30,
  "numInputRows" : 0,
  "inputRowsPerSecond" : 0.0,
  "processedRowsPerSecond" : 0.0,
  "durationMs" : {
    "latestOffset" : 4,
    "triggerExecution" : 4
  },
  "stateOperators" : [ ],
  "sources" : [ {
    "description" : "KafkaV2[Subscribe[transactions]]",
    "startOffset" : {
      "transactions" : {
        "0" : 283
      }
    },
    "endOffset" : {
      "transactions" : {
        "0" : 283
      }
    },
    "latestOffset" : {
      "transactions" : {
        "0" : 283
      }
    },
    "numInputRows" : 0,
    "inputRowsPerSecond" : 0.0,
    "processedRowsPerSecond" : 0.0,
    "metrics" : {
      "avgOffsetsBehindLatest" : "0.0",
      "maxOffsetsBehindLatest" : "0",
      "minOffsetsBehindLatest" : "0"
    }
  } ],
  "sink" : {
    "description" : "org.apache.spark.sql.execution.streaming.ConsoleTable$@6e4ae8d1",
    "numOutputRows" : 0
  }
}
2025-11-09 03:24:58 [stream execution thread for [id = 7a53a007-fc5f-4b62-88f2-95a7e4acbf62, runId = 40354a01-ccb6-4dae-b705-87d59d863863]] INFO  o.a.s.s.e.s.MicroBatchExecution - Streaming query made progress: {
  "id" : "7a53a007-fc5f-4b62-88f2-95a7e4acbf62",
  "runId" : "40354a01-ccb6-4dae-b705-87d59d863863",
  "name" : null,
  "timestamp" : "2025-11-08T21:54:58.512Z",
  "batchId" : 30,
  "numInputRows" : 0,
  "inputRowsPerSecond" : 0.0,
  "processedRowsPerSecond" : 0.0,
  "durationMs" : {
    "latestOffset" : 4,
    "triggerExecution" : 4
  },
  "stateOperators" : [ ],
  "sources" : [ {
    "description" : "KafkaV2[Subscribe[transactions]]",
    "startOffset" : {
      "transactions" : {
        "0" : 283
      }
    },
    "endOffset" : {
      "transactions" : {
        "0" : 283
      }
    },
    "latestOffset" : {
      "transactions" : {
        "0" : 283
      }
    },
    "numInputRows" : 0,
    "inputRowsPerSecond" : 0.0,
    "processedRowsPerSecond" : 0.0,
    "metrics" : {
      "avgOffsetsBehindLatest" : "0.0",
      "maxOffsetsBehindLatest" : "0",
      "minOffsetsBehindLatest" : "0"
    }
  } ],
  "sink" : {
    "description" : "org.apache.spark.sql.execution.streaming.ConsoleTable$@6e4ae8d1",
    "numOutputRows" : 0
  }
}
2025-11-09 03:25:08 [stream execution thread for [id = 7a53a007-fc5f-4b62-88f2-95a7e4acbf62, runId = 40354a01-ccb6-4dae-b705-87d59d863863]] INFO  o.a.s.s.e.s.MicroBatchExecution - Streaming query made progress: {
  "id" : "7a53a007-fc5f-4b62-88f2-95a7e4acbf62",
  "runId" : "40354a01-ccb6-4dae-b705-87d59d863863",
  "name" : null,
  "timestamp" : "2025-11-08T21:55:08.521Z",
  "batchId" : 30,
  "numInputRows" : 0,
  "inputRowsPerSecond" : 0.0,
  "processedRowsPerSecond" : 0.0,
  "durationMs" : {
    "latestOffset" : 3,
    "triggerExecution" : 3
  },
  "stateOperators" : [ ],
  "sources" : [ {
    "description" : "KafkaV2[Subscribe[transactions]]",
    "startOffset" : {
      "transactions" : {
        "0" : 283
      }
    },
    "endOffset" : {
      "transactions" : {
        "0" : 283
      }
    },
    "latestOffset" : {
      "transactions" : {
        "0" : 283
      }
    },
    "numInputRows" : 0,
    "inputRowsPerSecond" : 0.0,
    "processedRowsPerSecond" : 0.0,
    "metrics" : {
      "avgOffsetsBehindLatest" : "0.0",
      "maxOffsetsBehindLatest" : "0",
      "minOffsetsBehindLatest" : "0"
    }
  } ],
  "sink" : {
    "description" : "org.apache.spark.sql.execution.streaming.ConsoleTable$@6e4ae8d1",
    "numOutputRows" : 0
  }
}
2025-11-09 03:25:18 [stream execution thread for [id = 7a53a007-fc5f-4b62-88f2-95a7e4acbf62, runId = 40354a01-ccb6-4dae-b705-87d59d863863]] INFO  o.a.s.s.e.s.MicroBatchExecution - Streaming query made progress: {
  "id" : "7a53a007-fc5f-4b62-88f2-95a7e4acbf62",
  "runId" : "40354a01-ccb6-4dae-b705-87d59d863863",
  "name" : null,
  "timestamp" : "2025-11-08T21:55:18.526Z",
  "batchId" : 30,
  "numInputRows" : 0,
  "inputRowsPerSecond" : 0.0,
  "processedRowsPerSecond" : 0.0,
  "durationMs" : {
    "latestOffset" : 3,
    "triggerExecution" : 3
  },
  "stateOperators" : [ ],
  "sources" : [ {
    "description" : "KafkaV2[Subscribe[transactions]]",
    "startOffset" : {
      "transactions" : {
        "0" : 283
      }
    },
    "endOffset" : {
      "transactions" : {
        "0" : 283
      }
    },
    "latestOffset" : {
      "transactions" : {
        "0" : 283
      }
    },
    "numInputRows" : 0,
    "inputRowsPerSecond" : 0.0,
    "processedRowsPerSecond" : 0.0,
    "metrics" : {
      "avgOffsetsBehindLatest" : "0.0",
      "maxOffsetsBehindLatest" : "0",
      "minOffsetsBehindLatest" : "0"
    }
  } ],
  "sink" : {
    "description" : "org.apache.spark.sql.execution.streaming.ConsoleTable$@6e4ae8d1",
    "numOutputRows" : 0
  }
}
2025-11-09 03:25:28 [stream execution thread for [id = 7a53a007-fc5f-4b62-88f2-95a7e4acbf62, runId = 40354a01-ccb6-4dae-b705-87d59d863863]] INFO  o.a.s.s.e.s.MicroBatchExecution - Streaming query made progress: {
  "id" : "7a53a007-fc5f-4b62-88f2-95a7e4acbf62",
  "runId" : "40354a01-ccb6-4dae-b705-87d59d863863",
  "name" : null,
  "timestamp" : "2025-11-08T21:55:28.539Z",
  "batchId" : 30,
  "numInputRows" : 0,
  "inputRowsPerSecond" : 0.0,
  "processedRowsPerSecond" : 0.0,
  "durationMs" : {
    "latestOffset" : 3,
    "triggerExecution" : 3
  },
  "stateOperators" : [ ],
  "sources" : [ {
    "description" : "KafkaV2[Subscribe[transactions]]",
    "startOffset" : {
      "transactions" : {
        "0" : 283
      }
    },
    "endOffset" : {
      "transactions" : {
        "0" : 283
      }
    },
    "latestOffset" : {
      "transactions" : {
        "0" : 283
      }
    },
    "numInputRows" : 0,
    "inputRowsPerSecond" : 0.0,
    "processedRowsPerSecond" : 0.0,
    "metrics" : {
      "avgOffsetsBehindLatest" : "0.0",
      "maxOffsetsBehindLatest" : "0",
      "minOffsetsBehindLatest" : "0"
    }
  } ],
  "sink" : {
    "description" : "org.apache.spark.sql.execution.streaming.ConsoleTable$@6e4ae8d1",
    "numOutputRows" : 0
  }
}
2025-11-09 03:25:38 [stream execution thread for [id = 7a53a007-fc5f-4b62-88f2-95a7e4acbf62, runId = 40354a01-ccb6-4dae-b705-87d59d863863]] INFO  o.a.s.s.e.s.MicroBatchExecution - Streaming query made progress: {
  "id" : "7a53a007-fc5f-4b62-88f2-95a7e4acbf62",
  "runId" : "40354a01-ccb6-4dae-b705-87d59d863863",
  "name" : null,
  "timestamp" : "2025-11-08T21:55:38.553Z",
  "batchId" : 30,
  "numInputRows" : 0,
  "inputRowsPerSecond" : 0.0,
  "processedRowsPerSecond" : 0.0,
  "durationMs" : {
    "latestOffset" : 3,
    "triggerExecution" : 3
  },
  "stateOperators" : [ ],
  "sources" : [ {
    "description" : "KafkaV2[Subscribe[transactions]]",
    "startOffset" : {
      "transactions" : {
        "0" : 283
      }
    },
    "endOffset" : {
      "transactions" : {
        "0" : 283
      }
    },
    "latestOffset" : {
      "transactions" : {
        "0" : 283
      }
    },
    "numInputRows" : 0,
    "inputRowsPerSecond" : 0.0,
    "processedRowsPerSecond" : 0.0,
    "metrics" : {
      "avgOffsetsBehindLatest" : "0.0",
      "maxOffsetsBehindLatest" : "0",
      "minOffsetsBehindLatest" : "0"
    }
  } ],
  "sink" : {
    "description" : "org.apache.spark.sql.execution.streaming.ConsoleTable$@6e4ae8d1",
    "numOutputRows" : 0
  }
}
2025-11-09 03:25:48 [stream execution thread for [id = 7a53a007-fc5f-4b62-88f2-95a7e4acbf62, runId = 40354a01-ccb6-4dae-b705-87d59d863863]] INFO  o.a.s.s.e.s.MicroBatchExecution - Streaming query made progress: {
  "id" : "7a53a007-fc5f-4b62-88f2-95a7e4acbf62",
  "runId" : "40354a01-ccb6-4dae-b705-87d59d863863",
  "name" : null,
  "timestamp" : "2025-11-08T21:55:48.567Z",
  "batchId" : 30,
  "numInputRows" : 0,
  "inputRowsPerSecond" : 0.0,
  "processedRowsPerSecond" : 0.0,
  "durationMs" : {
    "latestOffset" : 3,
    "triggerExecution" : 3
  },
  "stateOperators" : [ ],
  "sources" : [ {
    "description" : "KafkaV2[Subscribe[transactions]]",
    "startOffset" : {
      "transactions" : {
        "0" : 283
      }
    },
    "endOffset" : {
      "transactions" : {
        "0" : 283
      }
    },
    "latestOffset" : {
      "transactions" : {
        "0" : 283
      }
    },
    "numInputRows" : 0,
    "inputRowsPerSecond" : 0.0,
    "processedRowsPerSecond" : 0.0,
    "metrics" : {
      "avgOffsetsBehindLatest" : "0.0",
      "maxOffsetsBehindLatest" : "0",
      "minOffsetsBehindLatest" : "0"
    }
  } ],
  "sink" : {
    "description" : "org.apache.spark.sql.execution.streaming.ConsoleTable$@6e4ae8d1",
    "numOutputRows" : 0
  }
}
2025-11-09 03:25:58 [stream execution thread for [id = 7a53a007-fc5f-4b62-88f2-95a7e4acbf62, runId = 40354a01-ccb6-4dae-b705-87d59d863863]] INFO  o.a.s.s.e.s.MicroBatchExecution - Streaming query made progress: {
  "id" : "7a53a007-fc5f-4b62-88f2-95a7e4acbf62",
  "runId" : "40354a01-ccb6-4dae-b705-87d59d863863",
  "name" : null,
  "timestamp" : "2025-11-08T21:55:58.573Z",
  "batchId" : 30,
  "numInputRows" : 0,
  "inputRowsPerSecond" : 0.0,
  "processedRowsPerSecond" : 0.0,
  "durationMs" : {
    "latestOffset" : 3,
    "triggerExecution" : 3
  },
  "stateOperators" : [ ],
  "sources" : [ {
    "description" : "KafkaV2[Subscribe[transactions]]",
    "startOffset" : {
      "transactions" : {
        "0" : 283
      }
    },
    "endOffset" : {
      "transactions" : {
        "0" : 283
      }
    },
    "latestOffset" : {
      "transactions" : {
        "0" : 283
      }
    },
    "numInputRows" : 0,
    "inputRowsPerSecond" : 0.0,
    "processedRowsPerSecond" : 0.0,
    "metrics" : {
      "avgOffsetsBehindLatest" : "0.0",
      "maxOffsetsBehindLatest" : "0",
      "minOffsetsBehindLatest" : "0"
    }
  } ],
  "sink" : {
    "description" : "org.apache.spark.sql.execution.streaming.ConsoleTable$@6e4ae8d1",
    "numOutputRows" : 0
  }
}
2025-11-09 03:26:08 [stream execution thread for [id = 7a53a007-fc5f-4b62-88f2-95a7e4acbf62, runId = 40354a01-ccb6-4dae-b705-87d59d863863]] INFO  o.a.s.s.e.s.MicroBatchExecution - Streaming query made progress: {
  "id" : "7a53a007-fc5f-4b62-88f2-95a7e4acbf62",
  "runId" : "40354a01-ccb6-4dae-b705-87d59d863863",
  "name" : null,
  "timestamp" : "2025-11-08T21:56:08.578Z",
  "batchId" : 30,
  "numInputRows" : 0,
  "inputRowsPerSecond" : 0.0,
  "processedRowsPerSecond" : 0.0,
  "durationMs" : {
    "latestOffset" : 3,
    "triggerExecution" : 3
  },
  "stateOperators" : [ ],
  "sources" : [ {
    "description" : "KafkaV2[Subscribe[transactions]]",
    "startOffset" : {
      "transactions" : {
        "0" : 283
      }
    },
    "endOffset" : {
      "transactions" : {
        "0" : 283
      }
    },
    "latestOffset" : {
      "transactions" : {
        "0" : 283
      }
    },
    "numInputRows" : 0,
    "inputRowsPerSecond" : 0.0,
    "processedRowsPerSecond" : 0.0,
    "metrics" : {
      "avgOffsetsBehindLatest" : "0.0",
      "maxOffsetsBehindLatest" : "0",
      "minOffsetsBehindLatest" : "0"
    }
  } ],
  "sink" : {
    "description" : "org.apache.spark.sql.execution.streaming.ConsoleTable$@6e4ae8d1",
    "numOutputRows" : 0
  }
}
2025-11-09 03:26:18 [stream execution thread for [id = 7a53a007-fc5f-4b62-88f2-95a7e4acbf62, runId = 40354a01-ccb6-4dae-b705-87d59d863863]] INFO  o.a.s.s.e.s.MicroBatchExecution - Streaming query made progress: {
  "id" : "7a53a007-fc5f-4b62-88f2-95a7e4acbf62",
  "runId" : "40354a01-ccb6-4dae-b705-87d59d863863",
  "name" : null,
  "timestamp" : "2025-11-08T21:56:18.579Z",
  "batchId" : 30,
  "numInputRows" : 0,
  "inputRowsPerSecond" : 0.0,
  "processedRowsPerSecond" : 0.0,
  "durationMs" : {
    "latestOffset" : 3,
    "triggerExecution" : 3
  },
  "stateOperators" : [ ],
  "sources" : [ {
    "description" : "KafkaV2[Subscribe[transactions]]",
    "startOffset" : {
      "transactions" : {
        "0" : 283
      }
    },
    "endOffset" : {
      "transactions" : {
        "0" : 283
      }
    },
    "latestOffset" : {
      "transactions" : {
        "0" : 283
      }
    },
    "numInputRows" : 0,
    "inputRowsPerSecond" : 0.0,
    "processedRowsPerSecond" : 0.0,
    "metrics" : {
      "avgOffsetsBehindLatest" : "0.0",
      "maxOffsetsBehindLatest" : "0",
      "minOffsetsBehindLatest" : "0"
    }
  } ],
  "sink" : {
    "description" : "org.apache.spark.sql.execution.streaming.ConsoleTable$@6e4ae8d1",
    "numOutputRows" : 0
  }
}
2025-11-09 03:26:28 [stream execution thread for [id = 7a53a007-fc5f-4b62-88f2-95a7e4acbf62, runId = 40354a01-ccb6-4dae-b705-87d59d863863]] INFO  o.a.s.s.e.s.MicroBatchExecution - Streaming query made progress: {
  "id" : "7a53a007-fc5f-4b62-88f2-95a7e4acbf62",
  "runId" : "40354a01-ccb6-4dae-b705-87d59d863863",
  "name" : null,
  "timestamp" : "2025-11-08T21:56:28.579Z",
  "batchId" : 30,
  "numInputRows" : 0,
  "inputRowsPerSecond" : 0.0,
  "processedRowsPerSecond" : 0.0,
  "durationMs" : {
    "latestOffset" : 3,
    "triggerExecution" : 3
  },
  "stateOperators" : [ ],
  "sources" : [ {
    "description" : "KafkaV2[Subscribe[transactions]]",
    "startOffset" : {
      "transactions" : {
        "0" : 283
      }
    },
    "endOffset" : {
      "transactions" : {
        "0" : 283
      }
    },
    "latestOffset" : {
      "transactions" : {
        "0" : 283
      }
    },
    "numInputRows" : 0,
    "inputRowsPerSecond" : 0.0,
    "processedRowsPerSecond" : 0.0,
    "metrics" : {
      "avgOffsetsBehindLatest" : "0.0",
      "maxOffsetsBehindLatest" : "0",
      "minOffsetsBehindLatest" : "0"
    }
  } ],
  "sink" : {
    "description" : "org.apache.spark.sql.execution.streaming.ConsoleTable$@6e4ae8d1",
    "numOutputRows" : 0
  }
}
2025-11-09 03:26:38 [stream execution thread for [id = 7a53a007-fc5f-4b62-88f2-95a7e4acbf62, runId = 40354a01-ccb6-4dae-b705-87d59d863863]] INFO  o.a.s.s.e.s.MicroBatchExecution - Streaming query made progress: {
  "id" : "7a53a007-fc5f-4b62-88f2-95a7e4acbf62",
  "runId" : "40354a01-ccb6-4dae-b705-87d59d863863",
  "name" : null,
  "timestamp" : "2025-11-08T21:56:38.590Z",
  "batchId" : 30,
  "numInputRows" : 0,
  "inputRowsPerSecond" : 0.0,
  "processedRowsPerSecond" : 0.0,
  "durationMs" : {
    "latestOffset" : 3,
    "triggerExecution" : 3
  },
  "stateOperators" : [ ],
  "sources" : [ {
    "description" : "KafkaV2[Subscribe[transactions]]",
    "startOffset" : {
      "transactions" : {
        "0" : 283
      }
    },
    "endOffset" : {
      "transactions" : {
        "0" : 283
      }
    },
    "latestOffset" : {
      "transactions" : {
        "0" : 283
      }
    },
    "numInputRows" : 0,
    "inputRowsPerSecond" : 0.0,
    "processedRowsPerSecond" : 0.0,
    "metrics" : {
      "avgOffsetsBehindLatest" : "0.0",
      "maxOffsetsBehindLatest" : "0",
      "minOffsetsBehindLatest" : "0"
    }
  } ],
  "sink" : {
    "description" : "org.apache.spark.sql.execution.streaming.ConsoleTable$@6e4ae8d1",
    "numOutputRows" : 0
  }
}
2025-11-09 03:26:48 [stream execution thread for [id = 7a53a007-fc5f-4b62-88f2-95a7e4acbf62, runId = 40354a01-ccb6-4dae-b705-87d59d863863]] INFO  o.a.s.s.e.s.MicroBatchExecution - Streaming query made progress: {
  "id" : "7a53a007-fc5f-4b62-88f2-95a7e4acbf62",
  "runId" : "40354a01-ccb6-4dae-b705-87d59d863863",
  "name" : null,
  "timestamp" : "2025-11-08T21:56:48.601Z",
  "batchId" : 30,
  "numInputRows" : 0,
  "inputRowsPerSecond" : 0.0,
  "processedRowsPerSecond" : 0.0,
  "durationMs" : {
    "latestOffset" : 3,
    "triggerExecution" : 3
  },
  "stateOperators" : [ ],
  "sources" : [ {
    "description" : "KafkaV2[Subscribe[transactions]]",
    "startOffset" : {
      "transactions" : {
        "0" : 283
      }
    },
    "endOffset" : {
      "transactions" : {
        "0" : 283
      }
    },
    "latestOffset" : {
      "transactions" : {
        "0" : 283
      }
    },
    "numInputRows" : 0,
    "inputRowsPerSecond" : 0.0,
    "processedRowsPerSecond" : 0.0,
    "metrics" : {
      "avgOffsetsBehindLatest" : "0.0",
      "maxOffsetsBehindLatest" : "0",
      "minOffsetsBehindLatest" : "0"
    }
  } ],
  "sink" : {
    "description" : "org.apache.spark.sql.execution.streaming.ConsoleTable$@6e4ae8d1",
    "numOutputRows" : 0
  }
}
2025-11-09 03:26:58 [stream execution thread for [id = 7a53a007-fc5f-4b62-88f2-95a7e4acbf62, runId = 40354a01-ccb6-4dae-b705-87d59d863863]] INFO  o.a.s.s.e.s.MicroBatchExecution - Streaming query made progress: {
  "id" : "7a53a007-fc5f-4b62-88f2-95a7e4acbf62",
  "runId" : "40354a01-ccb6-4dae-b705-87d59d863863",
  "name" : null,
  "timestamp" : "2025-11-08T21:56:58.611Z",
  "batchId" : 30,
  "numInputRows" : 0,
  "inputRowsPerSecond" : 0.0,
  "processedRowsPerSecond" : 0.0,
  "durationMs" : {
    "latestOffset" : 2,
    "triggerExecution" : 2
  },
  "stateOperators" : [ ],
  "sources" : [ {
    "description" : "KafkaV2[Subscribe[transactions]]",
    "startOffset" : {
      "transactions" : {
        "0" : 283
      }
    },
    "endOffset" : {
      "transactions" : {
        "0" : 283
      }
    },
    "latestOffset" : {
      "transactions" : {
        "0" : 283
      }
    },
    "numInputRows" : 0,
    "inputRowsPerSecond" : 0.0,
    "processedRowsPerSecond" : 0.0,
    "metrics" : {
      "avgOffsetsBehindLatest" : "0.0",
      "maxOffsetsBehindLatest" : "0",
      "minOffsetsBehindLatest" : "0"
    }
  } ],
  "sink" : {
    "description" : "org.apache.spark.sql.execution.streaming.ConsoleTable$@6e4ae8d1",
    "numOutputRows" : 0
  }
}
2025-11-09 03:27:08 [stream execution thread for [id = 7a53a007-fc5f-4b62-88f2-95a7e4acbf62, runId = 40354a01-ccb6-4dae-b705-87d59d863863]] INFO  o.a.s.s.e.s.MicroBatchExecution - Streaming query made progress: {
  "id" : "7a53a007-fc5f-4b62-88f2-95a7e4acbf62",
  "runId" : "40354a01-ccb6-4dae-b705-87d59d863863",
  "name" : null,
  "timestamp" : "2025-11-08T21:57:08.619Z",
  "batchId" : 30,
  "numInputRows" : 0,
  "inputRowsPerSecond" : 0.0,
  "processedRowsPerSecond" : 0.0,
  "durationMs" : {
    "latestOffset" : 3,
    "triggerExecution" : 3
  },
  "stateOperators" : [ ],
  "sources" : [ {
    "description" : "KafkaV2[Subscribe[transactions]]",
    "startOffset" : {
      "transactions" : {
        "0" : 283
      }
    },
    "endOffset" : {
      "transactions" : {
        "0" : 283
      }
    },
    "latestOffset" : {
      "transactions" : {
        "0" : 283
      }
    },
    "numInputRows" : 0,
    "inputRowsPerSecond" : 0.0,
    "processedRowsPerSecond" : 0.0,
    "metrics" : {
      "avgOffsetsBehindLatest" : "0.0",
      "maxOffsetsBehindLatest" : "0",
      "minOffsetsBehindLatest" : "0"
    }
  } ],
  "sink" : {
    "description" : "org.apache.spark.sql.execution.streaming.ConsoleTable$@6e4ae8d1",
    "numOutputRows" : 0
  }
}
2025-11-09 03:27:18 [stream execution thread for [id = 7a53a007-fc5f-4b62-88f2-95a7e4acbf62, runId = 40354a01-ccb6-4dae-b705-87d59d863863]] INFO  o.a.s.s.e.s.MicroBatchExecution - Streaming query made progress: {
  "id" : "7a53a007-fc5f-4b62-88f2-95a7e4acbf62",
  "runId" : "40354a01-ccb6-4dae-b705-87d59d863863",
  "name" : null,
  "timestamp" : "2025-11-08T21:57:18.627Z",
  "batchId" : 30,
  "numInputRows" : 0,
  "inputRowsPerSecond" : 0.0,
  "processedRowsPerSecond" : 0.0,
  "durationMs" : {
    "latestOffset" : 3,
    "triggerExecution" : 3
  },
  "stateOperators" : [ ],
  "sources" : [ {
    "description" : "KafkaV2[Subscribe[transactions]]",
    "startOffset" : {
      "transactions" : {
        "0" : 283
      }
    },
    "endOffset" : {
      "transactions" : {
        "0" : 283
      }
    },
    "latestOffset" : {
      "transactions" : {
        "0" : 283
      }
    },
    "numInputRows" : 0,
    "inputRowsPerSecond" : 0.0,
    "processedRowsPerSecond" : 0.0,
    "metrics" : {
      "avgOffsetsBehindLatest" : "0.0",
      "maxOffsetsBehindLatest" : "0",
      "minOffsetsBehindLatest" : "0"
    }
  } ],
  "sink" : {
    "description" : "org.apache.spark.sql.execution.streaming.ConsoleTable$@6e4ae8d1",
    "numOutputRows" : 0
  }
}
2025-11-09 03:27:28 [stream execution thread for [id = 7a53a007-fc5f-4b62-88f2-95a7e4acbf62, runId = 40354a01-ccb6-4dae-b705-87d59d863863]] INFO  o.a.s.s.e.s.MicroBatchExecution - Streaming query made progress: {
  "id" : "7a53a007-fc5f-4b62-88f2-95a7e4acbf62",
  "runId" : "40354a01-ccb6-4dae-b705-87d59d863863",
  "name" : null,
  "timestamp" : "2025-11-08T21:57:28.635Z",
  "batchId" : 30,
  "numInputRows" : 0,
  "inputRowsPerSecond" : 0.0,
  "processedRowsPerSecond" : 0.0,
  "durationMs" : {
    "latestOffset" : 3,
    "triggerExecution" : 3
  },
  "stateOperators" : [ ],
  "sources" : [ {
    "description" : "KafkaV2[Subscribe[transactions]]",
    "startOffset" : {
      "transactions" : {
        "0" : 283
      }
    },
    "endOffset" : {
      "transactions" : {
        "0" : 283
      }
    },
    "latestOffset" : {
      "transactions" : {
        "0" : 283
      }
    },
    "numInputRows" : 0,
    "inputRowsPerSecond" : 0.0,
    "processedRowsPerSecond" : 0.0,
    "metrics" : {
      "avgOffsetsBehindLatest" : "0.0",
      "maxOffsetsBehindLatest" : "0",
      "minOffsetsBehindLatest" : "0"
    }
  } ],
  "sink" : {
    "description" : "org.apache.spark.sql.execution.streaming.ConsoleTable$@6e4ae8d1",
    "numOutputRows" : 0
  }
}
2025-11-09 03:27:38 [stream execution thread for [id = 7a53a007-fc5f-4b62-88f2-95a7e4acbf62, runId = 40354a01-ccb6-4dae-b705-87d59d863863]] INFO  o.a.s.s.e.s.MicroBatchExecution - Streaming query made progress: {
  "id" : "7a53a007-fc5f-4b62-88f2-95a7e4acbf62",
  "runId" : "40354a01-ccb6-4dae-b705-87d59d863863",
  "name" : null,
  "timestamp" : "2025-11-08T21:57:38.636Z",
  "batchId" : 30,
  "numInputRows" : 0,
  "inputRowsPerSecond" : 0.0,
  "processedRowsPerSecond" : 0.0,
  "durationMs" : {
    "latestOffset" : 3,
    "triggerExecution" : 4
  },
  "stateOperators" : [ ],
  "sources" : [ {
    "description" : "KafkaV2[Subscribe[transactions]]",
    "startOffset" : {
      "transactions" : {
        "0" : 283
      }
    },
    "endOffset" : {
      "transactions" : {
        "0" : 283
      }
    },
    "latestOffset" : {
      "transactions" : {
        "0" : 283
      }
    },
    "numInputRows" : 0,
    "inputRowsPerSecond" : 0.0,
    "processedRowsPerSecond" : 0.0,
    "metrics" : {
      "avgOffsetsBehindLatest" : "0.0",
      "maxOffsetsBehindLatest" : "0",
      "minOffsetsBehindLatest" : "0"
    }
  } ],
  "sink" : {
    "description" : "org.apache.spark.sql.execution.streaming.ConsoleTable$@6e4ae8d1",
    "numOutputRows" : 0
  }
}
2025-11-09 03:27:48 [stream execution thread for [id = 7a53a007-fc5f-4b62-88f2-95a7e4acbf62, runId = 40354a01-ccb6-4dae-b705-87d59d863863]] INFO  o.a.s.s.e.s.MicroBatchExecution - Streaming query made progress: {
  "id" : "7a53a007-fc5f-4b62-88f2-95a7e4acbf62",
  "runId" : "40354a01-ccb6-4dae-b705-87d59d863863",
  "name" : null,
  "timestamp" : "2025-11-08T21:57:48.637Z",
  "batchId" : 30,
  "numInputRows" : 0,
  "inputRowsPerSecond" : 0.0,
  "processedRowsPerSecond" : 0.0,
  "durationMs" : {
    "latestOffset" : 3,
    "triggerExecution" : 3
  },
  "stateOperators" : [ ],
  "sources" : [ {
    "description" : "KafkaV2[Subscribe[transactions]]",
    "startOffset" : {
      "transactions" : {
        "0" : 283
      }
    },
    "endOffset" : {
      "transactions" : {
        "0" : 283
      }
    },
    "latestOffset" : {
      "transactions" : {
        "0" : 283
      }
    },
    "numInputRows" : 0,
    "inputRowsPerSecond" : 0.0,
    "processedRowsPerSecond" : 0.0,
    "metrics" : {
      "avgOffsetsBehindLatest" : "0.0",
      "maxOffsetsBehindLatest" : "0",
      "minOffsetsBehindLatest" : "0"
    }
  } ],
  "sink" : {
    "description" : "org.apache.spark.sql.execution.streaming.ConsoleTable$@6e4ae8d1",
    "numOutputRows" : 0
  }
}
2025-11-09 03:27:58 [stream execution thread for [id = 7a53a007-fc5f-4b62-88f2-95a7e4acbf62, runId = 40354a01-ccb6-4dae-b705-87d59d863863]] INFO  o.a.s.s.e.s.MicroBatchExecution - Streaming query made progress: {
  "id" : "7a53a007-fc5f-4b62-88f2-95a7e4acbf62",
  "runId" : "40354a01-ccb6-4dae-b705-87d59d863863",
  "name" : null,
  "timestamp" : "2025-11-08T21:57:58.645Z",
  "batchId" : 30,
  "numInputRows" : 0,
  "inputRowsPerSecond" : 0.0,
  "processedRowsPerSecond" : 0.0,
  "durationMs" : {
    "latestOffset" : 3,
    "triggerExecution" : 3
  },
  "stateOperators" : [ ],
  "sources" : [ {
    "description" : "KafkaV2[Subscribe[transactions]]",
    "startOffset" : {
      "transactions" : {
        "0" : 283
      }
    },
    "endOffset" : {
      "transactions" : {
        "0" : 283
      }
    },
    "latestOffset" : {
      "transactions" : {
        "0" : 283
      }
    },
    "numInputRows" : 0,
    "inputRowsPerSecond" : 0.0,
    "processedRowsPerSecond" : 0.0,
    "metrics" : {
      "avgOffsetsBehindLatest" : "0.0",
      "maxOffsetsBehindLatest" : "0",
      "minOffsetsBehindLatest" : "0"
    }
  } ],
  "sink" : {
    "description" : "org.apache.spark.sql.execution.streaming.ConsoleTable$@6e4ae8d1",
    "numOutputRows" : 0
  }
}
2025-11-09 03:28:08 [stream execution thread for [id = 7a53a007-fc5f-4b62-88f2-95a7e4acbf62, runId = 40354a01-ccb6-4dae-b705-87d59d863863]] INFO  o.a.s.s.e.s.MicroBatchExecution - Streaming query made progress: {
  "id" : "7a53a007-fc5f-4b62-88f2-95a7e4acbf62",
  "runId" : "40354a01-ccb6-4dae-b705-87d59d863863",
  "name" : null,
  "timestamp" : "2025-11-08T21:58:08.657Z",
  "batchId" : 30,
  "numInputRows" : 0,
  "inputRowsPerSecond" : 0.0,
  "processedRowsPerSecond" : 0.0,
  "durationMs" : {
    "latestOffset" : 3,
    "triggerExecution" : 3
  },
  "stateOperators" : [ ],
  "sources" : [ {
    "description" : "KafkaV2[Subscribe[transactions]]",
    "startOffset" : {
      "transactions" : {
        "0" : 283
      }
    },
    "endOffset" : {
      "transactions" : {
        "0" : 283
      }
    },
    "latestOffset" : {
      "transactions" : {
        "0" : 283
      }
    },
    "numInputRows" : 0,
    "inputRowsPerSecond" : 0.0,
    "processedRowsPerSecond" : 0.0,
    "metrics" : {
      "avgOffsetsBehindLatest" : "0.0",
      "maxOffsetsBehindLatest" : "0",
      "minOffsetsBehindLatest" : "0"
    }
  } ],
  "sink" : {
    "description" : "org.apache.spark.sql.execution.streaming.ConsoleTable$@6e4ae8d1",
    "numOutputRows" : 0
  }
}
2025-11-09 03:28:18 [stream execution thread for [id = 7a53a007-fc5f-4b62-88f2-95a7e4acbf62, runId = 40354a01-ccb6-4dae-b705-87d59d863863]] INFO  o.a.s.s.e.s.MicroBatchExecution - Streaming query made progress: {
  "id" : "7a53a007-fc5f-4b62-88f2-95a7e4acbf62",
  "runId" : "40354a01-ccb6-4dae-b705-87d59d863863",
  "name" : null,
  "timestamp" : "2025-11-08T21:58:18.659Z",
  "batchId" : 30,
  "numInputRows" : 0,
  "inputRowsPerSecond" : 0.0,
  "processedRowsPerSecond" : 0.0,
  "durationMs" : {
    "latestOffset" : 3,
    "triggerExecution" : 3
  },
  "stateOperators" : [ ],
  "sources" : [ {
    "description" : "KafkaV2[Subscribe[transactions]]",
    "startOffset" : {
      "transactions" : {
        "0" : 283
      }
    },
    "endOffset" : {
      "transactions" : {
        "0" : 283
      }
    },
    "latestOffset" : {
      "transactions" : {
        "0" : 283
      }
    },
    "numInputRows" : 0,
    "inputRowsPerSecond" : 0.0,
    "processedRowsPerSecond" : 0.0,
    "metrics" : {
      "avgOffsetsBehindLatest" : "0.0",
      "maxOffsetsBehindLatest" : "0",
      "minOffsetsBehindLatest" : "0"
    }
  } ],
  "sink" : {
    "description" : "org.apache.spark.sql.execution.streaming.ConsoleTable$@6e4ae8d1",
    "numOutputRows" : 0
  }
}
2025-11-09 03:28:28 [stream execution thread for [id = 7a53a007-fc5f-4b62-88f2-95a7e4acbf62, runId = 40354a01-ccb6-4dae-b705-87d59d863863]] INFO  o.a.s.s.e.s.MicroBatchExecution - Streaming query made progress: {
  "id" : "7a53a007-fc5f-4b62-88f2-95a7e4acbf62",
  "runId" : "40354a01-ccb6-4dae-b705-87d59d863863",
  "name" : null,
  "timestamp" : "2025-11-08T21:58:28.669Z",
  "batchId" : 30,
  "numInputRows" : 0,
  "inputRowsPerSecond" : 0.0,
  "processedRowsPerSecond" : 0.0,
  "durationMs" : {
    "latestOffset" : 3,
    "triggerExecution" : 3
  },
  "stateOperators" : [ ],
  "sources" : [ {
    "description" : "KafkaV2[Subscribe[transactions]]",
    "startOffset" : {
      "transactions" : {
        "0" : 283
      }
    },
    "endOffset" : {
      "transactions" : {
        "0" : 283
      }
    },
    "latestOffset" : {
      "transactions" : {
        "0" : 283
      }
    },
    "numInputRows" : 0,
    "inputRowsPerSecond" : 0.0,
    "processedRowsPerSecond" : 0.0,
    "metrics" : {
      "avgOffsetsBehindLatest" : "0.0",
      "maxOffsetsBehindLatest" : "0",
      "minOffsetsBehindLatest" : "0"
    }
  } ],
  "sink" : {
    "description" : "org.apache.spark.sql.execution.streaming.ConsoleTable$@6e4ae8d1",
    "numOutputRows" : 0
  }
}
2025-11-09 03:28:38 [stream execution thread for [id = 7a53a007-fc5f-4b62-88f2-95a7e4acbf62, runId = 40354a01-ccb6-4dae-b705-87d59d863863]] INFO  o.a.s.s.e.s.MicroBatchExecution - Streaming query made progress: {
  "id" : "7a53a007-fc5f-4b62-88f2-95a7e4acbf62",
  "runId" : "40354a01-ccb6-4dae-b705-87d59d863863",
  "name" : null,
  "timestamp" : "2025-11-08T21:58:38.676Z",
  "batchId" : 30,
  "numInputRows" : 0,
  "inputRowsPerSecond" : 0.0,
  "processedRowsPerSecond" : 0.0,
  "durationMs" : {
    "latestOffset" : 2,
    "triggerExecution" : 2
  },
  "stateOperators" : [ ],
  "sources" : [ {
    "description" : "KafkaV2[Subscribe[transactions]]",
    "startOffset" : {
      "transactions" : {
        "0" : 283
      }
    },
    "endOffset" : {
      "transactions" : {
        "0" : 283
      }
    },
    "latestOffset" : {
      "transactions" : {
        "0" : 283
      }
    },
    "numInputRows" : 0,
    "inputRowsPerSecond" : 0.0,
    "processedRowsPerSecond" : 0.0,
    "metrics" : {
      "avgOffsetsBehindLatest" : "0.0",
      "maxOffsetsBehindLatest" : "0",
      "minOffsetsBehindLatest" : "0"
    }
  } ],
  "sink" : {
    "description" : "org.apache.spark.sql.execution.streaming.ConsoleTable$@6e4ae8d1",
    "numOutputRows" : 0
  }
}
2025-11-09 03:28:48 [stream execution thread for [id = 7a53a007-fc5f-4b62-88f2-95a7e4acbf62, runId = 40354a01-ccb6-4dae-b705-87d59d863863]] INFO  o.a.s.s.e.s.MicroBatchExecution - Streaming query made progress: {
  "id" : "7a53a007-fc5f-4b62-88f2-95a7e4acbf62",
  "runId" : "40354a01-ccb6-4dae-b705-87d59d863863",
  "name" : null,
  "timestamp" : "2025-11-08T21:58:48.675Z",
  "batchId" : 30,
  "numInputRows" : 0,
  "inputRowsPerSecond" : 0.0,
  "processedRowsPerSecond" : 0.0,
  "durationMs" : {
    "latestOffset" : 3,
    "triggerExecution" : 3
  },
  "stateOperators" : [ ],
  "sources" : [ {
    "description" : "KafkaV2[Subscribe[transactions]]",
    "startOffset" : {
      "transactions" : {
        "0" : 283
      }
    },
    "endOffset" : {
      "transactions" : {
        "0" : 283
      }
    },
    "latestOffset" : {
      "transactions" : {
        "0" : 283
      }
    },
    "numInputRows" : 0,
    "inputRowsPerSecond" : 0.0,
    "processedRowsPerSecond" : 0.0,
    "metrics" : {
      "avgOffsetsBehindLatest" : "0.0",
      "maxOffsetsBehindLatest" : "0",
      "minOffsetsBehindLatest" : "0"
    }
  } ],
  "sink" : {
    "description" : "org.apache.spark.sql.execution.streaming.ConsoleTable$@6e4ae8d1",
    "numOutputRows" : 0
  }
}
2025-11-09 03:28:58 [stream execution thread for [id = 7a53a007-fc5f-4b62-88f2-95a7e4acbf62, runId = 40354a01-ccb6-4dae-b705-87d59d863863]] INFO  o.a.s.s.e.s.MicroBatchExecution - Streaming query made progress: {
  "id" : "7a53a007-fc5f-4b62-88f2-95a7e4acbf62",
  "runId" : "40354a01-ccb6-4dae-b705-87d59d863863",
  "name" : null,
  "timestamp" : "2025-11-08T21:58:58.681Z",
  "batchId" : 30,
  "numInputRows" : 0,
  "inputRowsPerSecond" : 0.0,
  "processedRowsPerSecond" : 0.0,
  "durationMs" : {
    "latestOffset" : 3,
    "triggerExecution" : 3
  },
  "stateOperators" : [ ],
  "sources" : [ {
    "description" : "KafkaV2[Subscribe[transactions]]",
    "startOffset" : {
      "transactions" : {
        "0" : 283
      }
    },
    "endOffset" : {
      "transactions" : {
        "0" : 283
      }
    },
    "latestOffset" : {
      "transactions" : {
        "0" : 283
      }
    },
    "numInputRows" : 0,
    "inputRowsPerSecond" : 0.0,
    "processedRowsPerSecond" : 0.0,
    "metrics" : {
      "avgOffsetsBehindLatest" : "0.0",
      "maxOffsetsBehindLatest" : "0",
      "minOffsetsBehindLatest" : "0"
    }
  } ],
  "sink" : {
    "description" : "org.apache.spark.sql.execution.streaming.ConsoleTable$@6e4ae8d1",
    "numOutputRows" : 0
  }
}
2025-11-09 03:28:59 [kafka-admin-client-thread | adminclient-1] INFO  o.apache.kafka.clients.NetworkClient - [AdminClient clientId=adminclient-1] Node -1 disconnected.
2025-11-09 03:29:08 [stream execution thread for [id = 7a53a007-fc5f-4b62-88f2-95a7e4acbf62, runId = 40354a01-ccb6-4dae-b705-87d59d863863]] INFO  o.a.s.s.e.s.MicroBatchExecution - Streaming query made progress: {
  "id" : "7a53a007-fc5f-4b62-88f2-95a7e4acbf62",
  "runId" : "40354a01-ccb6-4dae-b705-87d59d863863",
  "name" : null,
  "timestamp" : "2025-11-08T21:59:08.681Z",
  "batchId" : 30,
  "numInputRows" : 0,
  "inputRowsPerSecond" : 0.0,
  "processedRowsPerSecond" : 0.0,
  "durationMs" : {
    "latestOffset" : 3,
    "triggerExecution" : 3
  },
  "stateOperators" : [ ],
  "sources" : [ {
    "description" : "KafkaV2[Subscribe[transactions]]",
    "startOffset" : {
      "transactions" : {
        "0" : 283
      }
    },
    "endOffset" : {
      "transactions" : {
        "0" : 283
      }
    },
    "latestOffset" : {
      "transactions" : {
        "0" : 283
      }
    },
    "numInputRows" : 0,
    "inputRowsPerSecond" : 0.0,
    "processedRowsPerSecond" : 0.0,
    "metrics" : {
      "avgOffsetsBehindLatest" : "0.0",
      "maxOffsetsBehindLatest" : "0",
      "minOffsetsBehindLatest" : "0"
    }
  } ],
  "sink" : {
    "description" : "org.apache.spark.sql.execution.streaming.ConsoleTable$@6e4ae8d1",
    "numOutputRows" : 0
  }
}
2025-11-09 03:29:18 [stream execution thread for [id = 7a53a007-fc5f-4b62-88f2-95a7e4acbf62, runId = 40354a01-ccb6-4dae-b705-87d59d863863]] INFO  o.a.s.s.e.s.MicroBatchExecution - Streaming query made progress: {
  "id" : "7a53a007-fc5f-4b62-88f2-95a7e4acbf62",
  "runId" : "40354a01-ccb6-4dae-b705-87d59d863863",
  "name" : null,
  "timestamp" : "2025-11-08T21:59:18.689Z",
  "batchId" : 30,
  "numInputRows" : 0,
  "inputRowsPerSecond" : 0.0,
  "processedRowsPerSecond" : 0.0,
  "durationMs" : {
    "latestOffset" : 3,
    "triggerExecution" : 3
  },
  "stateOperators" : [ ],
  "sources" : [ {
    "description" : "KafkaV2[Subscribe[transactions]]",
    "startOffset" : {
      "transactions" : {
        "0" : 283
      }
    },
    "endOffset" : {
      "transactions" : {
        "0" : 283
      }
    },
    "latestOffset" : {
      "transactions" : {
        "0" : 283
      }
    },
    "numInputRows" : 0,
    "inputRowsPerSecond" : 0.0,
    "processedRowsPerSecond" : 0.0,
    "metrics" : {
      "avgOffsetsBehindLatest" : "0.0",
      "maxOffsetsBehindLatest" : "0",
      "minOffsetsBehindLatest" : "0"
    }
  } ],
  "sink" : {
    "description" : "org.apache.spark.sql.execution.streaming.ConsoleTable$@6e4ae8d1",
    "numOutputRows" : 0
  }
}
2025-11-09 03:29:28 [stream execution thread for [id = 7a53a007-fc5f-4b62-88f2-95a7e4acbf62, runId = 40354a01-ccb6-4dae-b705-87d59d863863]] INFO  o.a.s.s.e.s.MicroBatchExecution - Streaming query made progress: {
  "id" : "7a53a007-fc5f-4b62-88f2-95a7e4acbf62",
  "runId" : "40354a01-ccb6-4dae-b705-87d59d863863",
  "name" : null,
  "timestamp" : "2025-11-08T21:59:28.702Z",
  "batchId" : 30,
  "numInputRows" : 0,
  "inputRowsPerSecond" : 0.0,
  "processedRowsPerSecond" : 0.0,
  "durationMs" : {
    "latestOffset" : 3,
    "triggerExecution" : 3
  },
  "stateOperators" : [ ],
  "sources" : [ {
    "description" : "KafkaV2[Subscribe[transactions]]",
    "startOffset" : {
      "transactions" : {
        "0" : 283
      }
    },
    "endOffset" : {
      "transactions" : {
        "0" : 283
      }
    },
    "latestOffset" : {
      "transactions" : {
        "0" : 283
      }
    },
    "numInputRows" : 0,
    "inputRowsPerSecond" : 0.0,
    "processedRowsPerSecond" : 0.0,
    "metrics" : {
      "avgOffsetsBehindLatest" : "0.0",
      "maxOffsetsBehindLatest" : "0",
      "minOffsetsBehindLatest" : "0"
    }
  } ],
  "sink" : {
    "description" : "org.apache.spark.sql.execution.streaming.ConsoleTable$@6e4ae8d1",
    "numOutputRows" : 0
  }
}
2025-11-09 03:29:38 [stream execution thread for [id = 7a53a007-fc5f-4b62-88f2-95a7e4acbf62, runId = 40354a01-ccb6-4dae-b705-87d59d863863]] INFO  o.a.s.s.e.s.MicroBatchExecution - Streaming query made progress: {
  "id" : "7a53a007-fc5f-4b62-88f2-95a7e4acbf62",
  "runId" : "40354a01-ccb6-4dae-b705-87d59d863863",
  "name" : null,
  "timestamp" : "2025-11-08T21:59:38.705Z",
  "batchId" : 30,
  "numInputRows" : 0,
  "inputRowsPerSecond" : 0.0,
  "processedRowsPerSecond" : 0.0,
  "durationMs" : {
    "latestOffset" : 4,
    "triggerExecution" : 4
  },
  "stateOperators" : [ ],
  "sources" : [ {
    "description" : "KafkaV2[Subscribe[transactions]]",
    "startOffset" : {
      "transactions" : {
        "0" : 283
      }
    },
    "endOffset" : {
      "transactions" : {
        "0" : 283
      }
    },
    "latestOffset" : {
      "transactions" : {
        "0" : 283
      }
    },
    "numInputRows" : 0,
    "inputRowsPerSecond" : 0.0,
    "processedRowsPerSecond" : 0.0,
    "metrics" : {
      "avgOffsetsBehindLatest" : "0.0",
      "maxOffsetsBehindLatest" : "0",
      "minOffsetsBehindLatest" : "0"
    }
  } ],
  "sink" : {
    "description" : "org.apache.spark.sql.execution.streaming.ConsoleTable$@6e4ae8d1",
    "numOutputRows" : 0
  }
}
2025-11-09 03:29:48 [stream execution thread for [id = 7a53a007-fc5f-4b62-88f2-95a7e4acbf62, runId = 40354a01-ccb6-4dae-b705-87d59d863863]] INFO  o.a.s.s.e.s.MicroBatchExecution - Streaming query made progress: {
  "id" : "7a53a007-fc5f-4b62-88f2-95a7e4acbf62",
  "runId" : "40354a01-ccb6-4dae-b705-87d59d863863",
  "name" : null,
  "timestamp" : "2025-11-08T21:59:48.706Z",
  "batchId" : 30,
  "numInputRows" : 0,
  "inputRowsPerSecond" : 0.0,
  "processedRowsPerSecond" : 0.0,
  "durationMs" : {
    "latestOffset" : 3,
    "triggerExecution" : 3
  },
  "stateOperators" : [ ],
  "sources" : [ {
    "description" : "KafkaV2[Subscribe[transactions]]",
    "startOffset" : {
      "transactions" : {
        "0" : 283
      }
    },
    "endOffset" : {
      "transactions" : {
        "0" : 283
      }
    },
    "latestOffset" : {
      "transactions" : {
        "0" : 283
      }
    },
    "numInputRows" : 0,
    "inputRowsPerSecond" : 0.0,
    "processedRowsPerSecond" : 0.0,
    "metrics" : {
      "avgOffsetsBehindLatest" : "0.0",
      "maxOffsetsBehindLatest" : "0",
      "minOffsetsBehindLatest" : "0"
    }
  } ],
  "sink" : {
    "description" : "org.apache.spark.sql.execution.streaming.ConsoleTable$@6e4ae8d1",
    "numOutputRows" : 0
  }
}
2025-11-09 03:29:58 [stream execution thread for [id = 7a53a007-fc5f-4b62-88f2-95a7e4acbf62, runId = 40354a01-ccb6-4dae-b705-87d59d863863]] INFO  o.a.s.s.e.s.MicroBatchExecution - Streaming query made progress: {
  "id" : "7a53a007-fc5f-4b62-88f2-95a7e4acbf62",
  "runId" : "40354a01-ccb6-4dae-b705-87d59d863863",
  "name" : null,
  "timestamp" : "2025-11-08T21:59:58.707Z",
  "batchId" : 30,
  "numInputRows" : 0,
  "inputRowsPerSecond" : 0.0,
  "processedRowsPerSecond" : 0.0,
  "durationMs" : {
    "latestOffset" : 3,
    "triggerExecution" : 3
  },
  "stateOperators" : [ ],
  "sources" : [ {
    "description" : "KafkaV2[Subscribe[transactions]]",
    "startOffset" : {
      "transactions" : {
        "0" : 283
      }
    },
    "endOffset" : {
      "transactions" : {
        "0" : 283
      }
    },
    "latestOffset" : {
      "transactions" : {
        "0" : 283
      }
    },
    "numInputRows" : 0,
    "inputRowsPerSecond" : 0.0,
    "processedRowsPerSecond" : 0.0,
    "metrics" : {
      "avgOffsetsBehindLatest" : "0.0",
      "maxOffsetsBehindLatest" : "0",
      "minOffsetsBehindLatest" : "0"
    }
  } ],
  "sink" : {
    "description" : "org.apache.spark.sql.execution.streaming.ConsoleTable$@6e4ae8d1",
    "numOutputRows" : 0
  }
}
2025-11-09 03:30:00 [commons-pool-evictor] INFO  o.a.k.c.c.i.ConsumerCoordinator - [Consumer clientId=consumer-spark-kafka-source-598d9184-ff11-4c8f-b55c-e51776cc2079--2111622232-executor-1, groupId=spark-kafka-source-598d9184-ff11-4c8f-b55c-e51776cc2079--2111622232-executor] Resetting generation and member id due to: consumer pro-actively leaving the group
2025-11-09 03:30:00 [commons-pool-evictor] INFO  o.a.k.c.c.i.ConsumerCoordinator - [Consumer clientId=consumer-spark-kafka-source-598d9184-ff11-4c8f-b55c-e51776cc2079--2111622232-executor-1, groupId=spark-kafka-source-598d9184-ff11-4c8f-b55c-e51776cc2079--2111622232-executor] Request joining group due to: consumer pro-actively leaving the group
2025-11-09 03:30:00 [commons-pool-evictor] INFO  o.a.kafka.common.metrics.Metrics - Metrics scheduler closed
2025-11-09 03:30:00 [commons-pool-evictor] INFO  o.a.kafka.common.metrics.Metrics - Closing reporter org.apache.kafka.common.metrics.JmxReporter
2025-11-09 03:30:00 [commons-pool-evictor] INFO  o.a.kafka.common.metrics.Metrics - Metrics reporters closed
2025-11-09 03:30:00 [commons-pool-evictor] INFO  o.a.kafka.common.utils.AppInfoParser - App info kafka.consumer for consumer-spark-kafka-source-598d9184-ff11-4c8f-b55c-e51776cc2079--2111622232-executor-1 unregistered
2025-11-09 03:30:08 [stream execution thread for [id = 7a53a007-fc5f-4b62-88f2-95a7e4acbf62, runId = 40354a01-ccb6-4dae-b705-87d59d863863]] INFO  o.a.s.s.e.s.MicroBatchExecution - Streaming query made progress: {
  "id" : "7a53a007-fc5f-4b62-88f2-95a7e4acbf62",
  "runId" : "40354a01-ccb6-4dae-b705-87d59d863863",
  "name" : null,
  "timestamp" : "2025-11-08T22:00:08.716Z",
  "batchId" : 30,
  "numInputRows" : 0,
  "inputRowsPerSecond" : 0.0,
  "processedRowsPerSecond" : 0.0,
  "durationMs" : {
    "latestOffset" : 4,
    "triggerExecution" : 4
  },
  "stateOperators" : [ ],
  "sources" : [ {
    "description" : "KafkaV2[Subscribe[transactions]]",
    "startOffset" : {
      "transactions" : {
        "0" : 283
      }
    },
    "endOffset" : {
      "transactions" : {
        "0" : 283
      }
    },
    "latestOffset" : {
      "transactions" : {
        "0" : 283
      }
    },
    "numInputRows" : 0,
    "inputRowsPerSecond" : 0.0,
    "processedRowsPerSecond" : 0.0,
    "metrics" : {
      "avgOffsetsBehindLatest" : "0.0",
      "maxOffsetsBehindLatest" : "0",
      "minOffsetsBehindLatest" : "0"
    }
  } ],
  "sink" : {
    "description" : "org.apache.spark.sql.execution.streaming.ConsoleTable$@6e4ae8d1",
    "numOutputRows" : 0
  }
}
2025-11-09 03:30:18 [stream execution thread for [id = 7a53a007-fc5f-4b62-88f2-95a7e4acbf62, runId = 40354a01-ccb6-4dae-b705-87d59d863863]] INFO  o.a.s.s.e.s.MicroBatchExecution - Streaming query made progress: {
  "id" : "7a53a007-fc5f-4b62-88f2-95a7e4acbf62",
  "runId" : "40354a01-ccb6-4dae-b705-87d59d863863",
  "name" : null,
  "timestamp" : "2025-11-08T22:00:18.722Z",
  "batchId" : 30,
  "numInputRows" : 0,
  "inputRowsPerSecond" : 0.0,
  "processedRowsPerSecond" : 0.0,
  "durationMs" : {
    "latestOffset" : 3,
    "triggerExecution" : 3
  },
  "stateOperators" : [ ],
  "sources" : [ {
    "description" : "KafkaV2[Subscribe[transactions]]",
    "startOffset" : {
      "transactions" : {
        "0" : 283
      }
    },
    "endOffset" : {
      "transactions" : {
        "0" : 283
      }
    },
    "latestOffset" : {
      "transactions" : {
        "0" : 283
      }
    },
    "numInputRows" : 0,
    "inputRowsPerSecond" : 0.0,
    "processedRowsPerSecond" : 0.0,
    "metrics" : {
      "avgOffsetsBehindLatest" : "0.0",
      "maxOffsetsBehindLatest" : "0",
      "minOffsetsBehindLatest" : "0"
    }
  } ],
  "sink" : {
    "description" : "org.apache.spark.sql.execution.streaming.ConsoleTable$@6e4ae8d1",
    "numOutputRows" : 0
  }
}
2025-11-09 03:30:28 [stream execution thread for [id = 7a53a007-fc5f-4b62-88f2-95a7e4acbf62, runId = 40354a01-ccb6-4dae-b705-87d59d863863]] INFO  o.a.s.s.e.s.MicroBatchExecution - Streaming query made progress: {
  "id" : "7a53a007-fc5f-4b62-88f2-95a7e4acbf62",
  "runId" : "40354a01-ccb6-4dae-b705-87d59d863863",
  "name" : null,
  "timestamp" : "2025-11-08T22:00:28.733Z",
  "batchId" : 30,
  "numInputRows" : 0,
  "inputRowsPerSecond" : 0.0,
  "processedRowsPerSecond" : 0.0,
  "durationMs" : {
    "latestOffset" : 2,
    "triggerExecution" : 3
  },
  "stateOperators" : [ ],
  "sources" : [ {
    "description" : "KafkaV2[Subscribe[transactions]]",
    "startOffset" : {
      "transactions" : {
        "0" : 283
      }
    },
    "endOffset" : {
      "transactions" : {
        "0" : 283
      }
    },
    "latestOffset" : {
      "transactions" : {
        "0" : 283
      }
    },
    "numInputRows" : 0,
    "inputRowsPerSecond" : 0.0,
    "processedRowsPerSecond" : 0.0,
    "metrics" : {
      "avgOffsetsBehindLatest" : "0.0",
      "maxOffsetsBehindLatest" : "0",
      "minOffsetsBehindLatest" : "0"
    }
  } ],
  "sink" : {
    "description" : "org.apache.spark.sql.execution.streaming.ConsoleTable$@6e4ae8d1",
    "numOutputRows" : 0
  }
}
2025-11-09 03:30:38 [stream execution thread for [id = 7a53a007-fc5f-4b62-88f2-95a7e4acbf62, runId = 40354a01-ccb6-4dae-b705-87d59d863863]] INFO  o.a.s.s.e.s.MicroBatchExecution - Streaming query made progress: {
  "id" : "7a53a007-fc5f-4b62-88f2-95a7e4acbf62",
  "runId" : "40354a01-ccb6-4dae-b705-87d59d863863",
  "name" : null,
  "timestamp" : "2025-11-08T22:00:38.743Z",
  "batchId" : 30,
  "numInputRows" : 0,
  "inputRowsPerSecond" : 0.0,
  "processedRowsPerSecond" : 0.0,
  "durationMs" : {
    "latestOffset" : 3,
    "triggerExecution" : 3
  },
  "stateOperators" : [ ],
  "sources" : [ {
    "description" : "KafkaV2[Subscribe[transactions]]",
    "startOffset" : {
      "transactions" : {
        "0" : 283
      }
    },
    "endOffset" : {
      "transactions" : {
        "0" : 283
      }
    },
    "latestOffset" : {
      "transactions" : {
        "0" : 283
      }
    },
    "numInputRows" : 0,
    "inputRowsPerSecond" : 0.0,
    "processedRowsPerSecond" : 0.0,
    "metrics" : {
      "avgOffsetsBehindLatest" : "0.0",
      "maxOffsetsBehindLatest" : "0",
      "minOffsetsBehindLatest" : "0"
    }
  } ],
  "sink" : {
    "description" : "org.apache.spark.sql.execution.streaming.ConsoleTable$@6e4ae8d1",
    "numOutputRows" : 0
  }
}
2025-11-09 03:30:48 [stream execution thread for [id = 7a53a007-fc5f-4b62-88f2-95a7e4acbf62, runId = 40354a01-ccb6-4dae-b705-87d59d863863]] INFO  o.a.s.s.e.s.MicroBatchExecution - Streaming query made progress: {
  "id" : "7a53a007-fc5f-4b62-88f2-95a7e4acbf62",
  "runId" : "40354a01-ccb6-4dae-b705-87d59d863863",
  "name" : null,
  "timestamp" : "2025-11-08T22:00:48.758Z",
  "batchId" : 30,
  "numInputRows" : 0,
  "inputRowsPerSecond" : 0.0,
  "processedRowsPerSecond" : 0.0,
  "durationMs" : {
    "latestOffset" : 2,
    "triggerExecution" : 2
  },
  "stateOperators" : [ ],
  "sources" : [ {
    "description" : "KafkaV2[Subscribe[transactions]]",
    "startOffset" : {
      "transactions" : {
        "0" : 283
      }
    },
    "endOffset" : {
      "transactions" : {
        "0" : 283
      }
    },
    "latestOffset" : {
      "transactions" : {
        "0" : 283
      }
    },
    "numInputRows" : 0,
    "inputRowsPerSecond" : 0.0,
    "processedRowsPerSecond" : 0.0,
    "metrics" : {
      "avgOffsetsBehindLatest" : "0.0",
      "maxOffsetsBehindLatest" : "0",
      "minOffsetsBehindLatest" : "0"
    }
  } ],
  "sink" : {
    "description" : "org.apache.spark.sql.execution.streaming.ConsoleTable$@6e4ae8d1",
    "numOutputRows" : 0
  }
}
2025-11-09 03:30:58 [stream execution thread for [id = 7a53a007-fc5f-4b62-88f2-95a7e4acbf62, runId = 40354a01-ccb6-4dae-b705-87d59d863863]] INFO  o.a.s.s.e.s.MicroBatchExecution - Streaming query made progress: {
  "id" : "7a53a007-fc5f-4b62-88f2-95a7e4acbf62",
  "runId" : "40354a01-ccb6-4dae-b705-87d59d863863",
  "name" : null,
  "timestamp" : "2025-11-08T22:00:58.769Z",
  "batchId" : 30,
  "numInputRows" : 0,
  "inputRowsPerSecond" : 0.0,
  "processedRowsPerSecond" : 0.0,
  "durationMs" : {
    "latestOffset" : 3,
    "triggerExecution" : 3
  },
  "stateOperators" : [ ],
  "sources" : [ {
    "description" : "KafkaV2[Subscribe[transactions]]",
    "startOffset" : {
      "transactions" : {
        "0" : 283
      }
    },
    "endOffset" : {
      "transactions" : {
        "0" : 283
      }
    },
    "latestOffset" : {
      "transactions" : {
        "0" : 283
      }
    },
    "numInputRows" : 0,
    "inputRowsPerSecond" : 0.0,
    "processedRowsPerSecond" : 0.0,
    "metrics" : {
      "avgOffsetsBehindLatest" : "0.0",
      "maxOffsetsBehindLatest" : "0",
      "minOffsetsBehindLatest" : "0"
    }
  } ],
  "sink" : {
    "description" : "org.apache.spark.sql.execution.streaming.ConsoleTable$@6e4ae8d1",
    "numOutputRows" : 0
  }
}
2025-11-09 03:31:08 [stream execution thread for [id = 7a53a007-fc5f-4b62-88f2-95a7e4acbf62, runId = 40354a01-ccb6-4dae-b705-87d59d863863]] INFO  o.a.s.s.e.s.MicroBatchExecution - Streaming query made progress: {
  "id" : "7a53a007-fc5f-4b62-88f2-95a7e4acbf62",
  "runId" : "40354a01-ccb6-4dae-b705-87d59d863863",
  "name" : null,
  "timestamp" : "2025-11-08T22:01:08.777Z",
  "batchId" : 30,
  "numInputRows" : 0,
  "inputRowsPerSecond" : 0.0,
  "processedRowsPerSecond" : 0.0,
  "durationMs" : {
    "latestOffset" : 2,
    "triggerExecution" : 2
  },
  "stateOperators" : [ ],
  "sources" : [ {
    "description" : "KafkaV2[Subscribe[transactions]]",
    "startOffset" : {
      "transactions" : {
        "0" : 283
      }
    },
    "endOffset" : {
      "transactions" : {
        "0" : 283
      }
    },
    "latestOffset" : {
      "transactions" : {
        "0" : 283
      }
    },
    "numInputRows" : 0,
    "inputRowsPerSecond" : 0.0,
    "processedRowsPerSecond" : 0.0,
    "metrics" : {
      "avgOffsetsBehindLatest" : "0.0",
      "maxOffsetsBehindLatest" : "0",
      "minOffsetsBehindLatest" : "0"
    }
  } ],
  "sink" : {
    "description" : "org.apache.spark.sql.execution.streaming.ConsoleTable$@6e4ae8d1",
    "numOutputRows" : 0
  }
}
2025-11-09 03:31:18 [stream execution thread for [id = 7a53a007-fc5f-4b62-88f2-95a7e4acbf62, runId = 40354a01-ccb6-4dae-b705-87d59d863863]] INFO  o.a.s.s.e.s.MicroBatchExecution - Streaming query made progress: {
  "id" : "7a53a007-fc5f-4b62-88f2-95a7e4acbf62",
  "runId" : "40354a01-ccb6-4dae-b705-87d59d863863",
  "name" : null,
  "timestamp" : "2025-11-08T22:01:18.779Z",
  "batchId" : 30,
  "numInputRows" : 0,
  "inputRowsPerSecond" : 0.0,
  "processedRowsPerSecond" : 0.0,
  "durationMs" : {
    "latestOffset" : 3,
    "triggerExecution" : 3
  },
  "stateOperators" : [ ],
  "sources" : [ {
    "description" : "KafkaV2[Subscribe[transactions]]",
    "startOffset" : {
      "transactions" : {
        "0" : 283
      }
    },
    "endOffset" : {
      "transactions" : {
        "0" : 283
      }
    },
    "latestOffset" : {
      "transactions" : {
        "0" : 283
      }
    },
    "numInputRows" : 0,
    "inputRowsPerSecond" : 0.0,
    "processedRowsPerSecond" : 0.0,
    "metrics" : {
      "avgOffsetsBehindLatest" : "0.0",
      "maxOffsetsBehindLatest" : "0",
      "minOffsetsBehindLatest" : "0"
    }
  } ],
  "sink" : {
    "description" : "org.apache.spark.sql.execution.streaming.ConsoleTable$@6e4ae8d1",
    "numOutputRows" : 0
  }
}
2025-11-09 03:31:28 [stream execution thread for [id = 7a53a007-fc5f-4b62-88f2-95a7e4acbf62, runId = 40354a01-ccb6-4dae-b705-87d59d863863]] INFO  o.a.s.s.e.s.MicroBatchExecution - Streaming query made progress: {
  "id" : "7a53a007-fc5f-4b62-88f2-95a7e4acbf62",
  "runId" : "40354a01-ccb6-4dae-b705-87d59d863863",
  "name" : null,
  "timestamp" : "2025-11-08T22:01:28.780Z",
  "batchId" : 30,
  "numInputRows" : 0,
  "inputRowsPerSecond" : 0.0,
  "processedRowsPerSecond" : 0.0,
  "durationMs" : {
    "latestOffset" : 3,
    "triggerExecution" : 3
  },
  "stateOperators" : [ ],
  "sources" : [ {
    "description" : "KafkaV2[Subscribe[transactions]]",
    "startOffset" : {
      "transactions" : {
        "0" : 283
      }
    },
    "endOffset" : {
      "transactions" : {
        "0" : 283
      }
    },
    "latestOffset" : {
      "transactions" : {
        "0" : 283
      }
    },
    "numInputRows" : 0,
    "inputRowsPerSecond" : 0.0,
    "processedRowsPerSecond" : 0.0,
    "metrics" : {
      "avgOffsetsBehindLatest" : "0.0",
      "maxOffsetsBehindLatest" : "0",
      "minOffsetsBehindLatest" : "0"
    }
  } ],
  "sink" : {
    "description" : "org.apache.spark.sql.execution.streaming.ConsoleTable$@6e4ae8d1",
    "numOutputRows" : 0
  }
}
2025-11-09 03:31:38 [stream execution thread for [id = 7a53a007-fc5f-4b62-88f2-95a7e4acbf62, runId = 40354a01-ccb6-4dae-b705-87d59d863863]] INFO  o.a.s.s.e.s.MicroBatchExecution - Streaming query made progress: {
  "id" : "7a53a007-fc5f-4b62-88f2-95a7e4acbf62",
  "runId" : "40354a01-ccb6-4dae-b705-87d59d863863",
  "name" : null,
  "timestamp" : "2025-11-08T22:01:38.795Z",
  "batchId" : 30,
  "numInputRows" : 0,
  "inputRowsPerSecond" : 0.0,
  "processedRowsPerSecond" : 0.0,
  "durationMs" : {
    "latestOffset" : 2,
    "triggerExecution" : 2
  },
  "stateOperators" : [ ],
  "sources" : [ {
    "description" : "KafkaV2[Subscribe[transactions]]",
    "startOffset" : {
      "transactions" : {
        "0" : 283
      }
    },
    "endOffset" : {
      "transactions" : {
        "0" : 283
      }
    },
    "latestOffset" : {
      "transactions" : {
        "0" : 283
      }
    },
    "numInputRows" : 0,
    "inputRowsPerSecond" : 0.0,
    "processedRowsPerSecond" : 0.0,
    "metrics" : {
      "avgOffsetsBehindLatest" : "0.0",
      "maxOffsetsBehindLatest" : "0",
      "minOffsetsBehindLatest" : "0"
    }
  } ],
  "sink" : {
    "description" : "org.apache.spark.sql.execution.streaming.ConsoleTable$@6e4ae8d1",
    "numOutputRows" : 0
  }
}
2025-11-09 03:31:48 [stream execution thread for [id = 7a53a007-fc5f-4b62-88f2-95a7e4acbf62, runId = 40354a01-ccb6-4dae-b705-87d59d863863]] INFO  o.a.s.s.e.s.MicroBatchExecution - Streaming query made progress: {
  "id" : "7a53a007-fc5f-4b62-88f2-95a7e4acbf62",
  "runId" : "40354a01-ccb6-4dae-b705-87d59d863863",
  "name" : null,
  "timestamp" : "2025-11-08T22:01:48.796Z",
  "batchId" : 30,
  "numInputRows" : 0,
  "inputRowsPerSecond" : 0.0,
  "processedRowsPerSecond" : 0.0,
  "durationMs" : {
    "latestOffset" : 3,
    "triggerExecution" : 3
  },
  "stateOperators" : [ ],
  "sources" : [ {
    "description" : "KafkaV2[Subscribe[transactions]]",
    "startOffset" : {
      "transactions" : {
        "0" : 283
      }
    },
    "endOffset" : {
      "transactions" : {
        "0" : 283
      }
    },
    "latestOffset" : {
      "transactions" : {
        "0" : 283
      }
    },
    "numInputRows" : 0,
    "inputRowsPerSecond" : 0.0,
    "processedRowsPerSecond" : 0.0,
    "metrics" : {
      "avgOffsetsBehindLatest" : "0.0",
      "maxOffsetsBehindLatest" : "0",
      "minOffsetsBehindLatest" : "0"
    }
  } ],
  "sink" : {
    "description" : "org.apache.spark.sql.execution.streaming.ConsoleTable$@6e4ae8d1",
    "numOutputRows" : 0
  }
}
2025-11-09 03:31:58 [stream execution thread for [id = 7a53a007-fc5f-4b62-88f2-95a7e4acbf62, runId = 40354a01-ccb6-4dae-b705-87d59d863863]] INFO  o.a.s.s.e.s.MicroBatchExecution - Streaming query made progress: {
  "id" : "7a53a007-fc5f-4b62-88f2-95a7e4acbf62",
  "runId" : "40354a01-ccb6-4dae-b705-87d59d863863",
  "name" : null,
  "timestamp" : "2025-11-08T22:01:58.805Z",
  "batchId" : 30,
  "numInputRows" : 0,
  "inputRowsPerSecond" : 0.0,
  "processedRowsPerSecond" : 0.0,
  "durationMs" : {
    "latestOffset" : 6,
    "triggerExecution" : 6
  },
  "stateOperators" : [ ],
  "sources" : [ {
    "description" : "KafkaV2[Subscribe[transactions]]",
    "startOffset" : {
      "transactions" : {
        "0" : 283
      }
    },
    "endOffset" : {
      "transactions" : {
        "0" : 283
      }
    },
    "latestOffset" : {
      "transactions" : {
        "0" : 283
      }
    },
    "numInputRows" : 0,
    "inputRowsPerSecond" : 0.0,
    "processedRowsPerSecond" : 0.0,
    "metrics" : {
      "avgOffsetsBehindLatest" : "0.0",
      "maxOffsetsBehindLatest" : "0",
      "minOffsetsBehindLatest" : "0"
    }
  } ],
  "sink" : {
    "description" : "org.apache.spark.sql.execution.streaming.ConsoleTable$@6e4ae8d1",
    "numOutputRows" : 0
  }
}
2025-11-09 03:32:08 [stream execution thread for [id = 7a53a007-fc5f-4b62-88f2-95a7e4acbf62, runId = 40354a01-ccb6-4dae-b705-87d59d863863]] INFO  o.a.s.s.e.s.MicroBatchExecution - Streaming query made progress: {
  "id" : "7a53a007-fc5f-4b62-88f2-95a7e4acbf62",
  "runId" : "40354a01-ccb6-4dae-b705-87d59d863863",
  "name" : null,
  "timestamp" : "2025-11-08T22:02:08.821Z",
  "batchId" : 30,
  "numInputRows" : 0,
  "inputRowsPerSecond" : 0.0,
  "processedRowsPerSecond" : 0.0,
  "durationMs" : {
    "latestOffset" : 3,
    "triggerExecution" : 3
  },
  "stateOperators" : [ ],
  "sources" : [ {
    "description" : "KafkaV2[Subscribe[transactions]]",
    "startOffset" : {
      "transactions" : {
        "0" : 283
      }
    },
    "endOffset" : {
      "transactions" : {
        "0" : 283
      }
    },
    "latestOffset" : {
      "transactions" : {
        "0" : 283
      }
    },
    "numInputRows" : 0,
    "inputRowsPerSecond" : 0.0,
    "processedRowsPerSecond" : 0.0,
    "metrics" : {
      "avgOffsetsBehindLatest" : "0.0",
      "maxOffsetsBehindLatest" : "0",
      "minOffsetsBehindLatest" : "0"
    }
  } ],
  "sink" : {
    "description" : "org.apache.spark.sql.execution.streaming.ConsoleTable$@6e4ae8d1",
    "numOutputRows" : 0
  }
}
2025-11-09 03:32:18 [stream execution thread for [id = 7a53a007-fc5f-4b62-88f2-95a7e4acbf62, runId = 40354a01-ccb6-4dae-b705-87d59d863863]] INFO  o.a.s.s.e.s.MicroBatchExecution - Streaming query made progress: {
  "id" : "7a53a007-fc5f-4b62-88f2-95a7e4acbf62",
  "runId" : "40354a01-ccb6-4dae-b705-87d59d863863",
  "name" : null,
  "timestamp" : "2025-11-08T22:02:18.834Z",
  "batchId" : 30,
  "numInputRows" : 0,
  "inputRowsPerSecond" : 0.0,
  "processedRowsPerSecond" : 0.0,
  "durationMs" : {
    "latestOffset" : 2,
    "triggerExecution" : 2
  },
  "stateOperators" : [ ],
  "sources" : [ {
    "description" : "KafkaV2[Subscribe[transactions]]",
    "startOffset" : {
      "transactions" : {
        "0" : 283
      }
    },
    "endOffset" : {
      "transactions" : {
        "0" : 283
      }
    },
    "latestOffset" : {
      "transactions" : {
        "0" : 283
      }
    },
    "numInputRows" : 0,
    "inputRowsPerSecond" : 0.0,
    "processedRowsPerSecond" : 0.0,
    "metrics" : {
      "avgOffsetsBehindLatest" : "0.0",
      "maxOffsetsBehindLatest" : "0",
      "minOffsetsBehindLatest" : "0"
    }
  } ],
  "sink" : {
    "description" : "org.apache.spark.sql.execution.streaming.ConsoleTable$@6e4ae8d1",
    "numOutputRows" : 0
  }
}
2025-11-09 03:32:28 [stream execution thread for [id = 7a53a007-fc5f-4b62-88f2-95a7e4acbf62, runId = 40354a01-ccb6-4dae-b705-87d59d863863]] INFO  o.a.s.s.e.s.MicroBatchExecution - Streaming query made progress: {
  "id" : "7a53a007-fc5f-4b62-88f2-95a7e4acbf62",
  "runId" : "40354a01-ccb6-4dae-b705-87d59d863863",
  "name" : null,
  "timestamp" : "2025-11-08T22:02:28.844Z",
  "batchId" : 30,
  "numInputRows" : 0,
  "inputRowsPerSecond" : 0.0,
  "processedRowsPerSecond" : 0.0,
  "durationMs" : {
    "latestOffset" : 4,
    "triggerExecution" : 4
  },
  "stateOperators" : [ ],
  "sources" : [ {
    "description" : "KafkaV2[Subscribe[transactions]]",
    "startOffset" : {
      "transactions" : {
        "0" : 283
      }
    },
    "endOffset" : {
      "transactions" : {
        "0" : 283
      }
    },
    "latestOffset" : {
      "transactions" : {
        "0" : 283
      }
    },
    "numInputRows" : 0,
    "inputRowsPerSecond" : 0.0,
    "processedRowsPerSecond" : 0.0,
    "metrics" : {
      "avgOffsetsBehindLatest" : "0.0",
      "maxOffsetsBehindLatest" : "0",
      "minOffsetsBehindLatest" : "0"
    }
  } ],
  "sink" : {
    "description" : "org.apache.spark.sql.execution.streaming.ConsoleTable$@6e4ae8d1",
    "numOutputRows" : 0
  }
}
2025-11-09 03:32:38 [stream execution thread for [id = 7a53a007-fc5f-4b62-88f2-95a7e4acbf62, runId = 40354a01-ccb6-4dae-b705-87d59d863863]] INFO  o.a.s.s.e.s.MicroBatchExecution - Streaming query made progress: {
  "id" : "7a53a007-fc5f-4b62-88f2-95a7e4acbf62",
  "runId" : "40354a01-ccb6-4dae-b705-87d59d863863",
  "name" : null,
  "timestamp" : "2025-11-08T22:02:38.855Z",
  "batchId" : 30,
  "numInputRows" : 0,
  "inputRowsPerSecond" : 0.0,
  "processedRowsPerSecond" : 0.0,
  "durationMs" : {
    "latestOffset" : 3,
    "triggerExecution" : 3
  },
  "stateOperators" : [ ],
  "sources" : [ {
    "description" : "KafkaV2[Subscribe[transactions]]",
    "startOffset" : {
      "transactions" : {
        "0" : 283
      }
    },
    "endOffset" : {
      "transactions" : {
        "0" : 283
      }
    },
    "latestOffset" : {
      "transactions" : {
        "0" : 283
      }
    },
    "numInputRows" : 0,
    "inputRowsPerSecond" : 0.0,
    "processedRowsPerSecond" : 0.0,
    "metrics" : {
      "avgOffsetsBehindLatest" : "0.0",
      "maxOffsetsBehindLatest" : "0",
      "minOffsetsBehindLatest" : "0"
    }
  } ],
  "sink" : {
    "description" : "org.apache.spark.sql.execution.streaming.ConsoleTable$@6e4ae8d1",
    "numOutputRows" : 0
  }
}
2025-11-09 03:32:48 [stream execution thread for [id = 7a53a007-fc5f-4b62-88f2-95a7e4acbf62, runId = 40354a01-ccb6-4dae-b705-87d59d863863]] INFO  o.a.s.s.e.s.MicroBatchExecution - Streaming query made progress: {
  "id" : "7a53a007-fc5f-4b62-88f2-95a7e4acbf62",
  "runId" : "40354a01-ccb6-4dae-b705-87d59d863863",
  "name" : null,
  "timestamp" : "2025-11-08T22:02:48.869Z",
  "batchId" : 30,
  "numInputRows" : 0,
  "inputRowsPerSecond" : 0.0,
  "processedRowsPerSecond" : 0.0,
  "durationMs" : {
    "latestOffset" : 3,
    "triggerExecution" : 3
  },
  "stateOperators" : [ ],
  "sources" : [ {
    "description" : "KafkaV2[Subscribe[transactions]]",
    "startOffset" : {
      "transactions" : {
        "0" : 283
      }
    },
    "endOffset" : {
      "transactions" : {
        "0" : 283
      }
    },
    "latestOffset" : {
      "transactions" : {
        "0" : 283
      }
    },
    "numInputRows" : 0,
    "inputRowsPerSecond" : 0.0,
    "processedRowsPerSecond" : 0.0,
    "metrics" : {
      "avgOffsetsBehindLatest" : "0.0",
      "maxOffsetsBehindLatest" : "0",
      "minOffsetsBehindLatest" : "0"
    }
  } ],
  "sink" : {
    "description" : "org.apache.spark.sql.execution.streaming.ConsoleTable$@6e4ae8d1",
    "numOutputRows" : 0
  }
}
2025-11-09 03:32:58 [stream execution thread for [id = 7a53a007-fc5f-4b62-88f2-95a7e4acbf62, runId = 40354a01-ccb6-4dae-b705-87d59d863863]] INFO  o.a.s.s.e.s.MicroBatchExecution - Streaming query made progress: {
  "id" : "7a53a007-fc5f-4b62-88f2-95a7e4acbf62",
  "runId" : "40354a01-ccb6-4dae-b705-87d59d863863",
  "name" : null,
  "timestamp" : "2025-11-08T22:02:58.873Z",
  "batchId" : 30,
  "numInputRows" : 0,
  "inputRowsPerSecond" : 0.0,
  "processedRowsPerSecond" : 0.0,
  "durationMs" : {
    "latestOffset" : 3,
    "triggerExecution" : 3
  },
  "stateOperators" : [ ],
  "sources" : [ {
    "description" : "KafkaV2[Subscribe[transactions]]",
    "startOffset" : {
      "transactions" : {
        "0" : 283
      }
    },
    "endOffset" : {
      "transactions" : {
        "0" : 283
      }
    },
    "latestOffset" : {
      "transactions" : {
        "0" : 283
      }
    },
    "numInputRows" : 0,
    "inputRowsPerSecond" : 0.0,
    "processedRowsPerSecond" : 0.0,
    "metrics" : {
      "avgOffsetsBehindLatest" : "0.0",
      "maxOffsetsBehindLatest" : "0",
      "minOffsetsBehindLatest" : "0"
    }
  } ],
  "sink" : {
    "description" : "org.apache.spark.sql.execution.streaming.ConsoleTable$@6e4ae8d1",
    "numOutputRows" : 0
  }
}
2025-11-09 03:33:08 [stream execution thread for [id = 7a53a007-fc5f-4b62-88f2-95a7e4acbf62, runId = 40354a01-ccb6-4dae-b705-87d59d863863]] INFO  o.a.s.s.e.s.MicroBatchExecution - Streaming query made progress: {
  "id" : "7a53a007-fc5f-4b62-88f2-95a7e4acbf62",
  "runId" : "40354a01-ccb6-4dae-b705-87d59d863863",
  "name" : null,
  "timestamp" : "2025-11-08T22:03:08.887Z",
  "batchId" : 30,
  "numInputRows" : 0,
  "inputRowsPerSecond" : 0.0,
  "processedRowsPerSecond" : 0.0,
  "durationMs" : {
    "latestOffset" : 3,
    "triggerExecution" : 3
  },
  "stateOperators" : [ ],
  "sources" : [ {
    "description" : "KafkaV2[Subscribe[transactions]]",
    "startOffset" : {
      "transactions" : {
        "0" : 283
      }
    },
    "endOffset" : {
      "transactions" : {
        "0" : 283
      }
    },
    "latestOffset" : {
      "transactions" : {
        "0" : 283
      }
    },
    "numInputRows" : 0,
    "inputRowsPerSecond" : 0.0,
    "processedRowsPerSecond" : 0.0,
    "metrics" : {
      "avgOffsetsBehindLatest" : "0.0",
      "maxOffsetsBehindLatest" : "0",
      "minOffsetsBehindLatest" : "0"
    }
  } ],
  "sink" : {
    "description" : "org.apache.spark.sql.execution.streaming.ConsoleTable$@6e4ae8d1",
    "numOutputRows" : 0
  }
}
2025-11-09 03:33:18 [stream execution thread for [id = 7a53a007-fc5f-4b62-88f2-95a7e4acbf62, runId = 40354a01-ccb6-4dae-b705-87d59d863863]] INFO  o.a.s.s.e.s.MicroBatchExecution - Streaming query made progress: {
  "id" : "7a53a007-fc5f-4b62-88f2-95a7e4acbf62",
  "runId" : "40354a01-ccb6-4dae-b705-87d59d863863",
  "name" : null,
  "timestamp" : "2025-11-08T22:03:18.888Z",
  "batchId" : 30,
  "numInputRows" : 0,
  "inputRowsPerSecond" : 0.0,
  "processedRowsPerSecond" : 0.0,
  "durationMs" : {
    "latestOffset" : 3,
    "triggerExecution" : 3
  },
  "stateOperators" : [ ],
  "sources" : [ {
    "description" : "KafkaV2[Subscribe[transactions]]",
    "startOffset" : {
      "transactions" : {
        "0" : 283
      }
    },
    "endOffset" : {
      "transactions" : {
        "0" : 283
      }
    },
    "latestOffset" : {
      "transactions" : {
        "0" : 283
      }
    },
    "numInputRows" : 0,
    "inputRowsPerSecond" : 0.0,
    "processedRowsPerSecond" : 0.0,
    "metrics" : {
      "avgOffsetsBehindLatest" : "0.0",
      "maxOffsetsBehindLatest" : "0",
      "minOffsetsBehindLatest" : "0"
    }
  } ],
  "sink" : {
    "description" : "org.apache.spark.sql.execution.streaming.ConsoleTable$@6e4ae8d1",
    "numOutputRows" : 0
  }
}
2025-11-09 03:33:28 [stream execution thread for [id = 7a53a007-fc5f-4b62-88f2-95a7e4acbf62, runId = 40354a01-ccb6-4dae-b705-87d59d863863]] INFO  o.a.s.s.e.s.MicroBatchExecution - Streaming query made progress: {
  "id" : "7a53a007-fc5f-4b62-88f2-95a7e4acbf62",
  "runId" : "40354a01-ccb6-4dae-b705-87d59d863863",
  "name" : null,
  "timestamp" : "2025-11-08T22:03:28.890Z",
  "batchId" : 30,
  "numInputRows" : 0,
  "inputRowsPerSecond" : 0.0,
  "processedRowsPerSecond" : 0.0,
  "durationMs" : {
    "latestOffset" : 3,
    "triggerExecution" : 3
  },
  "stateOperators" : [ ],
  "sources" : [ {
    "description" : "KafkaV2[Subscribe[transactions]]",
    "startOffset" : {
      "transactions" : {
        "0" : 283
      }
    },
    "endOffset" : {
      "transactions" : {
        "0" : 283
      }
    },
    "latestOffset" : {
      "transactions" : {
        "0" : 283
      }
    },
    "numInputRows" : 0,
    "inputRowsPerSecond" : 0.0,
    "processedRowsPerSecond" : 0.0,
    "metrics" : {
      "avgOffsetsBehindLatest" : "0.0",
      "maxOffsetsBehindLatest" : "0",
      "minOffsetsBehindLatest" : "0"
    }
  } ],
  "sink" : {
    "description" : "org.apache.spark.sql.execution.streaming.ConsoleTable$@6e4ae8d1",
    "numOutputRows" : 0
  }
}
2025-11-09 03:33:38 [stream execution thread for [id = 7a53a007-fc5f-4b62-88f2-95a7e4acbf62, runId = 40354a01-ccb6-4dae-b705-87d59d863863]] INFO  o.a.s.s.e.s.MicroBatchExecution - Streaming query made progress: {
  "id" : "7a53a007-fc5f-4b62-88f2-95a7e4acbf62",
  "runId" : "40354a01-ccb6-4dae-b705-87d59d863863",
  "name" : null,
  "timestamp" : "2025-11-08T22:03:38.898Z",
  "batchId" : 30,
  "numInputRows" : 0,
  "inputRowsPerSecond" : 0.0,
  "processedRowsPerSecond" : 0.0,
  "durationMs" : {
    "latestOffset" : 3,
    "triggerExecution" : 3
  },
  "stateOperators" : [ ],
  "sources" : [ {
    "description" : "KafkaV2[Subscribe[transactions]]",
    "startOffset" : {
      "transactions" : {
        "0" : 283
      }
    },
    "endOffset" : {
      "transactions" : {
        "0" : 283
      }
    },
    "latestOffset" : {
      "transactions" : {
        "0" : 283
      }
    },
    "numInputRows" : 0,
    "inputRowsPerSecond" : 0.0,
    "processedRowsPerSecond" : 0.0,
    "metrics" : {
      "avgOffsetsBehindLatest" : "0.0",
      "maxOffsetsBehindLatest" : "0",
      "minOffsetsBehindLatest" : "0"
    }
  } ],
  "sink" : {
    "description" : "org.apache.spark.sql.execution.streaming.ConsoleTable$@6e4ae8d1",
    "numOutputRows" : 0
  }
}
2025-11-09 03:33:48 [stream execution thread for [id = 7a53a007-fc5f-4b62-88f2-95a7e4acbf62, runId = 40354a01-ccb6-4dae-b705-87d59d863863]] INFO  o.a.s.s.e.s.MicroBatchExecution - Streaming query made progress: {
  "id" : "7a53a007-fc5f-4b62-88f2-95a7e4acbf62",
  "runId" : "40354a01-ccb6-4dae-b705-87d59d863863",
  "name" : null,
  "timestamp" : "2025-11-08T22:03:48.901Z",
  "batchId" : 30,
  "numInputRows" : 0,
  "inputRowsPerSecond" : 0.0,
  "processedRowsPerSecond" : 0.0,
  "durationMs" : {
    "latestOffset" : 2,
    "triggerExecution" : 2
  },
  "stateOperators" : [ ],
  "sources" : [ {
    "description" : "KafkaV2[Subscribe[transactions]]",
    "startOffset" : {
      "transactions" : {
        "0" : 283
      }
    },
    "endOffset" : {
      "transactions" : {
        "0" : 283
      }
    },
    "latestOffset" : {
      "transactions" : {
        "0" : 283
      }
    },
    "numInputRows" : 0,
    "inputRowsPerSecond" : 0.0,
    "processedRowsPerSecond" : 0.0,
    "metrics" : {
      "avgOffsetsBehindLatest" : "0.0",
      "maxOffsetsBehindLatest" : "0",
      "minOffsetsBehindLatest" : "0"
    }
  } ],
  "sink" : {
    "description" : "org.apache.spark.sql.execution.streaming.ConsoleTable$@6e4ae8d1",
    "numOutputRows" : 0
  }
}
2025-11-09 03:33:58 [stream execution thread for [id = 7a53a007-fc5f-4b62-88f2-95a7e4acbf62, runId = 40354a01-ccb6-4dae-b705-87d59d863863]] INFO  o.a.s.s.e.s.MicroBatchExecution - Streaming query made progress: {
  "id" : "7a53a007-fc5f-4b62-88f2-95a7e4acbf62",
  "runId" : "40354a01-ccb6-4dae-b705-87d59d863863",
  "name" : null,
  "timestamp" : "2025-11-08T22:03:58.907Z",
  "batchId" : 30,
  "numInputRows" : 0,
  "inputRowsPerSecond" : 0.0,
  "processedRowsPerSecond" : 0.0,
  "durationMs" : {
    "latestOffset" : 4,
    "triggerExecution" : 4
  },
  "stateOperators" : [ ],
  "sources" : [ {
    "description" : "KafkaV2[Subscribe[transactions]]",
    "startOffset" : {
      "transactions" : {
        "0" : 283
      }
    },
    "endOffset" : {
      "transactions" : {
        "0" : 283
      }
    },
    "latestOffset" : {
      "transactions" : {
        "0" : 283
      }
    },
    "numInputRows" : 0,
    "inputRowsPerSecond" : 0.0,
    "processedRowsPerSecond" : 0.0,
    "metrics" : {
      "avgOffsetsBehindLatest" : "0.0",
      "maxOffsetsBehindLatest" : "0",
      "minOffsetsBehindLatest" : "0"
    }
  } ],
  "sink" : {
    "description" : "org.apache.spark.sql.execution.streaming.ConsoleTable$@6e4ae8d1",
    "numOutputRows" : 0
  }
}
2025-11-09 03:34:08 [stream execution thread for [id = 7a53a007-fc5f-4b62-88f2-95a7e4acbf62, runId = 40354a01-ccb6-4dae-b705-87d59d863863]] INFO  o.a.s.s.e.s.MicroBatchExecution - Streaming query made progress: {
  "id" : "7a53a007-fc5f-4b62-88f2-95a7e4acbf62",
  "runId" : "40354a01-ccb6-4dae-b705-87d59d863863",
  "name" : null,
  "timestamp" : "2025-11-08T22:04:08.913Z",
  "batchId" : 30,
  "numInputRows" : 0,
  "inputRowsPerSecond" : 0.0,
  "processedRowsPerSecond" : 0.0,
  "durationMs" : {
    "latestOffset" : 3,
    "triggerExecution" : 3
  },
  "stateOperators" : [ ],
  "sources" : [ {
    "description" : "KafkaV2[Subscribe[transactions]]",
    "startOffset" : {
      "transactions" : {
        "0" : 283
      }
    },
    "endOffset" : {
      "transactions" : {
        "0" : 283
      }
    },
    "latestOffset" : {
      "transactions" : {
        "0" : 283
      }
    },
    "numInputRows" : 0,
    "inputRowsPerSecond" : 0.0,
    "processedRowsPerSecond" : 0.0,
    "metrics" : {
      "avgOffsetsBehindLatest" : "0.0",
      "maxOffsetsBehindLatest" : "0",
      "minOffsetsBehindLatest" : "0"
    }
  } ],
  "sink" : {
    "description" : "org.apache.spark.sql.execution.streaming.ConsoleTable$@6e4ae8d1",
    "numOutputRows" : 0
  }
}
2025-11-09 03:34:18 [stream execution thread for [id = 7a53a007-fc5f-4b62-88f2-95a7e4acbf62, runId = 40354a01-ccb6-4dae-b705-87d59d863863]] INFO  o.a.s.s.e.s.MicroBatchExecution - Streaming query made progress: {
  "id" : "7a53a007-fc5f-4b62-88f2-95a7e4acbf62",
  "runId" : "40354a01-ccb6-4dae-b705-87d59d863863",
  "name" : null,
  "timestamp" : "2025-11-08T22:04:18.915Z",
  "batchId" : 30,
  "numInputRows" : 0,
  "inputRowsPerSecond" : 0.0,
  "processedRowsPerSecond" : 0.0,
  "durationMs" : {
    "latestOffset" : 2,
    "triggerExecution" : 2
  },
  "stateOperators" : [ ],
  "sources" : [ {
    "description" : "KafkaV2[Subscribe[transactions]]",
    "startOffset" : {
      "transactions" : {
        "0" : 283
      }
    },
    "endOffset" : {
      "transactions" : {
        "0" : 283
      }
    },
    "latestOffset" : {
      "transactions" : {
        "0" : 283
      }
    },
    "numInputRows" : 0,
    "inputRowsPerSecond" : 0.0,
    "processedRowsPerSecond" : 0.0,
    "metrics" : {
      "avgOffsetsBehindLatest" : "0.0",
      "maxOffsetsBehindLatest" : "0",
      "minOffsetsBehindLatest" : "0"
    }
  } ],
  "sink" : {
    "description" : "org.apache.spark.sql.execution.streaming.ConsoleTable$@6e4ae8d1",
    "numOutputRows" : 0
  }
}
2025-11-09 03:34:28 [stream execution thread for [id = 7a53a007-fc5f-4b62-88f2-95a7e4acbf62, runId = 40354a01-ccb6-4dae-b705-87d59d863863]] INFO  o.a.s.s.e.s.MicroBatchExecution - Streaming query made progress: {
  "id" : "7a53a007-fc5f-4b62-88f2-95a7e4acbf62",
  "runId" : "40354a01-ccb6-4dae-b705-87d59d863863",
  "name" : null,
  "timestamp" : "2025-11-08T22:04:28.919Z",
  "batchId" : 30,
  "numInputRows" : 0,
  "inputRowsPerSecond" : 0.0,
  "processedRowsPerSecond" : 0.0,
  "durationMs" : {
    "latestOffset" : 3,
    "triggerExecution" : 3
  },
  "stateOperators" : [ ],
  "sources" : [ {
    "description" : "KafkaV2[Subscribe[transactions]]",
    "startOffset" : {
      "transactions" : {
        "0" : 283
      }
    },
    "endOffset" : {
      "transactions" : {
        "0" : 283
      }
    },
    "latestOffset" : {
      "transactions" : {
        "0" : 283
      }
    },
    "numInputRows" : 0,
    "inputRowsPerSecond" : 0.0,
    "processedRowsPerSecond" : 0.0,
    "metrics" : {
      "avgOffsetsBehindLatest" : "0.0",
      "maxOffsetsBehindLatest" : "0",
      "minOffsetsBehindLatest" : "0"
    }
  } ],
  "sink" : {
    "description" : "org.apache.spark.sql.execution.streaming.ConsoleTable$@6e4ae8d1",
    "numOutputRows" : 0
  }
}
2025-11-09 03:34:38 [stream execution thread for [id = 7a53a007-fc5f-4b62-88f2-95a7e4acbf62, runId = 40354a01-ccb6-4dae-b705-87d59d863863]] INFO  o.a.s.s.e.s.MicroBatchExecution - Streaming query made progress: {
  "id" : "7a53a007-fc5f-4b62-88f2-95a7e4acbf62",
  "runId" : "40354a01-ccb6-4dae-b705-87d59d863863",
  "name" : null,
  "timestamp" : "2025-11-08T22:04:38.927Z",
  "batchId" : 30,
  "numInputRows" : 0,
  "inputRowsPerSecond" : 0.0,
  "processedRowsPerSecond" : 0.0,
  "durationMs" : {
    "latestOffset" : 3,
    "triggerExecution" : 3
  },
  "stateOperators" : [ ],
  "sources" : [ {
    "description" : "KafkaV2[Subscribe[transactions]]",
    "startOffset" : {
      "transactions" : {
        "0" : 283
      }
    },
    "endOffset" : {
      "transactions" : {
        "0" : 283
      }
    },
    "latestOffset" : {
      "transactions" : {
        "0" : 283
      }
    },
    "numInputRows" : 0,
    "inputRowsPerSecond" : 0.0,
    "processedRowsPerSecond" : 0.0,
    "metrics" : {
      "avgOffsetsBehindLatest" : "0.0",
      "maxOffsetsBehindLatest" : "0",
      "minOffsetsBehindLatest" : "0"
    }
  } ],
  "sink" : {
    "description" : "org.apache.spark.sql.execution.streaming.ConsoleTable$@6e4ae8d1",
    "numOutputRows" : 0
  }
}
2025-11-09 03:34:48 [stream execution thread for [id = 7a53a007-fc5f-4b62-88f2-95a7e4acbf62, runId = 40354a01-ccb6-4dae-b705-87d59d863863]] INFO  o.a.s.s.e.s.MicroBatchExecution - Streaming query made progress: {
  "id" : "7a53a007-fc5f-4b62-88f2-95a7e4acbf62",
  "runId" : "40354a01-ccb6-4dae-b705-87d59d863863",
  "name" : null,
  "timestamp" : "2025-11-08T22:04:48.930Z",
  "batchId" : 30,
  "numInputRows" : 0,
  "inputRowsPerSecond" : 0.0,
  "processedRowsPerSecond" : 0.0,
  "durationMs" : {
    "latestOffset" : 3,
    "triggerExecution" : 3
  },
  "stateOperators" : [ ],
  "sources" : [ {
    "description" : "KafkaV2[Subscribe[transactions]]",
    "startOffset" : {
      "transactions" : {
        "0" : 283
      }
    },
    "endOffset" : {
      "transactions" : {
        "0" : 283
      }
    },
    "latestOffset" : {
      "transactions" : {
        "0" : 283
      }
    },
    "numInputRows" : 0,
    "inputRowsPerSecond" : 0.0,
    "processedRowsPerSecond" : 0.0,
    "metrics" : {
      "avgOffsetsBehindLatest" : "0.0",
      "maxOffsetsBehindLatest" : "0",
      "minOffsetsBehindLatest" : "0"
    }
  } ],
  "sink" : {
    "description" : "org.apache.spark.sql.execution.streaming.ConsoleTable$@6e4ae8d1",
    "numOutputRows" : 0
  }
}
2025-11-09 03:34:58 [stream execution thread for [id = 7a53a007-fc5f-4b62-88f2-95a7e4acbf62, runId = 40354a01-ccb6-4dae-b705-87d59d863863]] INFO  o.a.s.s.e.s.MicroBatchExecution - Streaming query made progress: {
  "id" : "7a53a007-fc5f-4b62-88f2-95a7e4acbf62",
  "runId" : "40354a01-ccb6-4dae-b705-87d59d863863",
  "name" : null,
  "timestamp" : "2025-11-08T22:04:58.936Z",
  "batchId" : 30,
  "numInputRows" : 0,
  "inputRowsPerSecond" : 0.0,
  "processedRowsPerSecond" : 0.0,
  "durationMs" : {
    "latestOffset" : 3,
    "triggerExecution" : 3
  },
  "stateOperators" : [ ],
  "sources" : [ {
    "description" : "KafkaV2[Subscribe[transactions]]",
    "startOffset" : {
      "transactions" : {
        "0" : 283
      }
    },
    "endOffset" : {
      "transactions" : {
        "0" : 283
      }
    },
    "latestOffset" : {
      "transactions" : {
        "0" : 283
      }
    },
    "numInputRows" : 0,
    "inputRowsPerSecond" : 0.0,
    "processedRowsPerSecond" : 0.0,
    "metrics" : {
      "avgOffsetsBehindLatest" : "0.0",
      "maxOffsetsBehindLatest" : "0",
      "minOffsetsBehindLatest" : "0"
    }
  } ],
  "sink" : {
    "description" : "org.apache.spark.sql.execution.streaming.ConsoleTable$@6e4ae8d1",
    "numOutputRows" : 0
  }
}
2025-11-09 03:35:08 [stream execution thread for [id = 7a53a007-fc5f-4b62-88f2-95a7e4acbf62, runId = 40354a01-ccb6-4dae-b705-87d59d863863]] INFO  o.a.s.s.e.s.MicroBatchExecution - Streaming query made progress: {
  "id" : "7a53a007-fc5f-4b62-88f2-95a7e4acbf62",
  "runId" : "40354a01-ccb6-4dae-b705-87d59d863863",
  "name" : null,
  "timestamp" : "2025-11-08T22:05:08.939Z",
  "batchId" : 30,
  "numInputRows" : 0,
  "inputRowsPerSecond" : 0.0,
  "processedRowsPerSecond" : 0.0,
  "durationMs" : {
    "latestOffset" : 3,
    "triggerExecution" : 3
  },
  "stateOperators" : [ ],
  "sources" : [ {
    "description" : "KafkaV2[Subscribe[transactions]]",
    "startOffset" : {
      "transactions" : {
        "0" : 283
      }
    },
    "endOffset" : {
      "transactions" : {
        "0" : 283
      }
    },
    "latestOffset" : {
      "transactions" : {
        "0" : 283
      }
    },
    "numInputRows" : 0,
    "inputRowsPerSecond" : 0.0,
    "processedRowsPerSecond" : 0.0,
    "metrics" : {
      "avgOffsetsBehindLatest" : "0.0",
      "maxOffsetsBehindLatest" : "0",
      "minOffsetsBehindLatest" : "0"
    }
  } ],
  "sink" : {
    "description" : "org.apache.spark.sql.execution.streaming.ConsoleTable$@6e4ae8d1",
    "numOutputRows" : 0
  }
}
2025-11-09 03:35:18 [stream execution thread for [id = 7a53a007-fc5f-4b62-88f2-95a7e4acbf62, runId = 40354a01-ccb6-4dae-b705-87d59d863863]] INFO  o.a.s.s.e.s.MicroBatchExecution - Streaming query made progress: {
  "id" : "7a53a007-fc5f-4b62-88f2-95a7e4acbf62",
  "runId" : "40354a01-ccb6-4dae-b705-87d59d863863",
  "name" : null,
  "timestamp" : "2025-11-08T22:05:18.948Z",
  "batchId" : 30,
  "numInputRows" : 0,
  "inputRowsPerSecond" : 0.0,
  "processedRowsPerSecond" : 0.0,
  "durationMs" : {
    "latestOffset" : 4,
    "triggerExecution" : 4
  },
  "stateOperators" : [ ],
  "sources" : [ {
    "description" : "KafkaV2[Subscribe[transactions]]",
    "startOffset" : {
      "transactions" : {
        "0" : 283
      }
    },
    "endOffset" : {
      "transactions" : {
        "0" : 283
      }
    },
    "latestOffset" : {
      "transactions" : {
        "0" : 283
      }
    },
    "numInputRows" : 0,
    "inputRowsPerSecond" : 0.0,
    "processedRowsPerSecond" : 0.0,
    "metrics" : {
      "avgOffsetsBehindLatest" : "0.0",
      "maxOffsetsBehindLatest" : "0",
      "minOffsetsBehindLatest" : "0"
    }
  } ],
  "sink" : {
    "description" : "org.apache.spark.sql.execution.streaming.ConsoleTable$@6e4ae8d1",
    "numOutputRows" : 0
  }
}
2025-11-09 03:35:28 [stream execution thread for [id = 7a53a007-fc5f-4b62-88f2-95a7e4acbf62, runId = 40354a01-ccb6-4dae-b705-87d59d863863]] INFO  o.a.s.s.e.s.MicroBatchExecution - Streaming query made progress: {
  "id" : "7a53a007-fc5f-4b62-88f2-95a7e4acbf62",
  "runId" : "40354a01-ccb6-4dae-b705-87d59d863863",
  "name" : null,
  "timestamp" : "2025-11-08T22:05:28.953Z",
  "batchId" : 30,
  "numInputRows" : 0,
  "inputRowsPerSecond" : 0.0,
  "processedRowsPerSecond" : 0.0,
  "durationMs" : {
    "latestOffset" : 3,
    "triggerExecution" : 3
  },
  "stateOperators" : [ ],
  "sources" : [ {
    "description" : "KafkaV2[Subscribe[transactions]]",
    "startOffset" : {
      "transactions" : {
        "0" : 283
      }
    },
    "endOffset" : {
      "transactions" : {
        "0" : 283
      }
    },
    "latestOffset" : {
      "transactions" : {
        "0" : 283
      }
    },
    "numInputRows" : 0,
    "inputRowsPerSecond" : 0.0,
    "processedRowsPerSecond" : 0.0,
    "metrics" : {
      "avgOffsetsBehindLatest" : "0.0",
      "maxOffsetsBehindLatest" : "0",
      "minOffsetsBehindLatest" : "0"
    }
  } ],
  "sink" : {
    "description" : "org.apache.spark.sql.execution.streaming.ConsoleTable$@6e4ae8d1",
    "numOutputRows" : 0
  }
}
2025-11-09 03:35:38 [stream execution thread for [id = 7a53a007-fc5f-4b62-88f2-95a7e4acbf62, runId = 40354a01-ccb6-4dae-b705-87d59d863863]] INFO  o.a.s.s.e.s.MicroBatchExecution - Streaming query made progress: {
  "id" : "7a53a007-fc5f-4b62-88f2-95a7e4acbf62",
  "runId" : "40354a01-ccb6-4dae-b705-87d59d863863",
  "name" : null,
  "timestamp" : "2025-11-08T22:05:38.954Z",
  "batchId" : 30,
  "numInputRows" : 0,
  "inputRowsPerSecond" : 0.0,
  "processedRowsPerSecond" : 0.0,
  "durationMs" : {
    "latestOffset" : 2,
    "triggerExecution" : 2
  },
  "stateOperators" : [ ],
  "sources" : [ {
    "description" : "KafkaV2[Subscribe[transactions]]",
    "startOffset" : {
      "transactions" : {
        "0" : 283
      }
    },
    "endOffset" : {
      "transactions" : {
        "0" : 283
      }
    },
    "latestOffset" : {
      "transactions" : {
        "0" : 283
      }
    },
    "numInputRows" : 0,
    "inputRowsPerSecond" : 0.0,
    "processedRowsPerSecond" : 0.0,
    "metrics" : {
      "avgOffsetsBehindLatest" : "0.0",
      "maxOffsetsBehindLatest" : "0",
      "minOffsetsBehindLatest" : "0"
    }
  } ],
  "sink" : {
    "description" : "org.apache.spark.sql.execution.streaming.ConsoleTable$@6e4ae8d1",
    "numOutputRows" : 0
  }
}
2025-11-09 03:35:48 [shutdown-hook-0] INFO  org.apache.spark.SparkContext - Invoking stop() from shutdown hook
2025-11-09 03:35:48 [shutdown-hook-0] INFO  org.apache.spark.SparkContext - SparkContext is stopping with exitCode 0.
2025-11-09 03:35:48 [shutdown-hook-0] INFO  o.s.jetty.server.AbstractConnector - Stopped Spark@3258109f{HTTP/1.1, (http/1.1)}{0.0.0.0:4040}
2025-11-09 03:35:48 [shutdown-hook-0] INFO  org.apache.spark.ui.SparkUI - Stopped Spark web UI at http://127.0.0.1:4040
2025-11-09 03:35:48 [dispatcher-event-loop-6] INFO  o.a.s.MapOutputTrackerMasterEndpoint - MapOutputTrackerMasterEndpoint stopped!
2025-11-09 03:35:48 [shutdown-hook-0] INFO  o.a.spark.storage.memory.MemoryStore - MemoryStore cleared
2025-11-09 03:35:48 [shutdown-hook-0] INFO  o.apache.spark.storage.BlockManager - BlockManager stopped
2025-11-09 03:35:48 [shutdown-hook-0] INFO  o.a.spark.storage.BlockManagerMaster - BlockManagerMaster stopped
2025-11-09 03:35:48 [dispatcher-event-loop-1] INFO  o.a.s.s.OutputCommitCoordinator$OutputCommitCoordinatorEndpoint - OutputCommitCoordinator stopped!
2025-11-09 03:35:48 [shutdown-hook-0] INFO  org.apache.spark.SparkContext - Successfully stopped SparkContext
2025-11-09 03:35:48 [shutdown-hook-0] INFO  o.a.spark.util.ShutdownHookManager - Shutdown hook called
2025-11-09 03:35:48 [shutdown-hook-0] INFO  o.a.spark.util.ShutdownHookManager - Deleting directory /private/var/folders/d1/0lfypfw93vx8vhhstp40dlv40000gn/T/spark-39a69431-aad6-435d-b4cd-5248a7d4d5df
2025-11-09 03:35:48 [shutdown-hook-0] INFO  o.a.spark.util.ShutdownHookManager - Deleting directory /private/var/folders/d1/0lfypfw93vx8vhhstp40dlv40000gn/T/temporary-c0656fe9-68e0-4587-bcb3-94528327941d
